url	kind	is_pdf	cited_by
http://	live	-	build_persia_international_bank.py:-;build_persia_international_bank.py:LINK_PROVENANCE
http://mcafundingforchurches.co.uk/sitefiles/resources/pdf/pillar3disclosures2019.pdf	live	pdf	build_methodist_chapel_aid.py:-;build_methodist_chapel_aid.py:P3_2019_DEAD;build_methodist_chapel_aid.py:RWA_BREAKDOWN_SOURCES
http://sbiuk.statebank/documents/274771/0/SBIUK+Ltd+-+Annual+Report+++2024.pdf/80699e7d-ba2e-8cc6-6726-f8bc7058261f?t=1730125796286	live	-	build_state_bank_of_india_uk.py:-;build_state_bank_of_india_uk.py:FS2024
http://web.archive.org/cdx/search/cdx?url=mcafundingforchurches.co.uk&output=json&matchType=domain&collapse=urlkey&limit=5000	archive	-	build_methodist_chapel_aid.py:-
http://web.archive.org/web/20160316221826id_/http://www.persiabank.co.uk/Pillar3_disclosures_March%202015.pdf	archive	pdf	build_persia_international_bank.py:-;build_persia_international_bank.py:FY2015_P3_NOTE;build_persia_international_bank.py:PILLAR3_2015_URL
http://web.archive.org/web/20160826052010id_/http://www.zenith-bank.co.uk/uploads/ZBL_Pillar_3_Disclosure_Document_2014.pdf	archive	pdf	build_zenith.py:-;build_zenith.py:P3_2014_URL
http://web.archive.org/web/20161024202355id_/http://www.persiabank.co.uk/Pillar%203%20Disclosure%20as%20at%2031%20March%202016.pdf	archive	pdf	build_persia_international_bank.py:-;build_persia_international_bank.py:PILLAR3_2016_URL
http://web.archive.org/web/20161128044735id_/http://www.zenith-bank.co.uk/uploads/ZBL_Pillar_3_Disclosure_Document_2015.pdf	archive	pdf	build_zenith.py:-;build_zenith.py:P3_2015_URL
http://web.archive.org/web/20180902131909id_/http://www.persiabank.co.uk/Pillar%203%20Disclosure%20as%20at%2031_03_2018%20(final).pdf	archive	pdf	build_persia_international_bank.py:-;build_persia_international_bank.py:PILLAR3_2018_URL
http://web.archive.org/web/20200929085826id_/https://chetwood.co/static/ea27728be3ae831ddb0ef7888e332546/Pillar3Disclosures.pdf	archive	pdf	build_chetwood.py:-;build_chetwood.py:P3_20_URL;build_chetwood.py:RWA_BREAKDOWN_SOURCES
http://web.archive.org/web/20210830132929id_/https://chetwood.co/static/3d0ade6e892213e246ca03dc1d84b417/AnnualReport.pdf	archive	pdf	build_chetwood.py:-;build_chetwood.py:AR21_URL;build_chetwood.py:CASH_FLOW_SOURCES
http://web.archive.org/web/20211128171331id_/https://chetwood.co/static/221a3946677e4d8c49c5525d22f9b534/Pillar3Disclosures.pdf	archive	pdf	build_chetwood.py:-;build_chetwood.py:P3_21_URL;build_chetwood.py:RWA_BREAKDOWN_SOURCES
http://web.archive.org/web/20220125010012id_/http://www.persiabank.co.uk/Pillar%203%202020%20v7.pdf	archive	pdf	build_persia_international_bank.py:-;build_persia_international_bank.py:PILLAR3_2020_URL
http://web.archive.org/web/20221005205114id_/https://www.atombank.co.uk/~/docs/pillar-3-disclosures-18-19.pdf	archive	pdf	build_atom_bank.py:-;build_atom_bank.py:P3_FY19_URL;build_atom_bank.py:RWA_BREAKDOWN_SOURCES
http://web.archive.org/web/20221005211108id_/https://www.atombank.co.uk/~/docs/pillar-3-disclosures-17-18.pdf	archive	pdf	build_atom_bank.py:-;build_atom_bank.py:P3_FY18_URL;build_atom_bank.py:RWA_BREAKDOWN_SOURCES
http://web.archive.org/web/20221005211125id_/https://www.atombank.co.uk/~/docs/pillar-3-disclosures-16-17.pdf	archive	pdf	build_atom_bank.py:-;build_atom_bank.py:P3_FY17_URL;build_atom_bank.py:RWA_BREAKDOWN_SOURCES
http://web.archive.org/web/20221005223922id_/https://www.atombank.co.uk/~/docs/pillar-3-disclosures-19-20.pdf	archive	pdf	build_atom_bank.py:-;build_atom_bank.py:P3_FY20_URL;build_atom_bank.py:RWA_BREAKDOWN_SOURCES
http://web.archive.org/web/20230131231341id_/https://chetwood.co/static/7fbc3d1ed9c0913dca3435f640a5a570/AnnualReport.pdf	archive	pdf	build_chetwood.py:-;build_chetwood.py:AR22_URL;build_chetwood.py:ASSET_QUALITY_SOURCES;build_chetwood.py:CASH_FLOW_SOURCES;build_chetwood.py:STATEMENTS_SOURCES
http://web.archive.org/web/20230131235943id_/https://chetwood.co/static/815e2dd174c4655ddf55a93ca1029ce3/Pillar3Disclosures.pdf	archive	pdf	build_chetwood.py:-;build_chetwood.py:P3_22_URL
http://web.archive.org/web/20231210004904id_/https://www.recognisebank.co.uk/wp-content/uploads/2023/10/Pillar-3-disclosures-March-2023-RBL.pdf	archive	pdf	build_recognise_bank.py:-;build_recognise_bank.py:P3_23_URL;build_recognise_bank.py:RWA_SOURCES
http://web.archive.org/web/20240315022245id_/https://chetwood.co/static/330c40d433df90b83d3b3e5c673e21cc/Pillar3Disclosures.pdf	archive	pdf	build_chetwood.py:-;build_chetwood.py:P3_23_URL;build_chetwood.py:RWA_BREAKDOWN_SOURCES
http://web.archive.org/web/20240807115829/https://hblbankuk.com/wp-content/uploads/2023/06/HBL-UK-2022-Pillar-III-Disclosure-V1.pdf	archive	pdf	build_hbl_bank_uk.py:-;build_hbl_bank_uk.py:P3_2022_URL;build_hbl_bank_uk.py:RWA_SOURCES
http://web.archive.org/web/20240920030034id_/https://chetwood.co/static/97d26e488d5277699e5b9a9983db4d5b/AnnualReport.pdf	archive	pdf	build_chetwood.py:-;build_chetwood.py:AR24_URL;build_chetwood.py:ASSET_QUALITY_SOURCES;build_chetwood.py:CASH_FLOW_SOURCES;build_chetwood.py:STATEMENTS_SOURCES
http://web.archive.org/web/20250501130027/	archive	-	build_jp_morgan_europe.py:-
http://web.archive.org/web/20250501130027/https://jpmorganchaseco.gcs-web.com/static-files/a170e6df-d951-42fc-9897-2aa04d681885)	archive	-	build_jp_morgan_europe.py:-
http://web.archive.org/web/20260110002617id_/http://www.persiabank.co.uk/Pillar%203%202021%20v3.pdf	archive	pdf	build_persia_international_bank.py:-
http://web.archive.org/web/20260218212243/https://hblbankuk.com/wp-content/uploads/2025/05/Pillar-III-Disclosure-2024.pdf	archive	pdf	build_hbl_bank_uk.py:-;build_hbl_bank_uk.py:P3_2024_URL;build_hbl_bank_uk.py:RWA_SOURCES
http://web.archive.org/web/20260904134708/	archive	-	build_jp_morgan_europe.py:-
http://web.archive.org/web/20260904134708/https://jpmorganchaseco.gcs-web.com/static-files/a51475c0-d908-423e-b8de-6410d277a867	archive	-	build_jp_morgan_europe.py:-
http://www.crownagentsbank.com/wp-content/uploads/2025/09/2023_cab_pillar_3_disclosures_final.pdf	live	pdf	build_crown_agents_bank.py:-;build_crown_agents_bank.py:P3_2023_URL
http://www.crownagentsbank.com/wp-content/uploads/2025/09/cab_2021_financial_statements_1_apr.pdf	live	pdf	build_crown_agents_bank.py:-;build_crown_agents_bank.py:AR2021_URL;build_crown_agents_bank.py:CASH_FLOW_SOURCES;build_crown_agents_bank.py:STATEMENTS_SOURCES
http://www.crownagentsbank.com/wp-content/uploads/2025/09/cab_financial_statements_2022_signed_19_april_formatted_version.pdf	live	pdf	build_crown_agents_bank.py:-;build_crown_agents_bank.py:AR2022_URL;build_crown_agents_bank.py:CASH_FLOW_SOURCES;build_crown_agents_bank.py:STATEMENTS_SOURCES
http://www.crownagentsbank.com/wp-content/uploads/2025/09/cab_fs_ye_2023_signed_3_april_2024_audited.pdf	live	pdf	build_crown_agents_bank.py:-;build_crown_agents_bank.py:AR2023_URL;build_crown_agents_bank.py:ASSET_QUALITY_SOURCES;build_crown_agents_bank.py:CASH_FLOW_SOURCES;build_crown_agents_bank.py:STATEMENTS_SOURCES
http://www.crownagentsbank.com/wp-content/uploads/2025/09/cab_pillar_3_-_document_2024_post_bac.pdf	live	pdf	build_crown_agents_bank.py:-;build_crown_agents_bank.py:P3_2024_URL
http://www.crownagentsbank.com/wp-content/uploads/2025/09/cab_pillar_3_disclosures_2022_v3.pdf	live	pdf	build_crown_agents_bank.py:-;build_crown_agents_bank.py:P3_2022_URL
http://www.hib.uk.com/annrep.html	live	-	build_havin_bank.py:-
http://www.hib.uk.com/hibacc2024.pdf	live	pdf	build_havin_bank.py:-
http://www.persiabank.co.uk/	live	-	build_persia_international_bank.py:-;build_persia_international_bank.py:LINK_PROVENANCE;build_persia_international_bank.py:NOT_DISCLOSED;build_persia_international_bank.py:P3_CESSATION_NOTE
http://www.persiabank.co.uk/Pillar%203%202021%20v3.pdf	live	pdf	build_persia_international_bank.py:-;build_persia_international_bank.py:PILLAR3_2021_URL
http://www.ubs.com	live	-	build_credit_suisse_international.py:-
https://	live	-	build_kexim_bank_uk.py:-;build_kexim_bank_uk.py:PILLAR3_ACCESS_NOTE;build_persia_international_bank.py:-;build_persia_international_bank.py:LINK_PROVENANCE
https://afinbank.com/about/annual-reports-and-disclosures/	live	-	build_afin_bank.py:-;build_afin_bank.py:P3_SOURCES
https://afinbank.com/wp-content/uploads/2025/09/Afin-Bank-2024-Pillar-3-Disclosures-FINAL.pdf	live	pdf	build_afin_bank.py:-;build_afin_bank.py:ASSET_QUALITY_SOURCES;build_afin_bank.py:P3_2024_URL;build_afin_bank.py:P3_SOURCES;build_afin_bank.py:RWA_BREAKDOWN_SOURCES
https://afinbank.com/wp-content/uploads/2025/09/Afin-Bank-Ltd-Year-End-Accounts-FV24-FINAL-SIGNED.pdf	live	pdf	build_afin_bank.py:-;build_afin_bank.py:AR_2024_URL;build_afin_bank.py:ASSET_QUALITY_SOURCES;build_afin_bank.py:BALANCE_SHEET_SOURCES;build_afin_bank.py:CASH_FLOW_SOURCES;build_afin_bank.py:EQUITY_CHANGES_SOURCES;build_afin_bank.py:INCOME_STATEMENT_SOURCES
https://aib.ie/content/dam/frontdoor/investorrelations/docs/resultscentre/annualreport/2022/AIB-Group-UK-p.l.c-Annual-Financial-Report-2022.pdf	live	pdf	build_aib_uk.py:-;build_aib_uk.py:AR2022_URL;build_aib_uk.py:ASSET_QUALITY_SOURCES;build_aib_uk.py:BALANCE_SHEET_SOURCES;build_aib_uk.py:CASH_FLOW_SOURCES;build_aib_uk.py:EQUITY_CHANGES_SOURCES;build_aib_uk.py:INCOME_STATEMENT_SOURCES
https://aib.ie/content/dam/frontdoor/investorrelations/docs/resultscentre/annualreport/2023/aib-group-uk-plc-annual-financial-report-2023.pdf	live	pdf	build_aib_uk.py:-;build_aib_uk.py:AR2023_URL;build_aib_uk.py:ASSET_QUALITY_SOURCES;build_aib_uk.py:BALANCE_SHEET_SOURCES;build_aib_uk.py:CASH_FLOW_SOURCES;build_aib_uk.py:EQUITY_CHANGES_SOURCES;build_aib_uk.py:INCOME_STATEMENT_SOURCES;build_aib_uk.py:RWA_BREAKDOWN_SOURCES
https://alphabanklondon.co.uk/wp-content/uploads/2020/05/ABL-Financial-Statements-2019-1.pdf	live	pdf	build_alpha_bank_london.py:-;build_alpha_bank_london.py:AR19_URL_DEAD;build_alpha_bank_london.py:ASSET_QUALITY_SOURCES;build_alpha_bank_london.py:BALANCE_SHEET_SOURCES;build_alpha_bank_london.py:CASH_FLOW_SOURCES;build_alpha_bank_london.py:ENTITY_NOTE;build_alpha_bank_london.py:EQUITY_CHANGES_SOURCES;build_alpha_bank_london.py:INCOME_STATEMENT_SOURCES;build_alpha_bank_london.py:LINK_PROVENANCE;build_alpha_bank_london.py:RWA_BREAKDOWN_SOURCES
https://arabbankeurope.com/	live	-	build_arab_bank_europe.py:-;build_arab_bank_europe.py:FY2324_ONLY_NOTE;build_arab_bank_europe.py:NOT_DISCLOSED_NOTE;build_arab_bank_europe.py:SDDT_NOTE
https://arabbankeurope.com/downloads/pillar-iii-disclosures/	live	-	build_arab_bank_europe.py:-;build_arab_bank_europe.py:RWA_NOT_DISCLOSED_NOTE
https://arabbankeurope.com/wp-content/uploads/202602_EABAnnualReport_v9.pdf	live	pdf	build_arab_bank_europe.py:-;build_arab_bank_europe.py:RWA_NOT_DISCLOSED_NOTE
https://assets.ctfassets.net/056oa4qkl0n4/3IhfDT5SeXi0hEaeG4qX3P/066a72110553dbd149a1e9e27c095ffb/2021_Pillar_3_Disclosures_document.pdf	live	pdf	build_monument_bank.py:-;build_monument_bank.py:P3_21_URL;build_monument_bank.py:P3_SOURCES
https://assets.ctfassets.net/xzmqg68ot16t/1aUkuB7BcAd8Pj5Kq0RNqh/101ced4af6be2d55cd37fad3542829b2/Cynergy_Bank_-_Annual_Report_2025.pdf	live	pdf	build_cynergy_bank.py:-;build_cynergy_bank.py:AR2025_URL;build_cynergy_bank.py:ASSET_QUALITY_SOURCES;build_cynergy_bank.py:CASH_FLOW_SOURCES;build_cynergy_bank.py:STATEMENTS_SOURCES
https://assets.ctfassets.net/xzmqg68ot16t/2AeSbXsBP7fwKhngGTLWxb/ca86e60128ab83d41842b85ae74aa326/Annual_Report_2024.pdf	live	pdf	build_cynergy_bank.py:-;build_cynergy_bank.py:AR2024_URL;build_cynergy_bank.py:ASSET_QUALITY_SOURCES;build_cynergy_bank.py:CASH_FLOW_SOURCES;build_cynergy_bank.py:STATEMENTS_SOURCES
https://assets.ctfassets.net/xzmqg68ot16t/2oPLoaeUJ2c4kRJcNMSyMp/54230fc39821a0d6ede6f81f1c7528ce/Cynergy_Bank_Limited_-_Annual_Report_2023.pdf	live	pdf	build_cynergy_bank.py:-;build_cynergy_bank.py:AR2023_URL;build_cynergy_bank.py:ASSET_QUALITY_SOURCES;build_cynergy_bank.py:CASH_FLOW_SOURCES;build_cynergy_bank.py:STATEMENTS_SOURCES
https://assets.ctfassets.net/xzmqg68ot16t/2v6FmkY7vFJwKVYPsdkTkg/2c74d882695a4854e99edf9a78ac6b00/cynergy-bank-pillar-3-2021.pdf	live	pdf	build_cynergy_bank.py:-;build_cynergy_bank.py:P3_2021_CDN_URL
https://assets.ctfassets.net/xzmqg68ot16t/3qKJzsAiu3dGAA2EQBSzPo/bbb85f662bef802d29fb7144d087c761/cynergy-bank-2022-pillar-3-disclosures.pdf	live	pdf	build_cynergy_bank.py:-;build_cynergy_bank.py:P3_2022_CDN_URL
https://assets.ctfassets.net/xzmqg68ot16t/5lTzyJuIg2zRrc7GGyH6Gv/6eb39217d6164e649f946b7aed50a0cb/Cynergy_Bank_Pillar_3_Disclosures_2023.pdf	live	pdf	build_cynergy_bank.py:-;build_cynergy_bank.py:P3_2023_URL
https://assets.gatehousebank.com/production/downloads/Gatehouse-Bank-Annual-Report-2021-FINAL-web.pdf	live	pdf	build_gatehouse.py:-;build_gatehouse.py:AR2021_URL;build_gatehouse.py:CASH_FLOW_SOURCES;build_gatehouse.py:STATEMENTS_SOURCES
https://assets.gatehousebank.com/production/downloads/Gatehouse-Bank-Annual-Report-2025.pdf	live	pdf	build_gatehouse.py:-;build_gatehouse.py:AR2025_URL;build_gatehouse.py:CASH_FLOW_SOURCES;build_gatehouse.py:STATEMENTS_SOURCES
https://assets.gatehousebank.com/production/downloads/Gatehouse-Bank-Pillar-III-Disclosure-2021-FINAL_2022-08-23-154942_nofu.pdf	live	pdf	build_gatehouse.py:-;build_gatehouse.py:P3_2021_URL
https://assets.gatehousebank.com/production/downloads/Gatehouse-Bank-Pillar-III-Disclosure-2023-FINAL.pdf	live	pdf	build_gatehouse.py:-;build_gatehouse.py:P3_2023_URL
https://assets.gatehousebank.com/production/downloads/Gatehouse-Bank-Pillar-III-Disclosure-2024-FINAL.pdf	live	pdf	build_gatehouse.py:-;build_gatehouse.py:P3_2024_URL
https://assets.gatehousebank.com/production/downloads/gatehousebankannualreport2017-wesbite2.pdf	live	pdf	build_gatehouse.py:-;build_gatehouse.py:AR2017_URL;build_gatehouse.py:CASH_FLOW_SOURCES;build_gatehouse.py:ENTITY_NOTE;build_gatehouse.py:STATEMENTS_SOURCES
https://assets.gatehousebank.com/production/downloads/gatehousebankpillariiidisclosure2017.pdf	live	pdf	build_gatehouse.py:-;build_gatehouse.py:CASH_FLOW_SOURCES;build_gatehouse.py:ENTITY_NOTE;build_gatehouse.py:P3_2017_URL;build_gatehouse.py:STATEMENTS_SOURCES
https://assets.gatehousebank.com/production/downloads/gatehousebankpillariiidisclosure2017.pdf)	live	-	build_gatehouse.py:-
https://assets.santandermedia.com/adobe/assets/urn:aaid:aem:3af8ccd7-5ee0-4196-9577-83a30558e64c/original/as/02536CCAA25SantanderFinancialServicesPlc.pdf	live	pdf	build_santander_financial_services.py:-;build_santander_financial_services.py:AQ_SOURCES;build_santander_financial_services.py:AR2025;build_santander_financial_services.py:CAPITAL_SOURCES;build_santander_financial_services.py:CASH_SOURCES;build_santander_financial_services.py:LIQ_SOURCES;build_santander_financial_services.py:STATEMENT_SOURCES
https://assets.santandermedia.com/adobe/assets/urn:aaid:aem:58592004-0ef9-4156-9df8-367908fc81a9/original/as/sfs_2021_annual_report.pdf	live	pdf	build_santander_financial_services.py:-;build_santander_financial_services.py:AQ_SOURCES;build_santander_financial_services.py:AR2021;build_santander_financial_services.py:CAPITAL_SOURCES;build_santander_financial_services.py:CASH_SOURCES;build_santander_financial_services.py:LIQ_SOURCES;build_santander_financial_services.py:STATEMENT_SOURCES
https://assets.santandermedia.com/adobe/assets/urn:aaid:aem:8da5f087-d631-4188-9c9c-9671410070c5/original/as/sfs_annual_report_2023.pdf	live	pdf	build_santander_financial_services.py:-;build_santander_financial_services.py:AQ_SOURCES;build_santander_financial_services.py:AR2023;build_santander_financial_services.py:CAPITAL_SOURCES;build_santander_financial_services.py:CASH_SOURCES;build_santander_financial_services.py:LIQ_SOURCES;build_santander_financial_services.py:STATEMENT_SOURCES
https://assets.santandermedia.com/adobe/assets/urn:aaid:aem:f15fea69-5780-484a-bb22-ce42b29eeac3/original/as/santander_financial_services_plc_2022_annual_report.pdf	live	pdf	build_santander_financial_services.py:-;build_santander_financial_services.py:AR2022;build_santander_financial_services.py:CAPITAL_SOURCES;build_santander_financial_services.py:CASH_SOURCES;build_santander_financial_services.py:LIQ_SOURCES;build_santander_financial_services.py:STATEMENT_SOURCES
https://assets.unity.co.uk/2022/08/PILLAR3-2021-FINAL.pdf	live	pdf	build_unity_trust.py:-;build_unity_trust.py:P3_2021_URL;build_unity_trust.py:RWA_BREAKDOWN_SOURCES
https://assets.unity.co.uk/2022/08/Unity-Trust-Bank_Report-and-Accounts-2021.pdf	live	pdf	build_unity_trust.py:-;build_unity_trust.py:AR2021_URL;build_unity_trust.py:ASSET_QUALITY_SOURCES;build_unity_trust.py:CASH_FLOW_SOURCES;build_unity_trust.py:STATEMENTS_SOURCES
https://assets.unity.co.uk/2023/03/Unity-Trust-Bank_2022-Pillar-3-Disclosures.pdf	live	pdf	build_unity_trust.py:-;build_unity_trust.py:P3_2022_URL
https://assets.unity.co.uk/U798_0324_Unity_Trust_Bank_Annual-Report-and-Accounts_2023.pdf	live	pdf	build_unity_trust.py:-;build_unity_trust.py:AR2023_URL;build_unity_trust.py:ASSET_QUALITY_SOURCES;build_unity_trust.py:CASH_FLOW_SOURCES;build_unity_trust.py:STATEMENTS_SOURCES
https://assets.unity.co.uk/Unity-Trust-Bank-Annual-Report-and-Accounts-2024.pdf	live	pdf	build_unity_trust.py:-;build_unity_trust.py:AR2024_URL;build_unity_trust.py:ASSET_QUALITY_SOURCES;build_unity_trust.py:CASH_FLOW_SOURCES
https://assets.unity.co.uk/Unity-Trust-Bank-Annual-Report-and-Accounts-2025.pdf	live	pdf	build_unity_trust.py:-;build_unity_trust.py:AR2025_URL;build_unity_trust.py:ASSET_QUALITY_SOURCES;build_unity_trust.py:CASH_FLOW_SOURCES;build_unity_trust.py:STATEMENTS_SOURCES
https://assets.unity.co.uk/Unity-Trust-Bank-PILLAR3-2019.pdf	live	pdf	build_unity_trust.py:-;build_unity_trust.py:P3_2019_URL;build_unity_trust.py:RWA_BREAKDOWN_SOURCES
https://assets.unity.co.uk/Unity-Trust-Bank-PILLAR3-2023-1.pdf	live	pdf	build_unity_trust.py:-;build_unity_trust.py:P3_2023_URL;build_unity_trust.py:RWA_BREAKDOWN_SOURCES
https://assets.unity.co.uk/Unity-Trust-Bank-PILLAR3-2024.pdf	live	pdf	build_unity_trust.py:-;build_unity_trust.py:P3_2024_URL
https://assets.unity.co.uk/Unity-Trust-Bank-PILLAR3-2025-1.pdf	live	pdf	build_unity_trust.py:-;build_unity_trust.py:P3_2025_URL;build_unity_trust.py:RWA_BREAKDOWN_SOURCES
https://assets.website-files.com/62a364a1705cce548303c9aa/6337028c7519c4c08e1b5d54_TML_Pillar%203%202021.12.31_Board.pdf	live	pdf	build_tandem.py:-;build_tandem.py:P3_2021_URL;build_tandem.py:RWA_BREAKDOWN_SOURCES
https://bankofceylon.co.uk/downloads/corporate/BOCUK_Financial_statements_2023.pdf	live	pdf	build_bank_of_ceylon_uk.py:-
https://brownshipley.com/media/o4tl2pod/pillar-3-disclosure-2024-final-draft_cleanv2.pdf	live	pdf	build_brown_shipley.py:-;build_brown_shipley.py:P3_2024_URL;build_brown_shipley.py:TOTAL_CAPITAL_SOURCES
https://ccbank.co.uk/wp-content/uploads/2021/05/CCB-Pillar-3-2017.pdf	live	pdf	build_cambridge_and_counties.py:-;build_cambridge_and_counties.py:P3_2017_URL;build_cambridge_and_counties.py:RWA_BREAKDOWN_SOURCES
https://ccbank.co.uk/wp-content/uploads/2021/05/CCB-Pillar-3-2018.pdf	live	pdf	build_cambridge_and_counties.py:-;build_cambridge_and_counties.py:P3_2018_URL;build_cambridge_and_counties.py:RWA_BREAKDOWN_SOURCES
https://ccbank.co.uk/wp-content/uploads/2021/05/CCB-Pillar-3-2019.pdf	live	pdf	build_cambridge_and_counties.py:-;build_cambridge_and_counties.py:P3_2019_URL;build_cambridge_and_counties.py:RWA_BREAKDOWN_SOURCES
https://ccbank.co.uk/wp-content/uploads/2021/05/CCB-Pillar-3-Disclosures-2015.pdf	live	pdf	build_cambridge_and_counties.py:-;build_cambridge_and_counties.py:P3_2015_URL
https://ccbank.co.uk/wp-content/uploads/2021/05/CCB-Pillar-3-Disclosures-2016.pdf	live	pdf	build_cambridge_and_counties.py:-;build_cambridge_and_counties.py:P3_2016_URL;build_cambridge_and_counties.py:RWA_BREAKDOWN_SOURCES
https://ccbank.co.uk/wp-content/uploads/2021/07/CCB-Pillar-3-2020.pdf	live	pdf	build_cambridge_and_counties.py:-;build_cambridge_and_counties.py:P3_2020_URL;build_cambridge_and_counties.py:RWA_BREAKDOWN_SOURCES
https://ccbank.co.uk/wp-content/uploads/2022/06/CCB_Pillar-3-2021.pdf	live	pdf	build_cambridge_and_counties.py:-;build_cambridge_and_counties.py:P3_2021_URL
https://ccbank.co.uk/wp-content/uploads/2023/05/Pillar-3-Disclosure2022.pdf	live	pdf	build_cambridge_and_counties.py:-;build_cambridge_and_counties.py:P3_2022_URL;build_cambridge_and_counties.py:RWA_BREAKDOWN_SOURCES
https://ccbank.co.uk/wp-content/uploads/2023/06/CCB_Annual-Report_2022.pdf	live	pdf	build_cambridge_and_counties.py:-;build_cambridge_and_counties.py:AR2022_URL;build_cambridge_and_counties.py:ASSET_QUALITY_SOURCES;build_cambridge_and_counties.py:CASH_FLOW_SOURCES;build_cambridge_and_counties.py:STATEMENTS_SOURCES
https://ccbank.co.uk/wp-content/uploads/2024/05/Pillar-3-report-2023-Cambridge-Counties-Bank.docx	live	-	build_cambridge_and_counties.py:-;build_cambridge_and_counties.py:P3_2023_URL;build_cambridge_and_counties.py:RWA_BREAKDOWN_SOURCES
https://ccbank.co.uk/wp-content/uploads/2025/05/86395_CCB-2024-Annual-Report-web.pdf	live	pdf	build_cambridge_and_counties.py:-;build_cambridge_and_counties.py:AR2024_URL;build_cambridge_and_counties.py:ASSET_QUALITY_SOURCES;build_cambridge_and_counties.py:CASH_FLOW_SOURCES;build_cambridge_and_counties.py:STATEMENTS_SOURCES
https://ccbank.co.uk/wp-content/uploads/2025/05/Pillar-3-report-CCB-2024.docx	live	-	build_cambridge_and_counties.py:-;build_cambridge_and_counties.py:P3_2024_URL;build_cambridge_and_counties.py:RWA_BREAKDOWN_SOURCES
https://ccbank.co.uk/wp-content/uploads/2026/04/Cambridge__Counties-Bank_Annual-Report_2025.pdf	live	pdf	build_cambridge_and_counties.py:-;build_cambridge_and_counties.py:AR2025_URL;build_cambridge_and_counties.py:ASSET_QUALITY_SOURCES;build_cambridge_and_counties.py:CASH_FLOW_SOURCES;build_cambridge_and_counties.py:STATEMENTS_SOURCES
https://cdn.craft.cloud/019db931-b985-7148-ac09-8f1d1e20d1a6/assets/content/hampden/content/Hampden-Bank-Annual-Report-and-Financial-Statements-2024.pdf	live	pdf	build_hampden_co.py:-;build_hampden_co.py:AR2024_URL;build_hampden_co.py:CASH_FLOW_SOURCES;build_hampden_co.py:STATEMENTS_SOURCES
https://cdn.craft.cloud/019db931-b985-7148-ac09-8f1d1e20d1a6/assets/content/hampden/content/Hampden-Co-2022-Annual-Report-and-Financial-Statements.pdf	live	pdf	build_hampden_co.py:-;build_hampden_co.py:AR2022_URL;build_hampden_co.py:CASH_FLOW_SOURCES;build_hampden_co.py:STATEMENTS_SOURCES
https://cdn.craft.cloud/019db931-b985-7148-ac09-8f1d1e20d1a6/assets/content/hampden/content/Hampden-Co-Annual-Report-2021.pdf	live	pdf	build_hampden_co.py:-;build_hampden_co.py:AR2021_URL;build_hampden_co.py:CASH_FLOW_SOURCES;build_hampden_co.py:STATEMENTS_SOURCES
https://cdn.craft.cloud/019db931-b985-7148-ac09-8f1d1e20d1a6/assets/content/hampden/content/Hampden-Co-Annual-Report-and-Financial-Statements-2023.pdf	live	pdf	build_hampden_co.py:-;build_hampden_co.py:AR2023_URL;build_hampden_co.py:CASH_FLOW_SOURCES;build_hampden_co.py:STATEMENTS_SOURCES
https://cdn.craft.cloud/019db931-b985-7148-ac09-8f1d1e20d1a6/assets/content/hampden/content/Hampden-Co-plc-2023-Pillar-3-Disclosures.pdf	live	pdf	build_hampden_co.py:-;build_hampden_co.py:P3_2023_URL
https://cdn.craft.cloud/019db931-b985-7148-ac09-8f1d1e20d1a6/assets/content/hampden/content/Hampden_Bank_Annual_Report_2025_2026-06-09-100801_cggc.pdf	live	pdf	build_hampden_co.py:-;build_hampden_co.py:AR2025_URL;build_hampden_co.py:CASH_FLOW_SOURCES;build_hampden_co.py:STATEMENTS_SOURCES
https://cdn.prod.website-files.com/62b1c54534b6a11713c35c02/66a0e99ad693a6e63fe72544_TML_Pillar%203%202023%20Final.pdf	live	pdf	build_tandem.py:-;build_tandem.py:P3_2023_URL;build_tandem.py:RWA_BREAKDOWN_SOURCES
https://cdn.prod.website-files.com/62b1c54534b6a11713c35c02/680f52c61791aa8addbecd66_TML_Pillar%203%202024%20Final.pdf	live	pdf	build_tandem.py:-;build_tandem.py:P3_2024_URL;build_tandem.py:RWA_BREAKDOWN_SOURCES
https://cdn.prod.website-files.com/62b1c54534b6a11713c35c02/6a1da906ea626c65de0ea1b6_TML_Pillar%203%202025%20Final.pdf	live	pdf	build_tandem.py:-;build_tandem.py:P3_2025_URL;build_tandem.py:RWA_BREAKDOWN_SOURCES
https://cdn.prod.website-files.com/6435124ea79f72c265f72807/6489c5a09d3686a31e3ae73d_Monument_Bank_Limited_2020_Annual_Report.pdf	live	pdf	build_monument_bank.py:-;build_monument_bank.py:P3_SOURCES;build_monument_bank.py:WEB_AR20_URL
https://cdn.prod.website-files.com/6435124ea79f72c265f72807/65168a20ee9b129fb0cb9fe3_Monument%20Bank%20Pillar%203%20Report.pdf	live	pdf	build_monument_bank.py:-;build_monument_bank.py:P3_22_URL;build_monument_bank.py:P3_SOURCES
https://cdn.prod.website-files.com/6435124ea79f72c265f72807/66f410fafb215ace68a82827_Monument%20Bank%20Pillar%203%20Report.pdf	live	pdf	build_monument_bank.py:-;build_monument_bank.py:P3_23_URL;build_monument_bank.py:P3_SOURCES
https://cdn.prod.website-files.com/6435124ea79f72c265f72807/66f6d2535d967ffe1afc3061_Monument%20Bank%20FY23.pdf	live	pdf	build_monument_bank.py:-;build_monument_bank.py:P3_SOURCES;build_monument_bank.py:WEB_AR23_URL
https://cdn.prod.website-files.com/6435124ea79f72c265f72807/68948defbf0375a1d85d11f9_Monument%20Bank%202024.pdf	live	pdf	build_monument_bank.py:-;build_monument_bank.py:P3_SOURCES;build_monument_bank.py:WEB_AR24_URL
https://cdn.prod.website-files.com/67cb23eaf0c6c4d4080e059a/686301edbbd3ea24c5c8059f_mizuho_annual_report_2024_final_v02.pdf	live	pdf	build_mizuho_international.py:-
https://cdn.prod.website-files.com/67cb23eaf0c6c4d4080e059a/6863021624e9468651ae2fbd_mizuho_annual_report_2023_final_02.pdf	live	pdf	build_mizuho_international.py:-
https://cdn.prod.website-files.com/67cb23eaf0c6c4d4080e059a/686302389cf6e01446043fd2_2022-mizuho-international-plc-annual-report.pdf	live	pdf	build_mizuho_international.py:-
https://cdn.prod.website-files.com/67cb23eaf0c6c4d4080e059a/686302637f7fc2c72f2e2f59_2021-mizuho-international-plc-annual-report.pdf	live	pdf	build_mizuho_international.py:-
https://cdn.prod.website-files.com/67cb23eaf0c6c4d4080e059a/6863028d4802cdc23dd6552c_2020-mizuho-international-plc-annual-report.pdf	live	pdf	build_mizuho_international.py:-
https://cdn.prod.website-files.com/67cb23eaf0c6c4d4080e059a/686302ac32d1c7376f1f1877_2019-mizuho-international-plc-annual-report.pdf	live	pdf	build_mizuho_international.py:-
https://cdn.prod.website-files.com/67cb23eaf0c6c4d4080e059a/686302c5e1d535ec3306fbee_2018-mizuho-international-plc-annual-report-1.pdf	live	pdf	build_mizuho_international.py:-
https://cdn.prod.website-files.com/67cb23eaf0c6c4d4080e059a/686302d732d1c7376f1f2ad2_2017-mizuho-international-plc-annual-report.pdf	live	pdf	build_mizuho_international.py:-
https://cdn.prod.website-files.com/67cb23eaf0c6c4d4080e059a/686302eda925dd5c1687cecd_2016-mizuho-international-plc-annual-report.pdf	live	pdf	build_mizuho_international.py:-
https://cdn.prod.website-files.com/67cb23eaf0c6c4d4080e059a/68630302eca4998ff565c8ea_2015-mizuho-international-plc-annual-report.pdf	live	pdf	build_mizuho_international.py:-
https://cdn.prod.website-files.com/67cb23eaf0c6c4d4080e059a/6864747a2fb833ca68387b1e_mhi-consolidated-pillar-3-disclosure-2024-final.pdf	live	pdf	build_mizuho_international.py:-
https://cdn.prod.website-files.com/67cb23eaf0c6c4d4080e059a/68647496be5f9b72fe43c3f9_mhi-consolidated-pillar-3-disclosure-2023-final.pdf	live	pdf	build_mizuho_international.py:-
https://cdn.prod.website-files.com/67cb23eaf0c6c4d4080e059a/686474abd90349ac917e208a_2022-mhi-consolidated-pillar-3-disclosure.pdf	live	pdf	build_mizuho_international.py:-
https://cdn.prod.website-files.com/67cb23eaf0c6c4d4080e059a/6864754eb71eb72dcfb8ec06_2021-mizuho-international-plc-pillar-3-disclosure.pdf	live	pdf	build_mizuho_international.py:-
https://cdn.prod.website-files.com/67cb23eaf0c6c4d4080e059a/686475629a3272fed34cef93_2020-pillar-3-disclosure.pdf	live	pdf	build_mizuho_international.py:-
https://cdn.prod.website-files.com/67cb23eaf0c6c4d4080e059a/686475789a3272fed34cf5a7_2019-pillar-3-disclosure.pdf	live	pdf	build_mizuho_international.py:-
https://cdn.prod.website-files.com/67cb23eaf0c6c4d4080e059a/6864758d6847432aa76ef044_2018-pillar-3-disclosure.pdf	live	pdf	build_mizuho_international.py:-
https://cdn.prod.website-files.com/67cb23eaf0c6c4d4080e059a/6864759fa4cb331151bf5ee9_2017-pillar-3-disclosure.pdf	live	pdf	build_mizuho_international.py:-
https://cdn.prod.website-files.com/67cb23eaf0c6c4d4080e059a/686475b6c99b915dfa9735fb_2016-pillar-3-disclosure.pdf	live	pdf	build_mizuho_international.py:-
https://cdn.prod.website-files.com/67cb23eaf0c6c4d4080e059a/686475c97ce484821ccefc82_2015-pillar-3-disclosure.pdf	live	pdf	build_mizuho_international.py:-
https://cdn.prod.website-files.com/67cb23eaf0c6c4d4080e059a/686475e150ef186144c44568_2014-pillar-3-disclosure.pdf	live	pdf	build_mizuho_international.py:-
https://cdn.prod.website-files.com/67cb23eaf0c6c4d4080e059a/6949753a5e4af5e79887a666_MIzuho_MHI_Annual_Report_2025.pdf	live	pdf	build_mizuho_international.py:-
https://cdn.prod.website-files.com/67cb23eaf0c6c4d4080e059a/6a903f20d82fcd0100158b9f_MHI%20consolidated%20Pillar%203%20disclosure%202025.pdf	live	pdf	build_mizuho_international.py:-
https://chetwoodbank.co.uk/documents/chetwood-bank-annual-report.pdf	live	pdf	build_chetwood.py:-;build_chetwood.py:AR25_URL;build_chetwood.py:ASSET_QUALITY_SOURCES;build_chetwood.py:CASH_FLOW_SOURCES;build_chetwood.py:STATEMENTS_SOURCES
https://chetwoodbank.co.uk/documents/chetwood-bank-pillar-three-disclosures.pdf	live	pdf	build_chetwood.py:-;build_chetwood.py:P3_25_URL;build_chetwood.py:RWA_BREAKDOWN_SOURCES
https://clear.bank/uploads/assets/ClearBank-Annual-Report-2016.pdf	live	pdf	build_clearbank.py:-;build_clearbank.py:AR2016_URL
https://clear.bank/uploads/assets/ClearBank-Annual-Report-2017.pdf	live	pdf	build_clearbank.py:-;build_clearbank.py:AR2017_URL;build_clearbank.py:ASSET_QUALITY_SOURCES;build_clearbank.py:CASH_FLOW_SOURCES;build_clearbank.py:RWA_SOURCES;build_clearbank.py:STATEMENTS_SOURCES
https://clear.bank/uploads/assets/ClearBank-Annual-Report-2018.pdf	live	pdf	build_clearbank.py:-;build_clearbank.py:AR2018_URL;build_clearbank.py:ASSET_QUALITY_SOURCES;build_clearbank.py:CASH_FLOW_SOURCES;build_clearbank.py:RWA_SOURCES;build_clearbank.py:STATEMENTS_SOURCES
https://clear.bank/uploads/assets/ClearBank-Annual-Report-2019.pdf	live	pdf	build_clearbank.py:-;build_clearbank.py:AR2019_URL;build_clearbank.py:ASSET_QUALITY_SOURCES;build_clearbank.py:CASH_FLOW_SOURCES;build_clearbank.py:RWA_SOURCES;build_clearbank.py:STATEMENTS_SOURCES
https://clear.bank/uploads/assets/ClearBank-Annual-Report-2020.pdf	live	pdf	build_clearbank.py:-;build_clearbank.py:AR2020_URL;build_clearbank.py:ASSET_QUALITY_SOURCES;build_clearbank.py:CASH_FLOW_SOURCES;build_clearbank.py:STATEMENTS_SOURCES
https://clear.bank/uploads/assets/ClearBank-Annual-Report-2021.pdf	live	pdf	build_clearbank.py:-;build_clearbank.py:AR2021_URL;build_clearbank.py:CASH_FLOW_SOURCES;build_clearbank.py:STATEMENTS_SOURCES
https://clear.bank/uploads/assets/ClearBank-Annual-Report-2025.pdf	live	pdf	build_clearbank.py:-;build_clearbank.py:AR2025_URL;build_clearbank.py:ASSET_QUALITY_SOURCES;build_clearbank.py:CASH_FLOW_SOURCES;build_clearbank.py:STATEMENTS_SOURCES
https://clear.bank/uploads/assets/ClearBank-Annual-Report-and-Accounts-2023.pdf	live	pdf	build_clearbank.py:-;build_clearbank.py:AR2023_URL;build_clearbank.py:ASSET_QUALITY_SOURCES;build_clearbank.py:CASH_FLOW_SOURCES;build_clearbank.py:STATEMENTS_SOURCES
https://clear.bank/uploads/assets/ClearBank-Annual-Report-and-Accounts_2022.pdf	live	pdf	build_clearbank.py:-;build_clearbank.py:AR2022_URL;build_clearbank.py:ASSET_QUALITY_SOURCES;build_clearbank.py:CASH_FLOW_SOURCES;build_clearbank.py:STATEMENTS_SOURCES
https://clear.bank/uploads/assets/ClearBank-Pillar-3-2022.pdf	live	pdf	build_clearbank.py:-;build_clearbank.py:P3_2022_URL;build_clearbank.py:RWA_SOURCES
https://clear.bank/uploads/assets/ClearBank-Pillar-3-2025.pdf	live	pdf	build_clearbank.py:-;build_clearbank.py:P3_2025_URL;build_clearbank.py:RWA_SOURCES
https://clear.bank/uploads/assets/ClearBank-Pillar-3-Disclosure-2023.pdf	live	pdf	build_clearbank.py:-;build_clearbank.py:P3_2023_URL;build_clearbank.py:RWA_SOURCES
https://clear.bank/uploads/assets/ClearBank-Pillar-3-disclosure-2021.pdf	live	pdf	build_clearbank.py:-;build_clearbank.py:P3_2021_URL;build_clearbank.py:RWA_SOURCES
https://cms.griffin.com/griffin-assets/Griffin_Bank_Ltd_2023_Annual_Report_and_Financial_Statements_9c92dd2876.pdf	live	pdf	build_griffin_bank.py:-;build_griffin_bank.py:AR2023_URL;build_griffin_bank.py:CASH_FLOW_SOURCES;build_griffin_bank.py:STATEMENTS_SOURCES
https://cms.griffin.com/griffin-assets/Griffin_Bank_Ltd_Annual_Report_2024_b98c8d4c38.pdf	live	pdf	build_griffin_bank.py:-;build_griffin_bank.py:AR2024_URL;build_griffin_bank.py:CASH_FLOW_SOURCES;build_griffin_bank.py:STATEMENTS_SOURCES
https://cms.griffin.com/griffin-assets/Griffin_Bank_Ltd_Annual_Report_2025_edeb37eca7.pdf	live	pdf	build_griffin_bank.py:-;build_griffin_bank.py:AR2025_URL;build_griffin_bank.py:CASH_FLOW_SOURCES;build_griffin_bank.py:STATEMENTS_SOURCES
https://cms.griffin.com/griffin-assets/Griffin_Bank_Ltd_Pillar_3_30_Sept_2023_df3ca44acc.pdf	live	pdf	build_griffin_bank.py:-;build_griffin_bank.py:P3_2023_URL
https://danskebank.co.uk/-/media/danske-bank/uk/about-us/corporate-governance/annual-reports/northern-bank---annual-report-og-accounts-2020.pdf	live	pdf	build_northern_bank.py:-
https://danskebank.co.uk/-/media/danske-bank/uk/about-us/corporate-governance/annual-reports/northern-bank---annual-report-og-accounts-2021.pdf?rev=6bfedd29bb0d488ea30ffce998073674	live	pdf	build_northern_bank.py:-
https://danskebank.co.uk/-/media/danske-bank/uk/about-us/corporate-governance/annual-reports/northern-bank-annual-report-accounts-2025.pdf?hash=FAA2D970352C7AB5893C6D09B997681A&rev=a79a533060b745c682e1796ed929cab5	live	pdf	build_northern_bank.py:-
https://danskebank.co.uk/-/media/danske-bank/uk/about-us/corporate-governance/annual-reports/northern-bank-annual-report-og-accounts-2022.pdf?rev=9aa72868afb1433d9e9df8f0959d630f	live	pdf	build_northern_bank.py:-
https://danskebank.co.uk/-/media/danske-bank/uk/about-us/corporate-governance/annual-reports/northern-bank-annual-report-og-accounts-2023.pdf?hash=7CEA5F947D848F4BD9C1E97211AFF9CE&rev=4202add3decb471fbed08666ff6e307b	live	pdf	build_northern_bank.py:-
https://danskebank.co.uk/-/media/danske-bank/uk/about-us/corporate-governance/annual-reports/northern-bank-annual-report-og-accounts-2024.pdf?hash=C989E05EAE7993B66B70ADF26AB11BF7&rev=1a1acede77ae425a8222ac3395302b9d	live	pdf	build_northern_bank.py:-
https://fcmbuk.com/wp-content/uploads/2022/07/Pillar-III-Disclosures-FYE-2021-002.pdf	live	pdf	build_fcmb_uk.py:-;build_fcmb_uk.py:P3_2021_URL
https://fcmbuk.com/wp-content/uploads/2023/09/FCMB-Bank-UK-Limited-Signed-Annual-Report-Financial-Statements-2022.pdf	live	pdf	build_fcmb_uk.py:-;build_fcmb_uk.py:AR2022_URL;build_fcmb_uk.py:ASSET_QUALITY_SOURCES;build_fcmb_uk.py:CASH_FLOW_SOURCES;build_fcmb_uk.py:EQUITY_SOURCES;build_fcmb_uk.py:STATEMENTS_ENTITY_NOTE;build_fcmb_uk.py:STATEMENTS_SOURCES
https://fcmbuk.com/wp-content/uploads/2023/09/FCMB-Bank-UK-Limited-Signed-Audited-Accounts-2021.pdf	live	pdf	build_fcmb_uk.py:-;build_fcmb_uk.py:AR2021_URL;build_fcmb_uk.py:ASSET_QUALITY_SOURCES;build_fcmb_uk.py:CASH_FLOW_SOURCES;build_fcmb_uk.py:EQUITY_SOURCES;build_fcmb_uk.py:STATEMENTS_ENTITY_NOTE;build_fcmb_uk.py:STATEMENTS_SOURCES
https://fcmbuk.com/wp-content/uploads/2023/09/Pillar-III-Disclosures-FYE-2022.pdf	live	pdf	build_fcmb_uk.py:-;build_fcmb_uk.py:P3_2022_URL
https://fcmbuk.com/wp-content/uploads/2024/07/FCMB-Bank-UK-Limited-Audited-Accounts-2023.pdf	live	pdf	build_fcmb_uk.py:-;build_fcmb_uk.py:AR2023_URL;build_fcmb_uk.py:ASSET_QUALITY_SOURCES;build_fcmb_uk.py:CASH_FLOW_SOURCES;build_fcmb_uk.py:EQUITY_SOURCES;build_fcmb_uk.py:STATEMENTS_ENTITY_NOTE;build_fcmb_uk.py:STATEMENTS_SOURCES
https://fcmbuk.com/wp-content/uploads/2024/08/Pillar-III-Disclosures-FYE-2023.pdf	live	pdf	build_fcmb_uk.py:-;build_fcmb_uk.py:P3_2023_URL
https://fcmbuk.com/wp-content/uploads/2025/09/FCMB-Bank-UK-Limited-Audited-Accounts-2024-Signed.pdf	live	pdf	build_fcmb_uk.py:-;build_fcmb_uk.py:AR2024_URL;build_fcmb_uk.py:ASSET_QUALITY_SOURCES;build_fcmb_uk.py:CASH_FLOW_SOURCES;build_fcmb_uk.py:EQUITY_SOURCES;build_fcmb_uk.py:STATEMENTS_ENTITY_NOTE;build_fcmb_uk.py:STATEMENTS_SOURCES
https://fcmbuk.com/wp-content/uploads/2025/09/Pillar-III-Disclosures-FYE-2024.pdf	live	pdf	build_fcmb_uk.py:-;build_fcmb_uk.py:P3_2024_URL
https://fcmbuk.com/wp-content/uploads/2026/08/5.-Pillar-III-Disclosures-FYE-2025-30-June-2026.pdf	live	pdf	build_fcmb_uk.py:-;build_fcmb_uk.py:P3_2025_URL
https://fcmbuk.com/wp-content/uploads/2026/08/SIGNED-FCMB-Bank-UK-Limited-Audited-Accounts-2025.pdf	live	pdf	build_fcmb_uk.py:-;build_fcmb_uk.py:AR2025_URL;build_fcmb_uk.py:ASSET_QUALITY_SOURCES;build_fcmb_uk.py:CASH_FLOW_SOURCES;build_fcmb_uk.py:EQUITY_SOURCES;build_fcmb_uk.py:STATEMENTS_ENTITY_NOTE;build_fcmb_uk.py:STATEMENTS_SOURCES
https://fidbank.co.uk/assets/Uploads/NewFolder/FBUK-Pillar-3-Disclosure-2021.pdf	live	pdf	build_fidbank_uk.py:-;build_fidbank_uk.py:P3_2021_URL
https://fidbank.co.uk/assets/Uploads/NewFolder/FBUK-Pillar-3-Disclosure-2022.pdf	live	pdf	build_fidbank_uk.py:-;build_fidbank_uk.py:P3_2022_URL
https://fidbank.co.uk/assets/Uploads/NewFolder/FidBank-UK-Pillar-3-Disclosure-2023.pdf	live	pdf	build_fidbank_uk.py:-;build_fidbank_uk.py:P3_2023_URL
https://fidbank.co.uk/assets/Uploads/NewFolder/FidBank-UK-Pillar-3-Disclosure-2024.pdf	live	pdf	build_fidbank_uk.py:-;build_fidbank_uk.py:P3_2024_URL
https://files.bacb.co.uk/production/files/2014-Pillar-3-secured.pdf	live	pdf	build_british_arab_commercial_bank.py:-
https://files.bacb.co.uk/production/files/2015-Pillar-3-secured.pdf	live	pdf	build_british_arab_commercial_bank.py:-
https://files.bacb.co.uk/production/files/2019-Pillar-3.pdf	live	pdf	build_british_arab_commercial_bank.py:-
https://files.bacb.co.uk/production/files/Annual-Report-2014-Final.pdf	live	pdf	build_british_arab_commercial_bank.py:-
https://files.bacb.co.uk/production/files/BACB-Annual-Report-2020.pdf	live	pdf	build_british_arab_commercial_bank.py:-
https://files.bacb.co.uk/production/files/BACB_AnnualReportYE2018-complete-6.pdf	live	pdf	build_british_arab_commercial_bank.py:-
https://files.bacb.co.uk/production/files/BACB_AnnualReportYE2019-print-3-opt.pdf	live	pdf	build_british_arab_commercial_bank.py:-
https://files.bacb.co.uk/production/files/BACB_AnnualReportYE2021-1.pdf	live	pdf	build_british_arab_commercial_bank.py:-
https://files.bacb.co.uk/production/files/BACB_AnnualReportYE2022_WEB-1proof-10.pdf	live	pdf	build_british_arab_commercial_bank.py:-
https://files.bacb.co.uk/production/files/BACB_AnnualReportYE2023_WEB-06.pdf	live	pdf	build_british_arab_commercial_bank.py:-
https://files.bacb.co.uk/production/files/BACB_AnnualReportYE2024_WEB-Final.pdf	live	pdf	build_british_arab_commercial_bank.py:-
https://files.bacb.co.uk/production/files/BACB_AnnualReportYE2025_WEB-Final.pdf	live	pdf	build_british_arab_commercial_bank.py:-
https://files.bacb.co.uk/production/files/BACB_AnnualReport_online-2017.pdf	live	pdf	build_british_arab_commercial_bank.py:-
https://files.bacb.co.uk/production/files/BACB_AnnualReport_online-2018-v4.pdf	live	pdf	build_british_arab_commercial_bank.py:-
https://files.bacb.co.uk/production/files/BACB_Pillar3-2021_v3.pdf	live	pdf	build_british_arab_commercial_bank.py:-
https://files.bacb.co.uk/production/files/BACB_Pillar3YE2022-1.pdf	live	pdf	build_british_arab_commercial_bank.py:-
https://files.bacb.co.uk/production/files/BACB_Pillar3YE2023-03-002.pdf	live	pdf	build_british_arab_commercial_bank.py:-
https://files.bacb.co.uk/production/files/BACB_Pillar3_YE2024web-05.pdf	live	pdf	build_british_arab_commercial_bank.py:-
https://files.bacb.co.uk/production/files/BACB_Pillar3_YE2025web-03.pdf	live	pdf	build_british_arab_commercial_bank.py:-
https://files.bacb.co.uk/production/files/Pillar-3-2016-FINAL-June17.pdf	live	pdf	build_british_arab_commercial_bank.py:-
https://files.bacb.co.uk/production/files/Pillar-3-2017-FINAL-24-May-2018.pdf	live	pdf	build_british_arab_commercial_bank.py:-
https://files.bacb.co.uk/production/files/Pillar-3-2018_Final-secured.pdf	live	pdf	build_british_arab_commercial_bank.py:-
https://files.bacb.co.uk/production/files/Report-Financials-2015-FINAL-18032016.pdf	live	pdf	build_british_arab_commercial_bank.py:-
https://find-and-update.company-information.service.gov.uk/company/	live	-	build_marks_and_spencer_financial_services.py:-;build_weatherbys.py:-
https://find-and-update.company-information.service.gov.uk/company/00002065	live	-	build_lloyds_bank.py:-;build_lloyds_bank.py:CH_URL
https://find-and-update.company-information.service.gov.uk/company/00030546/filing-history/MzE3NTQ2MDUyOWFkaXF6a2N4/document?format=pdf&download=0	live	-	build_methodist_chapel_aid.py:-;build_methodist_chapel_aid.py:ASSET_QUALITY_SOURCES;build_methodist_chapel_aid.py:CH_FY2016;build_methodist_chapel_aid.py:STATEMENTS_SOURCES
https://find-and-update.company-information.service.gov.uk/company/00030546/filing-history/MzIzMzkxMzU5MGFkaXF6a2N4/document?format=pdf&download=0	live	-	build_methodist_chapel_aid.py:-;build_methodist_chapel_aid.py:ASSET_QUALITY_SOURCES;build_methodist_chapel_aid.py:CH_FY2018;build_methodist_chapel_aid.py:STATEMENTS_SOURCES
https://find-and-update.company-information.service.gov.uk/company/00030546/filing-history/MzMwMDQ2Njg3M2FkaXF6a2N4/document?format=pdf&download=0	live	-	build_methodist_chapel_aid.py:-;build_methodist_chapel_aid.py:ASSET_QUALITY_SOURCES;build_methodist_chapel_aid.py:CH_FY2020;build_methodist_chapel_aid.py:STATEMENTS_SOURCES
https://find-and-update.company-information.service.gov.uk/company/00036695/filing-history	live	-	build_coutts.py:-;build_coutts.py:CH_BASE
https://find-and-update.company-information.service.gov.uk/company/00036695/filing-history/MzM4NTMwNzEyMGFkaXF6a2N4/document?format=pdf&download=0	live	-	build_coutts.py:-;build_coutts.py:AR2022_URL;build_coutts.py:ASSET_QUALITY_SOURCES;build_coutts.py:CASH_FLOW_SOURCES;build_coutts.py:RWA_BREAKDOWN_SOURCES;build_coutts.py:STATEMENTS_SOURCES
https://find-and-update.company-information.service.gov.uk/company/00036695/filing-history/MzQyMDgzOTQ5OWFkaXF6a2N4/document?format=pdf&download=0	live	-	build_coutts.py:-;build_coutts.py:AR2023_URL;build_coutts.py:ASSET_QUALITY_SOURCES;build_coutts.py:CASH_FLOW_SOURCES;build_coutts.py:RWA_BREAKDOWN_SOURCES;build_coutts.py:STATEMENTS_SOURCES
https://find-and-update.company-information.service.gov.uk/company/00036695/filing-history/MzUyMTA2MDcwMGFkaXF6a2N4/document?format=pdf&download=0	live	-	build_coutts.py:-;build_coutts.py:AR2025_URL;build_coutts.py:ASSET_QUALITY_SOURCES;build_coutts.py:CASH_FLOW_SOURCES;build_coutts.py:RWA_BREAKDOWN_SOURCES;build_coutts.py:STATEMENTS_SOURCES
https://find-and-update.company-information.service.gov.uk/company/00068835/filing-history/MzM1MjMwMDYyNWFkaXF6a2N4/document?format=pdf&download=0	live	-	build_reliance_bank.py:-
https://find-and-update.company-information.service.gov.uk/company/00068835/filing-history/MzM5NDkwNzg3NmFkaXF6a2N4/document?format=pdf&download=0	live	-	build_reliance_bank.py:-
https://find-and-update.company-information.service.gov.uk/company/00068835/filing-history/MzQ3NTMwMjc2NGFkaXF6a2N4/document?format=pdf&download=0	live	-	build_reliance_bank.py:-
https://find-and-update.company-information.service.gov.uk/company/00068835/filing-history/MzQzMDIwODk2MGFkaXF6a2N4/document?format=pdf&download=0	live	-	build_reliance_bank.py:-
https://find-and-update.company-information.service.gov.uk/company/00068835/filing-history/MzUzNTUyMDU0NWFkaXF6a2N4/document?format=pdf&download=0	live	-	build_reliance_bank.py:-
https://find-and-update.company-information.service.gov.uk/company/00185070/filing-history	live	-	build_alpha_bank_london.py:-;build_alpha_bank_london.py:CH_URL
https://find-and-update.company-information.service.gov.uk/company/00185070/filing-history/MzM3OTU0ODM0NWFkaXF6a2N4/document?format=pdf&download=0	live	-	build_alpha_bank_london.py:-;build_alpha_bank_london.py:AR22_URL;build_alpha_bank_london.py:ASSET_QUALITY_SOURCES;build_alpha_bank_london.py:BALANCE_SHEET_SOURCES;build_alpha_bank_london.py:CASH_FLOW_SOURCES;build_alpha_bank_london.py:EQUITY_CHANGES_SOURCES;build_alpha_bank_london.py:INCOME_STATEMENT_SOURCES;build_alpha_bank_london.py:RWA_BREAKDOWN_SOURCES
https://find-and-update.company-information.service.gov.uk/company/00185070/filing-history/MzQ2NDAyMTQ4MGFkaXF6a2N4/document?format=pdf&download=0	live	-	build_alpha_bank_london.py:-;build_alpha_bank_london.py:AR24_URL;build_alpha_bank_london.py:ASSET_QUALITY_SOURCES;build_alpha_bank_london.py:BALANCE_SHEET_SOURCES;build_alpha_bank_london.py:CASH_FLOW_SOURCES;build_alpha_bank_london.py:EQUITY_CHANGES_SOURCES;build_alpha_bank_london.py:INCOME_STATEMENT_SOURCES;build_alpha_bank_london.py:RWA_BREAKDOWN_SOURCES
https://find-and-update.company-information.service.gov.uk/company/00185070/filing-history/MzUyMzkyMTM5MGFkaXF6a2N4/document?format=pdf&download=0	live	-	build_alpha_bank_london.py:-;build_alpha_bank_london.py:AR25_URL;build_alpha_bank_london.py:ASSET_QUALITY_SOURCES;build_alpha_bank_london.py:BALANCE_SHEET_SOURCES;build_alpha_bank_london.py:CASH_FLOW_SOURCES;build_alpha_bank_london.py:EQUITY_CHANGES_SOURCES;build_alpha_bank_london.py:INCOME_STATEMENT_SOURCES;build_alpha_bank_london.py:RWA_BREAKDOWN_SOURCES
https://find-and-update.company-information.service.gov.uk/company/00195626/filing-history/MzMyMjY5NTAxOGFkaXF6a2N4/document?format=pdf&download=0	live	-	build_close_brothers.py:-;build_close_brothers.py:AR2021_URL;build_close_brothers.py:BALANCE_SHEET_SOURCES;build_close_brothers.py:CASH_FLOW_SOURCES;build_close_brothers.py:P3_SOURCES;build_close_brothers.py:STATEMENTS_SOURCES
https://find-and-update.company-information.service.gov.uk/company/00195626/filing-history/MzQ5NDAzMzc1NGFkaXF6a2N4/document?format=pdf&download=0	live	-	build_close_brothers.py:-;build_close_brothers.py:AR2025_URL;build_close_brothers.py:BALANCE_SHEET_SOURCES;build_close_brothers.py:CASH_FLOW_SOURCES;build_close_brothers.py:P3_SOURCES;build_close_brothers.py:STATEMENTS_SOURCES
https://find-and-update.company-information.service.gov.uk/company/00195626/filing-history/MzQwNzQ2MzI3OWFkaXF6a2N4/document?format=pdf&download=0	live	-	build_close_brothers.py:-;build_close_brothers.py:AR2023_URL;build_close_brothers.py:BALANCE_SHEET_SOURCES;build_close_brothers.py:CASH_FLOW_SOURCES;build_close_brothers.py:P3_SOURCES;build_close_brothers.py:STATEMENTS_SOURCES
https://find-and-update.company-information.service.gov.uk/company/00315841/filing-history/MzM4NjU0ODMxOWFkaXF6a2N4/document?format=pdf&download=0	live	-	build_db_uk_bank.py:-;build_db_uk_bank.py:FY2022_AR_URL;build_db_uk_bank.py:KPI_TABLE_SOURCES
https://find-and-update.company-information.service.gov.uk/company/00315841/filing-history/MzMzODM1NTI4NGFkaXF6a2N4/document?format=pdf&download=0	live	-	build_db_uk_bank.py:-;build_db_uk_bank.py:FY2021_AR_URL;build_db_uk_bank.py:OWN_FUNDS_SOURCES;build_db_uk_bank.py:STATEMENTS_SOURCES
https://find-and-update.company-information.service.gov.uk/company/00315841/filing-history/MzMzODM1NTI4NGFkaXF6a2N4/document?format=pdf&download=0)	live	-	build_db_uk_bank.py:-;build_db_uk_bank.py:CASH_FLOW_SOURCES;build_db_uk_bank.py:EXEMPTION_NOTE
https://find-and-update.company-information.service.gov.uk/company/00315841/filing-history/MzQ2NTUwMzg4OGFkaXF6a2N4/document?format=pdf&download=0	live	-	build_db_uk_bank.py:-;build_db_uk_bank.py:FY2024_AR_URL;build_db_uk_bank.py:KPI_TABLE_SOURCES
https://find-and-update.company-information.service.gov.uk/company/00315841/filing-history/MzQyMDM4NDU3MmFkaXF6a2N4/document?format=pdf&download=0	live	-	build_db_uk_bank.py:-;build_db_uk_bank.py:CASH_FLOW_SOURCES;build_db_uk_bank.py:EXEMPTION_NOTE;build_db_uk_bank.py:FY2023_AR_URL;build_db_uk_bank.py:KPI_TABLE_SOURCES;build_db_uk_bank.py:OWN_FUNDS_SOURCES;build_db_uk_bank.py:STATEMENTS_SOURCES
https://find-and-update.company-information.service.gov.uk/company/00315841/filing-history/MzUxOTM5NDA3NGFkaXF6a2N4/document?format=pdf&download=0	live	-	build_db_uk_bank.py:-;build_db_uk_bank.py:CASH_FLOW_SOURCES;build_db_uk_bank.py:EXEMPTION_NOTE;build_db_uk_bank.py:FY2025_AR_URL;build_db_uk_bank.py:KPI_TABLE_SOURCES;build_db_uk_bank.py:OWN_FUNDS_SOURCES;build_db_uk_bank.py:STATEMENTS_SOURCES
https://find-and-update.company-information.service.gov.uk/company/00383032/filing-history/MzMzODQ2NDUzMWFkaXF6a2N4/document?format=pdf&download=0	live	-	build_cater_allen.py:-;build_cater_allen.py:AR2021_URL;build_cater_allen.py:ASSET_QUALITY_SOURCES;build_cater_allen.py:CAPITAL_SOURCES;build_cater_allen.py:CASH_FLOW_SOURCES;build_cater_allen.py:STATEMENTS_SOURCES
https://find-and-update.company-information.service.gov.uk/company/00383032/filing-history/MzQ2NDYzNjU4OGFkaXF6a2N4/document?format=pdf&download=0	live	-	build_cater_allen.py:-;build_cater_allen.py:AR2024_URL;build_cater_allen.py:ASSET_QUALITY_SOURCES;build_cater_allen.py:CAPITAL_SOURCES;build_cater_allen.py:CASH_FLOW_SOURCES;build_cater_allen.py:STATEMENTS_SOURCES
https://find-and-update.company-information.service.gov.uk/company/00383032/filing-history/MzQyMDI4MDMwNWFkaXF6a2N4/document?format=pdf&download=0	live	-	build_cater_allen.py:-;build_cater_allen.py:AR2023_URL;build_cater_allen.py:ASSET_QUALITY_SOURCES;build_cater_allen.py:CAPITAL_SOURCES;build_cater_allen.py:CASH_FLOW_SOURCES;build_cater_allen.py:STATEMENTS_SOURCES
https://find-and-update.company-information.service.gov.uk/company/00383032/filing-history/MzUxODk5NjMzM2FkaXF6a2N4/document?format=pdf&download=0	live	-	build_cater_allen.py:-;build_cater_allen.py:AR2025_URL;build_cater_allen.py:ASSET_QUALITY_SOURCES;build_cater_allen.py:CAPITAL_SOURCES;build_cater_allen.py:CASH_FLOW_SOURCES;build_cater_allen.py:STATEMENTS_SOURCES
https://find-and-update.company-information.service.gov.uk/company/00388466/filing-history	live	-	build_shawbrook.py:-
https://find-and-update.company-information.service.gov.uk/company/00398426/filing-history	live	-	build_brown_shipley.py:-;build_brown_shipley.py:CH_BASE
https://find-and-update.company-information.service.gov.uk/company/00398426/filing-history/MzM0NzY3MjI5MmFkaXF6a2N4/document?format=pdf&download=0	live	-	build_brown_shipley.py:-;build_brown_shipley.py:AR2021_URL;build_brown_shipley.py:CASH_FLOW_SOURCES;build_brown_shipley.py:STATEMENTS_SOURCES;build_brown_shipley.py:TOTAL_CAPITAL_SOURCES
https://find-and-update.company-information.service.gov.uk/company/00398426/filing-history/MzM5MTEwMDM3NGFkaXF6a2N4/document?format=pdf&download=0	live	-	build_brown_shipley.py:-;build_brown_shipley.py:AR2022_URL;build_brown_shipley.py:CASH_FLOW_SOURCES;build_brown_shipley.py:STATEMENTS_SOURCES;build_brown_shipley.py:TOTAL_CAPITAL_SOURCES
https://find-and-update.company-information.service.gov.uk/company/00398426/filing-history/MzQ3ODk2Mjk5OWFkaXF6a2N4/document?format=pdf&download=0	live	-	build_brown_shipley.py:-;build_brown_shipley.py:AR2024_URL;build_brown_shipley.py:CASH_FLOW_SOURCES;build_brown_shipley.py:STATEMENTS_SOURCES
https://find-and-update.company-information.service.gov.uk/company/00398426/filing-history/MzQzMTg2OTM1MGFkaXF6a2N4/document?format=pdf&download=0	live	-	build_brown_shipley.py:-;build_brown_shipley.py:AR2023_URL;build_brown_shipley.py:CASH_FLOW_SOURCES;build_brown_shipley.py:STATEMENTS_SOURCES;build_brown_shipley.py:TOTAL_CAPITAL_SOURCES
https://find-and-update.company-information.service.gov.uk/company/00489604/filing-history/MzI0MjAzMDcwOWFkaXF6a2N4/document?format=pdf&download=0	live	-	build_investec_bank.py:-;build_investec_bank.py:AR19_URL;build_investec_bank.py:ASSET_QUALITY_SOURCES;build_investec_bank.py:BS_SOURCES;build_investec_bank.py:CASH_FLOW_SOURCES;build_investec_bank.py:EQUITY_SOURCES;build_investec_bank.py:PL_SOURCES;build_investec_bank.py:RWA_BREAKDOWN_SOURCES
https://find-and-update.company-information.service.gov.uk/company/00489604/filing-history/MzM5NTY4ODE2OWFkaXF6a2N4/document?format=pdf&download=0	live	-	build_investec_bank.py:-;build_investec_bank.py:AR23_URL;build_investec_bank.py:ASSET_QUALITY_SOURCES;build_investec_bank.py:BS_SOURCES;build_investec_bank.py:CASH_FLOW_SOURCES;build_investec_bank.py:EQUITY_SOURCES;build_investec_bank.py:PL_SOURCES;build_investec_bank.py:RWA_BREAKDOWN_SOURCES
https://find-and-update.company-information.service.gov.uk/company/00489604/filing-history/MzMwOTY3ODkxNGFkaXF6a2N4/document?format=pdf&download=0	live	-	build_investec_bank.py:-;build_investec_bank.py:AR21_URL;build_investec_bank.py:ASSET_QUALITY_SOURCES;build_investec_bank.py:BS_SOURCES;build_investec_bank.py:CASH_FLOW_SOURCES;build_investec_bank.py:EQUITY_SOURCES;build_investec_bank.py:PL_SOURCES;build_investec_bank.py:RWA_BREAKDOWN_SOURCES
https://find-and-update.company-information.service.gov.uk/company/00489604/filing-history/MzQ3NDQ1NjE4M2FkaXF6a2N4/document?format=pdf&download=0	live	-	build_investec_bank.py:-;build_investec_bank.py:AR25_URL;build_investec_bank.py:ASSET_QUALITY_SOURCES;build_investec_bank.py:BS_SOURCES;build_investec_bank.py:CASH_FLOW_SOURCES;build_investec_bank.py:EQUITY_SOURCES;build_investec_bank.py:PL_SOURCES;build_investec_bank.py:RWA_BREAKDOWN_SOURCES
https://find-and-update.company-information.service.gov.uk/company/00489604/filing-history/MzUzMDk3ODM1OWFkaXF6a2N4/document?format=pdf&download=0	live	-	build_investec_bank.py:-;build_investec_bank.py:AR26_URL;build_investec_bank.py:ASSET_QUALITY_SOURCES;build_investec_bank.py:BS_SOURCES;build_investec_bank.py:CASH_FLOW_SOURCES;build_investec_bank.py:EQUITY_SOURCES;build_investec_bank.py:PL_SOURCES;build_investec_bank.py:RWA_BREAKDOWN_SOURCES
https://find-and-update.company-information.service.gov.uk/company/00549690/filing-history	live	-	build_united_trust_bank.py:-;build_united_trust_bank.py:CH
https://find-and-update.company-information.service.gov.uk/company/00549690/filing-history/MzI5NDM0MjUzMGFkaXF6a2N4/document?format=pdf&download=0	live	-	build_united_trust_bank.py:-
https://find-and-update.company-information.service.gov.uk/company/00549690/filing-history/MzM3NzEyOTIyNWFkaXF6a2N4/document?format=pdf&download=0	live	-	build_united_trust_bank.py:-
https://find-and-update.company-information.service.gov.uk/company/00549690/filing-history/MzMzMjI5NTg0MGFkaXF6a2N4/document?format=pdf&download=0	live	-	build_united_trust_bank.py:-
https://find-and-update.company-information.service.gov.uk/company/00549690/filing-history/MzQ2MzA3OTAyMGFkaXF6a2N4/document?format=pdf&download=0	live	-	build_united_trust_bank.py:-
https://find-and-update.company-information.service.gov.uk/company/00549690/filing-history/MzQzMTMzNTk5OGFkaXF6a2N4/document?format=pdf&download=0	live	-	build_united_trust_bank.py:-
https://find-and-update.company-information.service.gov.uk/company/00549690/filing-history/MzUyMTk0MjExM2FkaXF6a2N4/document?format=pdf&download=0	live	-	build_united_trust_bank.py:-
https://find-and-update.company-information.service.gov.uk/company/00555071	live	-	build_birmingham_bank.py:-;build_birmingham_bank.py:CH_URL
https://find-and-update.company-information.service.gov.uk/company/00555071/filing-history/MzM5NzY1NjE1N2FkaXF6a2N4/document?format=pdf&download=0	live	-	build_birmingham_bank.py:-;build_birmingham_bank.py:AR2022_URL;build_birmingham_bank.py:CASH_FLOW_SOURCES;build_birmingham_bank.py:STATEMENTS_SOURCES
https://find-and-update.company-information.service.gov.uk/company/00555071/filing-history/MzQ2MDU0MTMzM2FkaXF6a2N4/document?format=pdf&download=0	live	-	build_birmingham_bank.py:-;build_birmingham_bank.py:AR2024_URL;build_birmingham_bank.py:CASH_FLOW_SOURCES;build_birmingham_bank.py:STATEMENTS_SOURCES
https://find-and-update.company-information.service.gov.uk/company/00555071/filing-history/MzQxNDU2Njk3NGFkaXF6a2N4/document?format=pdf&download=0	live	-	build_birmingham_bank.py:-;build_birmingham_bank.py:AR2023_URL;build_birmingham_bank.py:CASH_FLOW_SOURCES;build_birmingham_bank.py:SR2023_URL;build_birmingham_bank.py:STATEMENTS_SOURCES
https://find-and-update.company-information.service.gov.uk/company/00555071/filing-history/MzQxNDU2Njk3NGFkaXF6a2N4/document?format=pdf&download=0)	live	-	build_birmingham_bank.py:-
https://find-and-update.company-information.service.gov.uk/company/00772784/filing-history/MzM5ODE1MjYzNmFkaXF6a2N4/document?format=pdf&download=0	live	-	build_fce_bank.py:-;build_fce_bank.py:AR2022_AMENDED_URL;build_fce_bank.py:CASH_FLOW_SOURCES;build_fce_bank.py:STATEMENTS_SOURCES
https://find-and-update.company-information.service.gov.uk/company/00772784/filing-history/MzMzMzk0NjU4NWFkaXF6a2N4/document?format=pdf&download=0	live	-	build_fce_bank.py:-;build_fce_bank.py:AR2021_URL;build_fce_bank.py:ASSET_QUALITY_SOURCES;build_fce_bank.py:CASH_FLOW_SOURCES;build_fce_bank.py:STATEMENTS_SOURCES
https://find-and-update.company-information.service.gov.uk/company/00772784/filing-history/MzQ2MTUzNDU1OGFkaXF6a2N4/document?format=pdf&download=0	live	-	build_fce_bank.py:-;build_fce_bank.py:AR2024_URL;build_fce_bank.py:CASH_FLOW_SOURCES;build_fce_bank.py:STATEMENTS_SOURCES
https://find-and-update.company-information.service.gov.uk/company/00772784/filing-history/MzQxNTY0NTE3NGFkaXF6a2N4/document?format=pdf&download=0	live	-	build_fce_bank.py:-;build_fce_bank.py:AR2023_URL;build_fce_bank.py:ASSET_QUALITY_SOURCES;build_fce_bank.py:CASH_FLOW_SOURCES;build_fce_bank.py:STATEMENTS_SOURCES
https://find-and-update.company-information.service.gov.uk/company/00772784/filing-history/MzUxMTcwMTU1NGFkaXF6a2N4/document?format=pdf&download=0	live	-	build_fce_bank.py:-;build_fce_bank.py:AR2025_URL;build_fce_bank.py:ASSET_QUALITY_SOURCES;build_fce_bank.py:CASH_FLOW_SOURCES;build_fce_bank.py:STATEMENTS_SOURCES
https://find-and-update.company-information.service.gov.uk/company/00819519/filing-history/MzIwNzQ3NTM0M2FkaXF6a2N4/document?format=pdf&download=0	live	-	build_arbuthnot_latham.py:-;build_arbuthnot_latham.py:BALANCE_SHEET_SOURCES;build_arbuthnot_latham.py:CH2017_URL;build_arbuthnot_latham.py:INCOME_STATEMENT_SOURCES;build_arbuthnot_latham.py:STATEMENT_SOURCES_HEAD
https://find-and-update.company-information.service.gov.uk/company/00819519/filing-history/MzM0MTEwODM3MmFkaXF6a2N4/document?format=pdf&download=0	live	-	build_arbuthnot_latham.py:-;build_arbuthnot_latham.py:ASSET_QUALITY_SOURCES;build_arbuthnot_latham.py:BALANCE_SHEET_SOURCES;build_arbuthnot_latham.py:CASH_FLOW_SOURCES;build_arbuthnot_latham.py:CH2021_URL;build_arbuthnot_latham.py:EQUITY_CHANGES_SOURCES;build_arbuthnot_latham.py:INCOME_STATEMENT_SOURCES;build_arbuthnot_latham.py:STATEMENT_SOURCES_HEAD
https://find-and-update.company-information.service.gov.uk/company/00819519/filing-history/MzQyMzk5NjI0NGFkaXF6a2N4/document?format=pdf&download=0	live	-	build_arbuthnot_latham.py:-;build_arbuthnot_latham.py:ASSET_QUALITY_SOURCES;build_arbuthnot_latham.py:BALANCE_SHEET_SOURCES;build_arbuthnot_latham.py:CASH_FLOW_SOURCES;build_arbuthnot_latham.py:CH2023_URL;build_arbuthnot_latham.py:EQUITY_CHANGES_SOURCES;build_arbuthnot_latham.py:INCOME_STATEMENT_SOURCES;build_arbuthnot_latham.py:STATEMENT_SOURCES_HEAD
https://find-and-update.company-information.service.gov.uk/company/00819519/filing-history/MzUyMzkzMjQ5NmFkaXF6a2N4/document?format=pdf&download=0	live	-	build_arbuthnot_latham.py:-;build_arbuthnot_latham.py:ASSET_QUALITY_SOURCES;build_arbuthnot_latham.py:BALANCE_SHEET_SOURCES;build_arbuthnot_latham.py:CASH_FLOW_SOURCES;build_arbuthnot_latham.py:CH2025_URL;build_arbuthnot_latham.py:EQUITY_CHANGES_SOURCES;build_arbuthnot_latham.py:INCOME_STATEMENT_SOURCES;build_arbuthnot_latham.py:STATEMENT_SOURCES_HEAD
https://find-and-update.company-information.service.gov.uk/company/00877859/filing-history	live	-	build_kuwait_finance_house.py:-;build_kuwait_finance_house.py:BASE
https://find-and-update.company-information.service.gov.uk/company/00877859/filing-history/MzM0MTg2NjEyNWFkaXF6a2N4/document?format=pdf&download=0	live	-	build_kuwait_finance_house.py:-;build_kuwait_finance_house.py:AR2021_URL;build_kuwait_finance_house.py:BALANCE_SHEET_SOURCES;build_kuwait_finance_house.py:CASH_FLOW_SOURCES;build_kuwait_finance_house.py:INVESTMENTS_BREAKDOWN_NOTE;build_kuwait_finance_house.py:STATEMENTS_SOURCES
https://find-and-update.company-information.service.gov.uk/company/00877859/filing-history/MzM3MTE2OTUwOGFkaXF6a2N4/document?format=pdf&download=0	live	-	build_kuwait_finance_house.py:-;build_kuwait_finance_house.py:AR2022_URL;build_kuwait_finance_house.py:ASSET_QUALITY_SOURCES;build_kuwait_finance_house.py:BALANCE_SHEET_SOURCES;build_kuwait_finance_house.py:CASH_FLOW_SOURCES;build_kuwait_finance_house.py:INVESTMENTS_BREAKDOWN_NOTE;build_kuwait_finance_house.py:STATEMENTS_SOURCES
https://find-and-update.company-information.service.gov.uk/company/00877859/filing-history/MzQ2OTUzMTA5NGFkaXF6a2N4/document?format=pdf&download=0	live	-	build_kuwait_finance_house.py:-;build_kuwait_finance_house.py:AR2024_URL;build_kuwait_finance_house.py:BALANCE_SHEET_SOURCES;build_kuwait_finance_house.py:CASH_FLOW_SOURCES;build_kuwait_finance_house.py:STATEMENTS_SOURCES
https://find-and-update.company-information.service.gov.uk/company/00877859/filing-history/MzQxNzM5MjkxNGFkaXF6a2N4/document?format=pdf&download=0	live	-	build_kuwait_finance_house.py:-;build_kuwait_finance_house.py:AR2023_URL;build_kuwait_finance_house.py:ASSET_QUALITY_SOURCES;build_kuwait_finance_house.py:BALANCE_SHEET_SOURCES;build_kuwait_finance_house.py:CASH_FLOW_SOURCES;build_kuwait_finance_house.py:INVESTMENTS_BREAKDOWN_NOTE;build_kuwait_finance_house.py:STATEMENTS_SOURCES
https://find-and-update.company-information.service.gov.uk/company/00877859/filing-history/MzUyMTMwODAyMGFkaXF6a2N4/document?format=pdf&download=0	live	-	build_kuwait_finance_house.py:-;build_kuwait_finance_house.py:AR2025_URL;build_kuwait_finance_house.py:ASSET_QUALITY_SOURCES;build_kuwait_finance_house.py:BALANCE_SHEET_SOURCES;build_kuwait_finance_house.py:CASH_FLOW_SOURCES;build_kuwait_finance_house.py:INVESTMENTS_BREAKDOWN_NOTE;build_kuwait_finance_house.py:STATEMENTS_SOURCES
https://find-and-update.company-information.service.gov.uk/company/00929027	live	-	build_national_westminster_bank.py:-;build_national_westminster_bank.py:CH_COMPANY_URL
https://find-and-update.company-information.service.gov.uk/company/00929027/filing-history/MzA4MDkxNDY3OWFkaXF6a2N4/document?format=pdf&download=0	live	-	build_national_westminster_bank.py:-
https://find-and-update.company-information.service.gov.uk/company/00929027/filing-history/MzE1MDMzMjY2MGFkaXF6a2N4/document?format=pdf&download=0	live	-	build_national_westminster_bank.py:-
https://find-and-update.company-information.service.gov.uk/company/00929027/filing-history/MzE3ODExOTc1MGFkaXF6a2N4/document?format=pdf&download=0	live	-	build_national_westminster_bank.py:-
https://find-and-update.company-information.service.gov.uk/company/00929027/filing-history/MzEwMjk4NDk5OGFkaXF6a2N4/document?format=pdf&download=0	live	-	build_national_westminster_bank.py:-
https://find-and-update.company-information.service.gov.uk/company/00929027/filing-history/MzEyNjA1MTk5MWFkaXF6a2N4/document?format=pdf&download=0	live	-	build_national_westminster_bank.py:-
https://find-and-update.company-information.service.gov.uk/company/00929027/filing-history/MzI2Mzg0Njg4N2FkaXF6a2N4/document?format=pdf&download=0	live	-	build_national_westminster_bank.py:-
https://find-and-update.company-information.service.gov.uk/company/00929027/filing-history/MzIwNzI3ODQ0OWFkaXF6a2N4/document?format=pdf&download=0	live	-	build_national_westminster_bank.py:-
https://find-and-update.company-information.service.gov.uk/company/00929027/filing-history/MzIzNjA1NTcyNWFkaXF6a2N4/document?format=pdf&download=0	live	-	build_national_westminster_bank.py:-
https://find-and-update.company-information.service.gov.uk/company/00929027/filing-history/MzMwMzI1NjQ3NGFkaXF6a2N4/document?format=pdf&download=0	live	-	build_national_westminster_bank.py:-
https://find-and-update.company-information.service.gov.uk/company/00929027/filing-history/MzMzODcyODkwNGFkaXF6a2N4/document?format=pdf&download=0	live	-	build_national_westminster_bank.py:-;build_national_westminster_bank.py:AR2021_URL
https://find-and-update.company-information.service.gov.uk/company/00938937/filing-history	live	-	build_jp_morgan_europe.py:-;build_jp_morgan_europe.py:CASH_FLOW_SOURCES;build_jp_morgan_europe.py:CH_URL
https://find-and-update.company-information.service.gov.uk/company/00938937/filing-history/MzM0MTgzNDEzMGFkaXF6a2N4/document?format=pdf&download=0	live	-	build_jp_morgan_europe.py:-;build_jp_morgan_europe.py:AR2021_URL;build_jp_morgan_europe.py:P3_SOURCES;build_jp_morgan_europe.py:STATEMENTS_SOURCES
https://find-and-update.company-information.service.gov.uk/company/00938937/filing-history/MzM4MDkyOTYxNGFkaXF6a2N4/document?format=pdf&download=0	live	-	build_jp_morgan_europe.py:-;build_jp_morgan_europe.py:AR2022_URL;build_jp_morgan_europe.py:P3_SOURCES;build_jp_morgan_europe.py:STATEMENTS_SOURCES
https://find-and-update.company-information.service.gov.uk/company/00938937/filing-history/MzM4MDkyOTYxNGFkaXF6a2N4/document?format=pdf&download=0)	live	-	build_jp_morgan_europe.py:-;build_jp_morgan_europe.py:STATEMENTS_SOURCES
https://find-and-update.company-information.service.gov.uk/company/00938937/filing-history/MzQ2NzkwOTM5MGFkaXF6a2N4/document?format=pdf&download=0	live	-	build_jp_morgan_europe.py:-;build_jp_morgan_europe.py:AR2024_URL
https://find-and-update.company-information.service.gov.uk/company/00938937/filing-history/MzQyNDAwMDkzMGFkaXF6a2N4/document?format=pdf&download=0	live	-	build_jp_morgan_europe.py:-;build_jp_morgan_europe.py:AR2023_URL;build_jp_morgan_europe.py:STATEMENTS_SOURCES
https://find-and-update.company-information.service.gov.uk/company/00938937/filing-history/MzUyNTIyMTk4NGFkaXF6a2N4/document?format=pdf&download=0	live	-	build_jp_morgan_europe.py:-;build_jp_morgan_europe.py:AR2025_URL;build_jp_morgan_europe.py:STATEMENTS_SOURCES
https://find-and-update.company-information.service.gov.uk/company/00947662/filing-history/MzA1NTc4MjIyNmFkaXF6a2N4/document?format=pdf&download=0	live	-	build_aldermore.py:-;build_aldermore.py:BALANCE_SHEET_SOURCES;build_aldermore.py:CH_2011_URL
https://find-and-update.company-information.service.gov.uk/company/00947662/filing-history/MzA5ODk0MTEwOGFkaXF6a2N4/document?format=pdf&download=0	live	-	build_aldermore.py:-;build_aldermore.py:BALANCE_SHEET_SOURCES;build_aldermore.py:CH_2013_URL
https://find-and-update.company-information.service.gov.uk/company/00947662/filing-history/MzAzNjIxMDA5N2FkaXF6a2N4/document?format=pdf&download=0	live	-	build_aldermore.py:-;build_aldermore.py:BALANCE_SHEET_SOURCES;build_aldermore.py:CH_2010_URL
https://find-and-update.company-information.service.gov.uk/company/00947662/filing-history/MzE0OTEzMjU1M2FkaXF6a2N4/document?format=pdf&download=0	live	-	build_aldermore.py:-;build_aldermore.py:ASSET_QUALITY_SOURCES;build_aldermore.py:BALANCE_SHEET_SOURCES;build_aldermore.py:CASH_FLOW_SOURCES;build_aldermore.py:CH_2015_URL;build_aldermore.py:EQUITY_CHANGES_SOURCES;build_aldermore.py:INCOME_STATEMENT_SOURCES
https://find-and-update.company-information.service.gov.uk/company/00947662/filing-history/MzE3NTQ0MTgwOGFkaXF6a2N4/document?format=pdf&download=0	live	-	build_aldermore.py:-;build_aldermore.py:BALANCE_SHEET_SOURCES;build_aldermore.py:CASH_FLOW_SOURCES;build_aldermore.py:CH_2016_URL;build_aldermore.py:EQUITY_CHANGES_SOURCES;build_aldermore.py:INCOME_STATEMENT_SOURCES
https://find-and-update.company-information.service.gov.uk/company/00947662/filing-history/MzI0OTY0MTQwMWFkaXF6a2N4/document?format=pdf&download=0	live	-	build_aldermore.py:-;build_aldermore.py:BALANCE_SHEET_SOURCES;build_aldermore.py:CASH_FLOW_SOURCES;build_aldermore.py:CH_2019_URL;build_aldermore.py:EQUITY_CHANGES_SOURCES;build_aldermore.py:INCOME_STATEMENT_SOURCES
https://find-and-update.company-information.service.gov.uk/company/00947662/filing-history/MzI4MzMzMzM4OGFkaXF6a2N4/document?format=pdf&download=0	live	-	build_aldermore.py:-;build_aldermore.py:BALANCE_SHEET_SOURCES;build_aldermore.py:CASH_FLOW_SOURCES;build_aldermore.py:CH_2020_URL;build_aldermore.py:INCOME_STATEMENT_SOURCES
https://find-and-update.company-information.service.gov.uk/company/00947662/filing-history/MzIxNzQ4NDUzNmFkaXF6a2N4/document?format=pdf&download=0	live	-	build_aldermore.py:-;build_aldermore.py:CH_2018_URL
https://find-and-update.company-information.service.gov.uk/company/00947662/filing-history/MzM1NTc2ODMxMmFkaXF6a2N4/document?format=pdf&download=0	live	-	build_aldermore.py:-;build_aldermore.py:CASH_FLOW_SOURCES;build_aldermore.py:CH_2022_URL
https://find-and-update.company-information.service.gov.uk/company/00947662/filing-history/MzM5ODA0OTgzOWFkaXF6a2N4/document?format=pdf&download=0	live	-	build_aldermore.py:-;build_aldermore.py:ASSET_QUALITY_SOURCES;build_aldermore.py:BALANCE_SHEET_SOURCES;build_aldermore.py:CASH_FLOW_SOURCES;build_aldermore.py:CH_2023_URL;build_aldermore.py:EQUITY_CHANGES_SOURCES;build_aldermore.py:INCOME_STATEMENT_SOURCES
https://find-and-update.company-information.service.gov.uk/company/00947662/filing-history/MzM5ODA0OTgzOWFkaXF6a2N4/document?format=pdf&download=0)	live	-	build_aldermore.py:-;build_aldermore.py:BALANCE_SHEET_SOURCES
https://find-and-update.company-information.service.gov.uk/company/00947662/filing-history/MzMxODkyMzc2MWFkaXF6a2N4/document?format=pdf&download=0	live	-	build_aldermore.py:-;build_aldermore.py:ASSET_QUALITY_SOURCES;build_aldermore.py:BALANCE_SHEET_SOURCES;build_aldermore.py:CASH_FLOW_SOURCES;build_aldermore.py:CH_2021_URL;build_aldermore.py:EQUITY_CHANGES_SOURCES;build_aldermore.py:INCOME_STATEMENT_SOURCES
https://find-and-update.company-information.service.gov.uk/company/00947662/filing-history/MzMxODkyMzc2MWFkaXF6a2N4/document?format=pdf&download=0)	live	-	build_aldermore.py:-;build_aldermore.py:BALANCE_SHEET_SOURCES
https://find-and-update.company-information.service.gov.uk/company/00947662/filing-history/MzQ0MDgwMDc3OWFkaXF6a2N4/document?format=pdf&download=0	live	-	build_aldermore.py:-;build_aldermore.py:CASH_FLOW_SOURCES;build_aldermore.py:CH_2024_URL
https://find-and-update.company-information.service.gov.uk/company/00947662/filing-history/MzQ4NzM5MDg2MWFkaXF6a2N4/document?format=pdf&download=0	live	-	build_aldermore.py:-;build_aldermore.py:ASSET_QUALITY_SOURCES;build_aldermore.py:BALANCE_SHEET_SOURCES;build_aldermore.py:CASH_FLOW_SOURCES;build_aldermore.py:CH_2025_URL;build_aldermore.py:EQUITY_CHANGES_SOURCES;build_aldermore.py:INCOME_STATEMENT_SOURCES
https://find-and-update.company-information.service.gov.uk/company/00947662/filing-history/MzQ4NzM5MDg2MWFkaXF6a2N4/document?format=pdf&download=0)	live	-	build_aldermore.py:-;build_aldermore.py:BALANCE_SHEET_SOURCES
https://find-and-update.company-information.service.gov.uk/company/00955491/filing-history	live	-	build_tandem.py:-;build_tandem.py:AR2021_URL;build_tandem.py:AR2022_URL;build_tandem.py:AR2023_URL;build_tandem.py:AR2024_URL;build_tandem.py:AR2025_URL;build_tandem.py:CASH_FLOW_SOURCES;build_tandem.py:DEBT_SECURITIES_NOTE
https://find-and-update.company-information.service.gov.uk/company/00964058/filing-history	live	-	build_union_bancaire_privee_uk.py:-;build_union_bancaire_privee_uk.py:CASH_FLOW_SOURCES;build_union_bancaire_privee_uk.py:CH_URL
https://find-and-update.company-information.service.gov.uk/company/00964058/filing-history/MjAzMDE0MDkxOWFkaXF6a2N4/document?format=pdf&download=0	live	-	build_union_bancaire_privee_uk.py:-;build_union_bancaire_privee_uk.py:AR2008_URL;build_union_bancaire_privee_uk.py:STATEMENTS_SOURCES
https://find-and-update.company-information.service.gov.uk/company/00964058/filing-history/MzA1NTc4NzQ2NmFkaXF6a2N4/document?format=pdf&download=0	live	-	build_union_bancaire_privee_uk.py:-;build_union_bancaire_privee_uk.py:AR2011_URL;build_union_bancaire_privee_uk.py:STATEMENTS_SOURCES
https://find-and-update.company-information.service.gov.uk/company/00964058/filing-history/MzA3NzI3NTEyMGFkaXF6a2N4/document?format=pdf&download=0	live	-	build_union_bancaire_privee_uk.py:-;build_union_bancaire_privee_uk.py:AR2012_URL;build_union_bancaire_privee_uk.py:STATEMENTS_SOURCES
https://find-and-update.company-information.service.gov.uk/company/00964058/filing-history/MzA5ODA4NzA3MmFkaXF6a2N4/document?format=pdf&download=0	live	-	build_union_bancaire_privee_uk.py:-;build_union_bancaire_privee_uk.py:AR2013_URL;build_union_bancaire_privee_uk.py:STATEMENTS_SOURCES
https://find-and-update.company-information.service.gov.uk/company/00964058/filing-history/MzAxMzQ2NjU1M2FkaXF6a2N4/document?format=pdf&download=0	live	-	build_union_bancaire_privee_uk.py:-;build_union_bancaire_privee_uk.py:AR2009_URL;build_union_bancaire_privee_uk.py:STATEMENTS_SOURCES
https://find-and-update.company-information.service.gov.uk/company/00964058/filing-history/MzAzNTExMzA5M2FkaXF6a2N4/document?format=pdf&download=0	live	-	build_union_bancaire_privee_uk.py:-;build_union_bancaire_privee_uk.py:AR2010_URL;build_union_bancaire_privee_uk.py:STATEMENTS_SOURCES
https://find-and-update.company-information.service.gov.uk/company/00964058/filing-history/MzE0NjczODM1N2FkaXF6a2N4/document?format=pdf&download=0	live	-	build_union_bancaire_privee_uk.py:-;build_union_bancaire_privee_uk.py:AR2015_URL;build_union_bancaire_privee_uk.py:STATEMENTS_SOURCES
https://find-and-update.company-information.service.gov.uk/company/00964058/filing-history/MzE4NjU0MDgxNWFkaXF6a2N4/document?format=pdf&download=0	live	-	build_union_bancaire_privee_uk.py:-;build_union_bancaire_privee_uk.py:AR2016_URL;build_union_bancaire_privee_uk.py:STATEMENTS_SOURCES
https://find-and-update.company-information.service.gov.uk/company/00964058/filing-history/MzEyNjc3MDQ1OGFkaXF6a2N4/document?format=pdf&download=0	live	-	build_union_bancaire_privee_uk.py:-;build_union_bancaire_privee_uk.py:AR2014_URL;build_union_bancaire_privee_uk.py:STATEMENTS_SOURCES
https://find-and-update.company-information.service.gov.uk/company/00964058/filing-history/MzI0NTk5MTMzNWFkaXF6a2N4/document?format=pdf&download=0	live	-	build_union_bancaire_privee_uk.py:-;build_union_bancaire_privee_uk.py:AR2018_URL;build_union_bancaire_privee_uk.py:STATEMENTS_SOURCES
https://find-and-update.company-information.service.gov.uk/company/00964058/filing-history/MzI3NjIwNDY3M2FkaXF6a2N4/document?format=pdf&download=0	live	-	build_union_bancaire_privee_uk.py:-;build_union_bancaire_privee_uk.py:AR2019_URL;build_union_bancaire_privee_uk.py:STATEMENTS_SOURCES
https://find-and-update.company-information.service.gov.uk/company/00964058/filing-history/MzIxNTcxNzQzMWFkaXF6a2N4/document?format=pdf&download=0	live	-	build_union_bancaire_privee_uk.py:-;build_union_bancaire_privee_uk.py:AR2017_URL;build_union_bancaire_privee_uk.py:STATEMENTS_SOURCES
https://find-and-update.company-information.service.gov.uk/company/00964058/filing-history/MzM1MzcxNDM1MGFkaXF6a2N4/document?format=pdf&download=0	live	-	build_union_bancaire_privee_uk.py:-;build_union_bancaire_privee_uk.py:AR2021_URL;build_union_bancaire_privee_uk.py:STATEMENTS_SOURCES
https://find-and-update.company-information.service.gov.uk/company/00964058/filing-history/MzM5NTQ1NTI3NGFkaXF6a2N4/document?format=pdf&download=0	live	-	build_union_bancaire_privee_uk.py:-;build_union_bancaire_privee_uk.py:AR2022_URL;build_union_bancaire_privee_uk.py:STATEMENTS_SOURCES
https://find-and-update.company-information.service.gov.uk/company/00964058/filing-history/MzMxNTg5OTMwMGFkaXF6a2N4/document?format=pdf&download=0	live	-	build_union_bancaire_privee_uk.py:-;build_union_bancaire_privee_uk.py:AR2020_URL;build_union_bancaire_privee_uk.py:STATEMENTS_SOURCES
https://find-and-update.company-information.service.gov.uk/company/00964058/filing-history/MzQ4Mjg5Njk3OWFkaXF6a2N4/document?format=pdf&download=0	live	-	build_union_bancaire_privee_uk.py:-;build_union_bancaire_privee_uk.py:AR2024_URL;build_union_bancaire_privee_uk.py:STATEMENTS_SOURCES
https://find-and-update.company-information.service.gov.uk/company/00964058/filing-history/MzQyNTQxNTkxNWFkaXF6a2N4/document?format=pdf&download=0	live	-	build_union_bancaire_privee_uk.py:-;build_union_bancaire_privee_uk.py:AR2023_URL;build_union_bancaire_privee_uk.py:STATEMENTS_SOURCES
https://find-and-update.company-information.service.gov.uk/company/00990937/filing-history	live	-	build_coop_bank.py:-;build_coop_bank.py:CH_BASE
https://find-and-update.company-information.service.gov.uk/company/00990937/filing-history/MTA1NzY2NjU4YWRpcXprY3g/document?format=pdf&download=0	live	-	build_coop_bank.py:-;build_coop_bank.py:AR1997_CH_URL;build_coop_bank.py:PL_SOURCES;build_coop_bank.py:STATEMENTS_SOURCES
https://find-and-update.company-information.service.gov.uk/company/00990937/filing-history/MTEyMTAwMDczYWRpcXprY3g/document?format=pdf&download=0	live	-	build_coop_bank.py:-;build_coop_bank.py:AR2002_CH_URL;build_coop_bank.py:PL_SOURCES;build_coop_bank.py:STATEMENTS_SOURCES
https://find-and-update.company-information.service.gov.uk/company/00990937/filing-history/MTI2NTUyNTk5YWRpcXprY3g/document?format=pdf&download=0	live	-	build_coop_bank.py:-;build_coop_bank.py:AR1999_CH_URL;build_coop_bank.py:PL_SOURCES;build_coop_bank.py:STATEMENTS_SOURCES
https://find-and-update.company-information.service.gov.uk/company/00990937/filing-history/MTM2Nzk5NjI5YWRpcXprY3g/document?format=pdf&download=0	live	-	build_coop_bank.py:-;build_coop_bank.py:AR1996_CH_URL;build_coop_bank.py:PL_SOURCES;build_coop_bank.py:STATEMENTS_SOURCES
https://find-and-update.company-information.service.gov.uk/company/00990937/filing-history/MTM5OTg0MTEyYWRpcXprY3g/document?format=pdf&download=0	live	-	build_coop_bank.py:-;build_coop_bank.py:AR1998_CH_URL;build_coop_bank.py:PL_SOURCES;build_coop_bank.py:STATEMENTS_SOURCES
https://find-and-update.company-information.service.gov.uk/company/00990937/filing-history/MTQ5NDQxMjA4YWRpcXprY3g/document?format=pdf&download=0	live	-	build_coop_bank.py:-;build_coop_bank.py:AR1994_CH_URL;build_coop_bank.py:PL_SOURCES;build_coop_bank.py:STATEMENTS_SOURCES
https://find-and-update.company-information.service.gov.uk/company/00990937/filing-history/MTc5MDE4NTg2YWRpcXprY3g/document?format=pdf&download=0	live	-	build_coop_bank.py:-;build_coop_bank.py:AR2006_CH_URL;build_coop_bank.py:CASH_FLOW_SOURCES;build_coop_bank.py:PL_SOURCES;build_coop_bank.py:STATEMENTS_SOURCES
https://find-and-update.company-information.service.gov.uk/company/00990937/filing-history/MjAyNDY1Mjk2M2FkaXF6a2N4/document?format=pdf&download=0	live	-	build_coop_bank.py:-;build_coop_bank.py:AR1973_CH_URL;build_coop_bank.py:PL_SOURCES;build_coop_bank.py:STATEMENTS_SOURCES
https://find-and-update.company-information.service.gov.uk/company/00990937/filing-history/MjAyNDY1Mjk2MmFkaXF6a2N4/document?format=pdf&download=0	live	-	build_coop_bank.py:-;build_coop_bank.py:AR1974_CH_URL;build_coop_bank.py:PL_SOURCES;build_coop_bank.py:STATEMENTS_SOURCES
https://find-and-update.company-information.service.gov.uk/company/00990937/filing-history/MjAyNDY1Mjk2N2FkaXF6a2N4/document?format=pdf&download=0	live	-	build_coop_bank.py:-;build_coop_bank.py:AR1978_CH_URL;build_coop_bank.py:PL_SOURCES;build_coop_bank.py:STATEMENTS_SOURCES
https://find-and-update.company-information.service.gov.uk/company/00990937/filing-history/MjAyNDY1Mjk2NGFkaXF6a2N4/document?format=pdf&download=0	live	-	build_coop_bank.py:-;build_coop_bank.py:AR1976_CH_URL;build_coop_bank.py:PL_SOURCES;build_coop_bank.py:STATEMENTS_SOURCES
https://find-and-update.company-information.service.gov.uk/company/00990937/filing-history/MjAyNDY1Mjk2NWFkaXF6a2N4/document?format=pdf&download=0	live	-	build_coop_bank.py:-;build_coop_bank.py:AR1975_CH_URL;build_coop_bank.py:PL_SOURCES;build_coop_bank.py:STATEMENTS_SOURCES
https://find-and-update.company-information.service.gov.uk/company/00990937/filing-history/MjAyNDY1Mjk2NmFkaXF6a2N4/document?format=pdf&download=0	live	-	build_coop_bank.py:-;build_coop_bank.py:AR1979_CH_URL;build_coop_bank.py:PL_SOURCES;build_coop_bank.py:STATEMENTS_SOURCES
https://find-and-update.company-information.service.gov.uk/company/00990937/filing-history/MjAyNDY1Mjk2OGFkaXF6a2N4/document?format=pdf&download=0	live	-	build_coop_bank.py:-;build_coop_bank.py:AR1977_CH_URL;build_coop_bank.py:PL_SOURCES;build_coop_bank.py:STATEMENTS_SOURCES
https://find-and-update.company-information.service.gov.uk/company/00990937/filing-history/MjAyNDY1Mjk2OWFkaXF6a2N4/document?format=pdf&download=0	live	-	build_coop_bank.py:-;build_coop_bank.py:AR1982_CH_URL;build_coop_bank.py:PL_SOURCES;build_coop_bank.py:STATEMENTS_SOURCES
https://find-and-update.company-information.service.gov.uk/company/00990937/filing-history/MjAyNDY1Mjk3M2FkaXF6a2N4/document?format=pdf&download=0	live	-	build_coop_bank.py:-;build_coop_bank.py:AR1984_CH_URL;build_coop_bank.py:PL_SOURCES;build_coop_bank.py:STATEMENTS_SOURCES
https://find-and-update.company-information.service.gov.uk/company/00990937/filing-history/MjAyNDY1Mjk3MGFkaXF6a2N4/document?format=pdf&download=0	live	-	build_coop_bank.py:-;build_coop_bank.py:AR1981_CH_URL;build_coop_bank.py:PL_SOURCES;build_coop_bank.py:STATEMENTS_SOURCES
https://find-and-update.company-information.service.gov.uk/company/00990937/filing-history/MjAyNDY1Mjk3MWFkaXF6a2N4/document?format=pdf&download=0	live	-	build_coop_bank.py:-;build_coop_bank.py:AR1980_CH_URL;build_coop_bank.py:PL_SOURCES;build_coop_bank.py:STATEMENTS_SOURCES
https://find-and-update.company-information.service.gov.uk/company/00990937/filing-history/MjAyNDY1Mjk3MmFkaXF6a2N4/document?format=pdf&download=0	live	-	build_coop_bank.py:-;build_coop_bank.py:AR1985_CH_URL;build_coop_bank.py:PL_SOURCES;build_coop_bank.py:STATEMENTS_SOURCES
https://find-and-update.company-information.service.gov.uk/company/00990937/filing-history/MjAyNDY1Mjk3NGFkaXF6a2N4/document?format=pdf&download=0	live	-	build_coop_bank.py:-;build_coop_bank.py:AR1983_CH_URL;build_coop_bank.py:PL_SOURCES;build_coop_bank.py:STATEMENTS_SOURCES
https://find-and-update.company-information.service.gov.uk/company/00990937/filing-history/MjAzMjMzNTAyM2FkaXF6a2N4/document?format=pdf&download=0	live	-	build_coop_bank.py:-;build_coop_bank.py:AR2008_CH_URL;build_coop_bank.py:CASH_FLOW_SOURCES;build_coop_bank.py:PL_SOURCES;build_coop_bank.py:STATEMENTS_SOURCES
https://find-and-update.company-information.service.gov.uk/company/00990937/filing-history/MzA3NzEwNzEyOGFkaXF6a2N4/document?format=pdf&download=0	live	-	build_coop_bank.py:-;build_coop_bank.py:AR2012_CH_URL;build_coop_bank.py:CASH_FLOW_SOURCES;build_coop_bank.py:PL_SOURCES;build_coop_bank.py:STATEMENTS_SOURCES
https://find-and-update.company-information.service.gov.uk/company/00990937/filing-history/MzAwNDIyMjdhZGlxemtjeA/document?format=pdf&download=0	live	-	build_coop_bank.py:-;build_coop_bank.py:AR1988_CH_URL;build_coop_bank.py:PL_SOURCES;build_coop_bank.py:STATEMENTS_SOURCES
https://find-and-update.company-information.service.gov.uk/company/00990937/filing-history/MzAxMzExNDY4NGFkaXF6a2N4/document?format=pdf&download=0	live	-	build_coop_bank.py:-;build_coop_bank.py:AR2009_CH_URL;build_coop_bank.py:CASH_FLOW_SOURCES;build_coop_bank.py:PL_SOURCES;build_coop_bank.py:STATEMENTS_SOURCES
https://find-and-update.company-information.service.gov.uk/company/00990937/filing-history/MzAzNTIwNjYxOWFkaXF6a2N4/document?format=pdf&download=0	live	-	build_coop_bank.py:-;build_coop_bank.py:AR2010_CH_URL;build_coop_bank.py:CASH_FLOW_SOURCES;build_coop_bank.py:PL_SOURCES;build_coop_bank.py:STATEMENTS_SOURCES
https://find-and-update.company-information.service.gov.uk/company/00990937/filing-history/MzE5OTExMDdhZGlxemtjeA/document?format=pdf&download=0	live	-	build_coop_bank.py:-;build_coop_bank.py:AR2001_CH_URL;build_coop_bank.py:PL_SOURCES;build_coop_bank.py:STATEMENTS_SOURCES
https://find-and-update.company-information.service.gov.uk/company/00990937/filing-history/MzEwMjk1Njc4M2FkaXF6a2N4/document?format=pdf&download=0	live	-	build_coop_bank.py:-;build_coop_bank.py:AR2013_CH_URL;build_coop_bank.py:CASH_FLOW_SOURCES;build_coop_bank.py:PL_SOURCES;build_coop_bank.py:STATEMENTS_SOURCES
https://find-and-update.company-information.service.gov.uk/company/00990937/filing-history/MzQwNzE1MTJhZGlxemtjeA/document?format=pdf&download=0	live	-	build_coop_bank.py:-;build_coop_bank.py:AR1995_CH_URL;build_coop_bank.py:PL_SOURCES;build_coop_bank.py:STATEMENTS_SOURCES
https://find-and-update.company-information.service.gov.uk/company/00990937/filing-history/NDE5NjQxMjFhZGlxemtjeA/document?format=pdf&download=0	live	-	build_coop_bank.py:-;build_coop_bank.py:AR1990_CH_URL;build_coop_bank.py:PL_SOURCES;build_coop_bank.py:STATEMENTS_SOURCES
https://find-and-update.company-information.service.gov.uk/company/00990937/filing-history/NDk0ODQ2MjdhZGlxemtjeA/document?format=pdf&download=0	live	-	build_coop_bank.py:-;build_coop_bank.py:AR1989_CH_URL;build_coop_bank.py:PL_SOURCES;build_coop_bank.py:STATEMENTS_SOURCES
https://find-and-update.company-information.service.gov.uk/company/00990937/filing-history/NTUxNzgzNDBhZGlxemtjeA/document?format=pdf&download=0	live	-	build_coop_bank.py:-;build_coop_bank.py:AR1987_CH_URL;build_coop_bank.py:PL_SOURCES;build_coop_bank.py:STATEMENTS_SOURCES
https://find-and-update.company-information.service.gov.uk/company/00990937/filing-history/NTg3OTI0NzVhZGlxemtjeA/document?format=pdf&download=0	live	-	build_coop_bank.py:-;build_coop_bank.py:AR1986_CH_URL;build_coop_bank.py:PL_SOURCES;build_coop_bank.py:STATEMENTS_SOURCES
https://find-and-update.company-information.service.gov.uk/company/00990937/filing-history/NjIxOTc0MTVhZGlxemtjeA/document?format=pdf&download=0	live	-	build_coop_bank.py:-;build_coop_bank.py:AR2000_CH_URL;build_coop_bank.py:PL_SOURCES;build_coop_bank.py:STATEMENTS_SOURCES
https://find-and-update.company-information.service.gov.uk/company/00990937/filing-history/OTQ3NzI5NzNhZGlxemtjeA/document?format=pdf&download=0	live	-	build_coop_bank.py:-;build_coop_bank.py:AR2004_CH_URL;build_coop_bank.py:CASH_FLOW_SOURCES;build_coop_bank.py:PL_SOURCES;build_coop_bank.py:STATEMENTS_SOURCES
https://find-and-update.company-information.service.gov.uk/company/00990937/filing-history/OTQ3NzQwNzNhZGlxemtjeA/document?format=pdf&download=0	live	-	build_coop_bank.py:-;build_coop_bank.py:AR1993_CH_URL;build_coop_bank.py:PL_SOURCES;build_coop_bank.py:STATEMENTS_SOURCES
https://find-and-update.company-information.service.gov.uk/company/00990937/filing-history/OTk0ODQ2MjRhZGlxemtjeA/document?format=pdf&download=0	live	-	build_coop_bank.py:-;build_coop_bank.py:AR1991_CH_URL;build_coop_bank.py:PL_SOURCES;build_coop_bank.py:STATEMENTS_SOURCES
https://find-and-update.company-information.service.gov.uk/company/00995939/filing-history/MzE0NTQzNjM1MWFkaXF6a2N4/document?format=pdf&download=0	live	-	build_rbc_europe.py:-
https://find-and-update.company-information.service.gov.uk/company/00995939/filing-history/MzE3MjQyMzYwNmFkaXF6a2N4/document?format=pdf&download=0	live	-	build_rbc_europe.py:-
https://find-and-update.company-information.service.gov.uk/company/00995939/filing-history/MzEyMDE3MjI1NWFkaXF6a2N4/document?format=pdf&download=0	live	-	build_rbc_europe.py:-
https://find-and-update.company-information.service.gov.uk/company/00995939/filing-history/MzI2MDE2OTMwNGFkaXF6a2N4/document?format=pdf&download=0	live	-	build_rbc_europe.py:-
https://find-and-update.company-information.service.gov.uk/company/00995939/filing-history/MzI5NzU5NDkyMWFkaXF6a2N4/document?format=pdf&download=0	live	-	build_rbc_europe.py:-
https://find-and-update.company-information.service.gov.uk/company/00995939/filing-history/MzIwMjY0NzYzMWFkaXF6a2N4/document?format=pdf&download=0	live	-	build_rbc_europe.py:-
https://find-and-update.company-information.service.gov.uk/company/00995939/filing-history/MzIzMTI1OTE5MWFkaXF6a2N4/document?format=pdf&download=0	live	-	build_rbc_europe.py:-
https://find-and-update.company-information.service.gov.uk/company/00995939/filing-history/MzM3Mzk1MDQ0MWFkaXF6a2N4/document?format=pdf&download=0	live	-	build_rbc_europe.py:-
https://find-and-update.company-information.service.gov.uk/company/00995939/filing-history/MzMzNjkyMjU2MGFkaXF6a2N4/document?format=pdf&download=0	live	-	build_rbc_europe.py:-
https://find-and-update.company-information.service.gov.uk/company/00995939/filing-history/MzQ3MTY0MzU5OWFkaXF6a2N4/document?format=pdf&download=0	live	-	build_rbc_europe.py:-
https://find-and-update.company-information.service.gov.uk/company/00995939/filing-history/MzQxNjYxMzY5MmFkaXF6a2N4/document?format=pdf&download=0	live	-	build_rbc_europe.py:-
https://find-and-update.company-information.service.gov.uk/company/00995939/filing-history/MzUxNjA1NTA3MGFkaXF6a2N4/document?format=pdf&download=0	live	-	build_rbc_europe.py:-
https://find-and-update.company-information.service.gov.uk/company/01026167/filing-history	live	-	build_barclays_bank_plc.py:-;build_barclays_bank_plc.py:CH_BASE
https://find-and-update.company-information.service.gov.uk/company/01026167/filing-history/MzM4Mjg0NjA2M2FkaXF6a2N4/document?format=pdf&download=0	live	-	build_barclays_bank_plc.py:-;build_barclays_bank_plc.py:AR22_URL;build_barclays_bank_plc.py:ASSET_QUALITY_NOTE;build_barclays_bank_plc.py:CASH_FLOW_SOURCES;build_barclays_bank_plc.py:STATEMENTS_SOURCES
https://find-and-update.company-information.service.gov.uk/company/01026167/filing-history/MzQ2OTM2NDcwM2FkaXF6a2N4/document?format=pdf&download=0	live	-	build_barclays_bank_plc.py:-;build_barclays_bank_plc.py:AR24_URL;build_barclays_bank_plc.py:AR24_URL_STATEMENTS;build_barclays_bank_plc.py:ASSET_QUALITY_NOTE;build_barclays_bank_plc.py:STATEMENTS_SOURCES
https://find-and-update.company-information.service.gov.uk/company/01026167/filing-history/MzUyMzkyMDY5MmFkaXF6a2N4/document?format=pdf&download=0	live	-	build_barclays_bank_plc.py:-;build_barclays_bank_plc.py:AR25_URL;build_barclays_bank_plc.py:ASSET_QUALITY_NOTE;build_barclays_bank_plc.py:CASH_FLOW_SOURCES;build_barclays_bank_plc.py:STATEMENTS_SOURCES
https://find-and-update.company-information.service.gov.uk/company/01047302/filing-history/MzA5NjQ2MjMzMmFkaXF6a2N4/document?format=pdf&download=0	live	-	build_british_arab_commercial_bank.py:-
https://find-and-update.company-information.service.gov.uk/company/01074897/filing-history/MzM2MTYzNTYxM2FkaXF6a2N4/document?format=pdf&download=0	live	-	build_havin_bank.py:-;build_havin_bank.py:AR2021_URL;build_havin_bank.py:ASSET_QUALITY_SOURCES;build_havin_bank.py:CASH_FLOW_SOURCES;build_havin_bank.py:STATEMENTS_SOURCES
https://find-and-update.company-information.service.gov.uk/company/01074897/filing-history/MzQ0MDMxMDc4MGFkaXF6a2N4/document?format=pdf&download=0	live	-	build_havin_bank.py:-;build_havin_bank.py:AR2023_URL;build_havin_bank.py:ASSET_QUALITY_SOURCES;build_havin_bank.py:STATEMENTS_SOURCES
https://find-and-update.company-information.service.gov.uk/company/01074897/filing-history/MzQ4Mzc3NzE0NWFkaXF6a2N4/document?format=pdf&download=0	live	-	build_havin_bank.py:-;build_havin_bank.py:AR2024_URL;build_havin_bank.py:CASH_FLOW_SOURCES;build_havin_bank.py:STATEMENTS_SOURCES
https://find-and-update.company-information.service.gov.uk/company/01074897/filing-history/MzQyNDMxMDM1M2FkaXF6a2N4/document?format=pdf&download=0	live	-	build_havin_bank.py:-;build_havin_bank.py:AR2022_URL;build_havin_bank.py:CASH_FLOW_SOURCES;build_havin_bank.py:STATEMENTS_SOURCES
https://find-and-update.company-information.service.gov.uk/company/01074897/filing-history/MzUzNzM1MjkyOGFkaXF6a2N4/document?format=pdf&download=0	live	-	build_havin_bank.py:-;build_havin_bank.py:AR2025_URL;build_havin_bank.py:ASSET_QUALITY_SOURCES;build_havin_bank.py:CASH_FLOW_SOURCES;build_havin_bank.py:STATEMENTS_SOURCES
https://find-and-update.company-information.service.gov.uk/company/01122503/filing-history/MzMzODY3Mzc0NGFkaXF6a2N4/document?format=pdf&download=0	live	-	build_goldman_sachs_international_bank.py:-;build_goldman_sachs_international_bank.py:AA_2021_URL;build_goldman_sachs_international_bank.py:ASSET_QUALITY_SOURCES;build_goldman_sachs_international_bank.py:CASH_FLOW_SOURCES;build_goldman_sachs_international_bank.py:EQUITY_SOURCES;build_goldman_sachs_international_bank.py:STATEMENTS_SOURCES_NOTE
https://find-and-update.company-information.service.gov.uk/company/01122503/filing-history/MzQxOTg0MjAwMGFkaXF6a2N4/document?format=pdf&download=0	live	-	build_goldman_sachs_international_bank.py:-;build_goldman_sachs_international_bank.py:AA_2023_URL;build_goldman_sachs_international_bank.py:ASSET_QUALITY_SOURCES;build_goldman_sachs_international_bank.py:CASH_FLOW_SOURCES;build_goldman_sachs_international_bank.py:EQUITY_SOURCES;build_goldman_sachs_international_bank.py:STATEMENTS_SOURCES_NOTE
https://find-and-update.company-information.service.gov.uk/company/01122503/filing-history/MzUxNzc2NzE5OGFkaXF6a2N4/document?format=pdf&download=0	live	-	build_goldman_sachs_international_bank.py:-;build_goldman_sachs_international_bank.py:AA_2025_URL;build_goldman_sachs_international_bank.py:ASSET_QUALITY_SOURCES;build_goldman_sachs_international_bank.py:CASH_FLOW_SOURCES;build_goldman_sachs_international_bank.py:EQUITY_SOURCES;build_goldman_sachs_international_bank.py:STATEMENTS_SOURCES_NOTE
https://find-and-update.company-information.service.gov.uk/company/01126618/filing-history/MzI2MzQzNDY1MmFkaXF6a2N4/document?format=pdf&download=0	live	-	build_bank_saderat.py:-;build_bank_saderat.py:AR2019_URL;build_bank_saderat.py:CASH_FLOW_SOURCES;build_bank_saderat.py:STATEMENTS_SOURCES
https://find-and-update.company-information.service.gov.uk/company/01126618/filing-history/MzI5OTI5MzU3NGFkaXF6a2N4/document?format=pdf&download=0	live	-	build_bank_saderat.py:-;build_bank_saderat.py:AR2020_URL;build_bank_saderat.py:CASH_FLOW_SOURCES;build_bank_saderat.py:STATEMENTS_SOURCES
https://find-and-update.company-information.service.gov.uk/company/01126618/filing-history/MzM3Nzc2OTA1NGFkaXF6a2N4/document?format=pdf&download=0	live	-	build_bank_saderat.py:-;build_bank_saderat.py:AR2022_URL;build_bank_saderat.py:CASH_FLOW_SOURCES;build_bank_saderat.py:STATEMENTS_SOURCES
https://find-and-update.company-information.service.gov.uk/company/01126618/filing-history/MzQ2MzQ4MDU2OWFkaXF6a2N4/document?format=pdf&download=0	live	-	build_bank_saderat.py:-;build_bank_saderat.py:AR2024_URL;build_bank_saderat.py:CASH_FLOW_SOURCES;build_bank_saderat.py:STATEMENTS_SOURCES
https://find-and-update.company-information.service.gov.uk/company/01126618/filing-history/MzUyNzI0MjU2MGFkaXF6a2N4/document?format=pdf&download=0	live	-	build_bank_saderat.py:-;build_bank_saderat.py:AR2025_URL;build_bank_saderat.py:CASH_FLOW_SOURCES;build_bank_saderat.py:STATEMENTS_SOURCES
https://find-and-update.company-information.service.gov.uk/company/01203696/filing-history/MjA0MjM3OTU5NmFkaXF6a2N4/document?format=pdf&download=0	live	-	build_mizuho_international.py:-
https://find-and-update.company-information.service.gov.uk/company/01203696/filing-history/MjAxMDQ0NzA1NmFkaXF6a2N4/document?format=pdf&download=0	live	-	build_mizuho_international.py:-
https://find-and-update.company-information.service.gov.uk/company/01203696/filing-history/MzA0NDQ4MDc5N2FkaXF6a2N4/document?format=pdf&download=0	live	-	build_mizuho_international.py:-
https://find-and-update.company-information.service.gov.uk/company/01203696/filing-history/MzA2NTI2MzY4MGFkaXF6a2N4/document?format=pdf&download=0	live	-	build_mizuho_international.py:-
https://find-and-update.company-information.service.gov.uk/company/01203696/filing-history/MzA4MDE5NTMxMmFkaXF6a2N4/document?format=pdf&download=0	live	-	build_mizuho_international.py:-
https://find-and-update.company-information.service.gov.uk/company/01203696/filing-history/MzAyMzM2MTY3OWFkaXF6a2N4/document?format=pdf&download=0	live	-	build_mizuho_international.py:-
https://find-and-update.company-information.service.gov.uk/company/01203696/filing-history/MzEwNDY4NTMyOGFkaXF6a2N4/document?format=pdf&download=0	live	-	build_mizuho_international.py:-
https://find-and-update.company-information.service.gov.uk/company/01223938/filing-history	live	-	build_gulf_international_bank_uk.py:-;build_gulf_international_bank_uk.py:CH_BASE
https://find-and-update.company-information.service.gov.uk/company/01223938/filing-history/MzM1NTYyODEwMGFkaXF6a2N4/document?format=pdf&download=0	live	-	build_gulf_international_bank_uk.py:-;build_gulf_international_bank_uk.py:AR2021_URL;build_gulf_international_bank_uk.py:ASSET_QUALITY_SOURCES;build_gulf_international_bank_uk.py:CASH_FLOW_SOURCES;build_gulf_international_bank_uk.py:EQUITY_SOURCES;build_gulf_international_bank_uk.py:STATEMENTS_SOURCES
https://find-and-update.company-information.service.gov.uk/company/01223938/filing-history/MzM3NTI0MDA2MmFkaXF6a2N4/document?format=pdf&download=0	live	-	build_gulf_international_bank_uk.py:-;build_gulf_international_bank_uk.py:AR2022_URL;build_gulf_international_bank_uk.py:CASH_FLOW_SOURCES
https://find-and-update.company-information.service.gov.uk/company/01223938/filing-history/MzMxMzAyNDY0OGFkaXF6a2N4/document?format=pdf&download=0	live	-	build_gulf_international_bank_uk.py:-;build_gulf_international_bank_uk.py:AR2020_URL;build_gulf_international_bank_uk.py:ASSET_QUALITY_SOURCES;build_gulf_international_bank_uk.py:CASH_FLOW_SOURCES;build_gulf_international_bank_uk.py:EQUITY_SOURCES;build_gulf_international_bank_uk.py:STATEMENTS_SOURCES
https://find-and-update.company-information.service.gov.uk/company/01223938/filing-history/MzQ2MTE4ODYxN2FkaXF6a2N4/document?format=pdf&download=0	live	-	build_gulf_international_bank_uk.py:-;build_gulf_international_bank_uk.py:AR2024_URL;build_gulf_international_bank_uk.py:ASSET_QUALITY_SOURCES;build_gulf_international_bank_uk.py:CASH_FLOW_SOURCES;build_gulf_international_bank_uk.py:EQUITY_SOURCES;build_gulf_international_bank_uk.py:STATEMENTS_SOURCES
https://find-and-update.company-information.service.gov.uk/company/01223938/filing-history/MzQxNzM5ODc0MWFkaXF6a2N4/document?format=pdf&download=0	live	-	build_gulf_international_bank_uk.py:-;build_gulf_international_bank_uk.py:AR2023_URL;build_gulf_international_bank_uk.py:ASSET_QUALITY_SOURCES;build_gulf_international_bank_uk.py:CASH_FLOW_SOURCES;build_gulf_international_bank_uk.py:EQUITY_SOURCES;build_gulf_international_bank_uk.py:STATEMENTS_SOURCES
https://find-and-update.company-information.service.gov.uk/company/01311315/filing-history/MzE3NDY4MzczMWFkaXF6a2N4/document?format=pdf&download=0	live	-	build_hampshire_trust_bank.py:-;build_hampshire_trust_bank.py:AR2016_CH_URL;build_hampshire_trust_bank.py:CASH_FLOW_SOURCES
https://find-and-update.company-information.service.gov.uk/company/01311315/filing-history/MzI3MTk4MjMzN2FkaXF6a2N4/document?format=pdf&download=0	live	-	build_hampshire_trust_bank.py:-;build_hampshire_trust_bank.py:AR2019_CH_URL;build_hampshire_trust_bank.py:BS_SOURCES;build_hampshire_trust_bank.py:CASH_FLOW_SOURCES;build_hampshire_trust_bank.py:EQ_SOURCES;build_hampshire_trust_bank.py:PL_SOURCES
https://find-and-update.company-information.service.gov.uk/company/01311315/filing-history/MzIwNDA2OTI3M2FkaXF6a2N4/document?format=pdf&download=0	live	-	build_hampshire_trust_bank.py:-;build_hampshire_trust_bank.py:AR2017_CH_URL;build_hampshire_trust_bank.py:CASH_FLOW_SOURCES
https://find-and-update.company-information.service.gov.uk/company/01311315/filing-history/MzIzNzQ4OTc1NWFkaXF6a2N4/document?format=pdf&download=0	live	-	build_hampshire_trust_bank.py:-;build_hampshire_trust_bank.py:AQ_SOURCES;build_hampshire_trust_bank.py:AR2018_CH_URL;build_hampshire_trust_bank.py:BS_SOURCES;build_hampshire_trust_bank.py:CASH_FLOW_SOURCES;build_hampshire_trust_bank.py:EQ_SOURCES;build_hampshire_trust_bank.py:PL_SOURCES
https://find-and-update.company-information.service.gov.uk/company/01311315/filing-history/MzM0MjI1MzEyMmFkaXF6a2N4/document?format=pdf&download=0	live	-	build_hampshire_trust_bank.py:-;build_hampshire_trust_bank.py:AQ_SOURCES;build_hampshire_trust_bank.py:AR2021_URL;build_hampshire_trust_bank.py:BS_SOURCES;build_hampshire_trust_bank.py:CASH_FLOW_SOURCES;build_hampshire_trust_bank.py:EQ_SOURCES;build_hampshire_trust_bank.py:PL_SOURCES
https://find-and-update.company-information.service.gov.uk/company/01311315/filing-history/MzM4ODU3ODUzOWFkaXF6a2N4/document?format=pdf&download=0	live	-	build_hampshire_trust_bank.py:-;build_hampshire_trust_bank.py:AR2022_URL;build_hampshire_trust_bank.py:BS_SOURCES;build_hampshire_trust_bank.py:CASH_FLOW_SOURCES;build_hampshire_trust_bank.py:EQ_SOURCES;build_hampshire_trust_bank.py:PL_SOURCES
https://find-and-update.company-information.service.gov.uk/company/01311315/filing-history/MzMwMjA1NDQ0MWFkaXF6a2N4/document?format=pdf&download=0	live	-	build_hampshire_trust_bank.py:-;build_hampshire_trust_bank.py:AR2020_CH_URL;build_hampshire_trust_bank.py:CASH_FLOW_SOURCES
https://find-and-update.company-information.service.gov.uk/company/01311315/filing-history/MzQ2NTc0NTU3N2FkaXF6a2N4/document?format=pdf&download=0	live	-	build_hampshire_trust_bank.py:-;build_hampshire_trust_bank.py:AQ_SOURCES;build_hampshire_trust_bank.py:AR2024_URL;build_hampshire_trust_bank.py:BS_SOURCES;build_hampshire_trust_bank.py:CASH_FLOW_SOURCES;build_hampshire_trust_bank.py:EQ_SOURCES;build_hampshire_trust_bank.py:PL_SOURCES
https://find-and-update.company-information.service.gov.uk/company/01311315/filing-history/MzQyNDU2MzAzMmFkaXF6a2N4/document?format=pdf&download=0	live	-	build_hampshire_trust_bank.py:-;build_hampshire_trust_bank.py:AR2023_URL;build_hampshire_trust_bank.py:BS_SOURCES;build_hampshire_trust_bank.py:CASH_FLOW_SOURCES;build_hampshire_trust_bank.py:EQ_SOURCES;build_hampshire_trust_bank.py:PL_SOURCES
https://find-and-update.company-information.service.gov.uk/company/01311315/filing-history/MzUyMTMxMjk3OWFkaXF6a2N4/document?format=pdf&download=0	live	-	build_hampshire_trust_bank.py:-;build_hampshire_trust_bank.py:AQ_SOURCES;build_hampshire_trust_bank.py:AR2025_URL;build_hampshire_trust_bank.py:BS_SOURCES;build_hampshire_trust_bank.py:CASH_FLOW_SOURCES;build_hampshire_trust_bank.py:EQ_SOURCES;build_hampshire_trust_bank.py:PL_SOURCES
https://find-and-update.company-information.service.gov.uk/company/01448919/filing-history/MzM0MjM1MjU5OWFkaXF6a2N4/document?download=0&format=pdf	live	-	build_rathbones.py:-;build_rathbones.py:AR2021_URL;build_rathbones.py:CASH_SOURCES;build_rathbones.py:RCR_SOURCES
https://find-and-update.company-information.service.gov.uk/company/01448919/filing-history/MzM4MTE3NjI0OGFkaXF6a2N4/document?download=0&format=pdf	live	-	build_rathbones.py:-;build_rathbones.py:AR2022_URL;build_rathbones.py:CASH_SOURCES;build_rathbones.py:RCR_SOURCES;build_rathbones.py:STATEMENTS_SOURCES
https://find-and-update.company-information.service.gov.uk/company/01448919/filing-history/MzQ3MzI5ODI4OWFkaXF6a2N4/document?download=0&format=pdf	live	-	build_rathbones.py:-;build_rathbones.py:AR2024_URL;build_rathbones.py:CASH_SOURCES;build_rathbones.py:RCR_SOURCES;build_rathbones.py:STATEMENTS_SOURCES
https://find-and-update.company-information.service.gov.uk/company/01448919/filing-history/MzQyMjI5MjUwM2FkaXF6a2N4/document?download=0&format=pdf	live	-	build_rathbones.py:-;build_rathbones.py:AR2023_URL;build_rathbones.py:CASH_SOURCES;build_rathbones.py:RCR_SOURCES;build_rathbones.py:STATEMENTS_SOURCES
https://find-and-update.company-information.service.gov.uk/company/01448919/filing-history/MzUyMjY1MjQyNWFkaXF6a2N4/document?download=0&format=pdf	live	-	build_rathbones.py:-;build_rathbones.py:AR2025_URL;build_rathbones.py:CASH_SOURCES;build_rathbones.py:RCR_SOURCES;build_rathbones.py:STATEMENTS_SOURCES
https://find-and-update.company-information.service.gov.uk/company/01713124/filing-history/MzI2NzM2MDE4NWFkaXF6a2N4/document?format=pdf&download=0	live	-	build_unity_trust.py:-;build_unity_trust.py:ASSET_QUALITY_SOURCES;build_unity_trust.py:CASH_FLOW_SOURCES;build_unity_trust.py:CH_2019_URL;build_unity_trust.py:STATEMENTS_SOURCES
https://find-and-update.company-information.service.gov.uk/company/01713124/filing-history/MzI5NzIyNTE1N2FkaXF6a2N4/document?format=pdf&download=0	live	-	build_unity_trust.py:-;build_unity_trust.py:ASSET_QUALITY_SOURCES;build_unity_trust.py:CASH_FLOW_SOURCES;build_unity_trust.py:CH_2020_URL;build_unity_trust.py:STATEMENTS_SOURCES
https://find-and-update.company-information.service.gov.uk/company/01713124/filing-history/MzIzMTYwOTI0NmFkaXF6a2N4/document?format=pdf&download=0	live	-	build_unity_trust.py:-;build_unity_trust.py:CASH_FLOW_SOURCES;build_unity_trust.py:CH_2018_URL;build_unity_trust.py:STATEMENTS_SOURCES
https://find-and-update.company-information.service.gov.uk/company/01719649/filing-history	live	-	build_hbl_bank_uk.py:-;build_hbl_bank_uk.py:CH_BASE
https://find-and-update.company-information.service.gov.uk/company/01719649/filing-history/MzM1NjI2OTMyN2FkaXF6a2N4/document?format=pdf&download=0	live	-	build_hbl_bank_uk.py:-;build_hbl_bank_uk.py:AR2021_URL;build_hbl_bank_uk.py:ASSET_QUALITY_SOURCES;build_hbl_bank_uk.py:STATEMENTS_SOURCES
https://find-and-update.company-information.service.gov.uk/company/01719649/filing-history/MzM4OTg0MTU0M2FkaXF6a2N4/document?format=pdf&download=0	live	-	build_hbl_bank_uk.py:-;build_hbl_bank_uk.py:AR2022_URL;build_hbl_bank_uk.py:ASSET_QUALITY_SOURCES;build_hbl_bank_uk.py:CASH_FLOW_SOURCES;build_hbl_bank_uk.py:STATEMENTS_SOURCES
https://find-and-update.company-information.service.gov.uk/company/01719649/filing-history/MzQ2NzY3NzI2OWFkaXF6a2N4/document?format=pdf&download=0	live	-	build_hbl_bank_uk.py:-;build_hbl_bank_uk.py:AR2024_URL;build_hbl_bank_uk.py:ASSET_QUALITY_SOURCES;build_hbl_bank_uk.py:CASH_FLOW_SOURCES;build_hbl_bank_uk.py:STATEMENTS_SOURCES
https://find-and-update.company-information.service.gov.uk/company/01719649/filing-history/MzQzNjc2MDc4MWFkaXF6a2N4/document?format=pdf&download=0	live	-	build_hbl_bank_uk.py:-;build_hbl_bank_uk.py:AR2023_URL;build_hbl_bank_uk.py:ASSET_QUALITY_SOURCES;build_hbl_bank_uk.py:CASH_FLOW_SOURCES;build_hbl_bank_uk.py:STATEMENTS_SOURCES
https://find-and-update.company-information.service.gov.uk/company/01719649/filing-history/MzUxODk2NjE4MWFkaXF6a2N4/document?format=pdf&download=0	live	-	build_hbl_bank_uk.py:-;build_hbl_bank_uk.py:AR2025_URL;build_hbl_bank_uk.py:ASSET_QUALITY_SOURCES;build_hbl_bank_uk.py:CASH_FLOW_SOURCES;build_hbl_bank_uk.py:STATEMENTS_SOURCES
https://find-and-update.company-information.service.gov.uk/company/01772585/filing-history/MzM0MzE4NDc0N2FkaXF6a2N4/document?format=pdf&download=0	live	-	build_marks_and_spencer_financial_services.py:-
https://find-and-update.company-information.service.gov.uk/company/01772585/filing-history/MzM4NDYyNTMxMWFkaXF6a2N4/document?format=pdf&download=0	live	-	build_marks_and_spencer_financial_services.py:-
https://find-and-update.company-information.service.gov.uk/company/01772585/filing-history/MzQ3MTYzOTk3NmFkaXF6a2N4/document?format=pdf&download=0	live	-	build_marks_and_spencer_financial_services.py:-
https://find-and-update.company-information.service.gov.uk/company/01772585/filing-history/MzQyNjY3NDIyNmFkaXF6a2N4/document?format=pdf&download=0	live	-	build_marks_and_spencer_financial_services.py:-
https://find-and-update.company-information.service.gov.uk/company/01772585/filing-history/MzUyNzI0MDUzNGFkaXF6a2N4/document?format=pdf&download=0	live	-	build_marks_and_spencer_financial_services.py:-
https://find-and-update.company-information.service.gov.uk/company/01814093/filing-history	live	-	build_jordan_international_bank.py:-;build_jordan_international_bank.py:CH_BASE
https://find-and-update.company-information.service.gov.uk/company/01814093/filing-history/MzE3NTk2MTg3NWFkaXF6a2N4/document?format=pdf&download=0	live	-	build_jordan_international_bank.py:-;build_jordan_international_bank.py:AR2016_URL;build_jordan_international_bank.py:CASH_FLOW_SOURCES
https://find-and-update.company-information.service.gov.uk/company/01814093/filing-history/MzI3MjMxMDgyMmFkaXF6a2N4/document?format=pdf&download=0	live	-	build_jordan_international_bank.py:-;build_jordan_international_bank.py:AR2019_URL;build_jordan_international_bank.py:CASH_FLOW_SOURCES
https://find-and-update.company-information.service.gov.uk/company/01814093/filing-history/MzIwMzMyNzI2NWFkaXF6a2N4/document?format=pdf&download=0	live	-	build_jordan_international_bank.py:-;build_jordan_international_bank.py:AR2017_URL;build_jordan_international_bank.py:CASH_FLOW_SOURCES
https://find-and-update.company-information.service.gov.uk/company/01814093/filing-history/MzIzNjcxMTg2MGFkaXF6a2N4/document?format=pdf&download=0	live	-	build_jordan_international_bank.py:-;build_jordan_international_bank.py:AR2018_URL;build_jordan_international_bank.py:CASH_FLOW_SOURCES
https://find-and-update.company-information.service.gov.uk/company/01814093/filing-history/MzM3OTQ2NzM2OWFkaXF6a2N4/document?format=pdf&download=0	live	-	build_jordan_international_bank.py:-;build_jordan_international_bank.py:AR2022_URL;build_jordan_international_bank.py:CASH_FLOW_SOURCES
https://find-and-update.company-information.service.gov.uk/company/01814093/filing-history/MzMwMjEyMjEzMmFkaXF6a2N4/document?format=pdf&download=0	live	-	build_jordan_international_bank.py:-;build_jordan_international_bank.py:AR2020_URL;build_jordan_international_bank.py:CASH_FLOW_SOURCES
https://find-and-update.company-information.service.gov.uk/company/01814093/filing-history/MzMzNzcwMzA4MGFkaXF6a2N4/document?format=pdf&download=0	live	-	build_jordan_international_bank.py:-;build_jordan_international_bank.py:AR2021_URL;build_jordan_international_bank.py:CASH_FLOW_SOURCES
https://find-and-update.company-information.service.gov.uk/company/01814093/filing-history/MzQ2NjcyMDU4MGFkaXF6a2N4/document?format=pdf&download=0	live	-	build_jordan_international_bank.py:-;build_jordan_international_bank.py:AR2024_URL;build_jordan_international_bank.py:CASH_FLOW_SOURCES
https://find-and-update.company-information.service.gov.uk/company/01814093/filing-history/MzQyMjAyODYxMmFkaXF6a2N4/document?format=pdf&download=0	live	-	build_jordan_international_bank.py:-;build_jordan_international_bank.py:AR2023_URL;build_jordan_international_bank.py:CASH_FLOW_SOURCES
https://find-and-update.company-information.service.gov.uk/company/01814093/filing-history/MzUyMzkyMzgzOGFkaXF6a2N4/document?format=pdf&download=0	live	-	build_jordan_international_bank.py:-;build_jordan_international_bank.py:AR2025_URL;build_jordan_international_bank.py:CASH_FLOW_SOURCES
https://find-and-update.company-information.service.gov.uk/company/01837656/filing-history	live	-	build_caf_bank.py:-;build_caf_bank.py:CH_BASE
https://find-and-update.company-information.service.gov.uk/company/01837656/filing-history/MzI3NzEzMDk0OWFkaXF6a2N4/document?format=pdf&download=0	live	-	build_caf_bank.py:-;build_caf_bank.py:AR2020_URL;build_caf_bank.py:ASSET_QUALITY_SOURCES;build_caf_bank.py:CASH_FLOW_SOURCES;build_caf_bank.py:DEBT_SECURITIES_BREAKDOWN_NOTE;build_caf_bank.py:STATEMENTS_SOURCES
https://find-and-update.company-information.service.gov.uk/company/01837656/filing-history/MzM5MjYwNDE2NmFkaXF6a2N4/document?format=pdf&download=0	live	-	build_caf_bank.py:-;build_caf_bank.py:AR2023_URL;build_caf_bank.py:CASH_FLOW_SOURCES;build_caf_bank.py:DEBT_SECURITIES_BREAKDOWN_NOTE;build_caf_bank.py:STATEMENTS_SOURCES
https://find-and-update.company-information.service.gov.uk/company/01837656/filing-history/MzMxMTMwNTcwNWFkaXF6a2N4/document?format=pdf&download=0	live	-	build_caf_bank.py:-;build_caf_bank.py:AR2021_URL;build_caf_bank.py:ASSET_QUALITY_SOURCES;build_caf_bank.py:CASH_FLOW_SOURCES;build_caf_bank.py:DEBT_SECURITIES_BREAKDOWN_NOTE;build_caf_bank.py:STATEMENTS_SOURCES
https://find-and-update.company-information.service.gov.uk/company/01837656/filing-history/MzUwNDA1NTExOGFkaXF6a2N4/document?format=pdf&download=0	live	-	build_caf_bank.py:-;build_caf_bank.py:AR2025_URL;build_caf_bank.py:CASH_FLOW_SOURCES;build_caf_bank.py:DEBT_SECURITIES_BREAKDOWN_NOTE;build_caf_bank.py:PILLAR3_SOURCES;build_caf_bank.py:STATEMENTS_SOURCES
https://find-and-update.company-information.service.gov.uk/company/02009520/filing-history/MzE3NDY1MzYyMmFkaXF6a2N4/document?format=pdf&download=0	live	-	build_credit_suisse_uk.py:-;build_credit_suisse_uk.py:AR2016_URL;build_credit_suisse_uk.py:ASSET_QUALITY_SOURCES;build_credit_suisse_uk.py:CASH_FLOW_SOURCES;build_credit_suisse_uk.py:STATEMENTS_SOURCES
https://find-and-update.company-information.service.gov.uk/company/02009520/filing-history/MzI2MjYyNzE3OGFkaXF6a2N4/document?format=pdf&download=0	live	-	build_credit_suisse_uk.py:-;build_credit_suisse_uk.py:AR2019_URL;build_credit_suisse_uk.py:ASSET_QUALITY_SOURCES;build_credit_suisse_uk.py:CASH_FLOW_SOURCES;build_credit_suisse_uk.py:STATEMENTS_SOURCES
https://find-and-update.company-information.service.gov.uk/company/02009520/filing-history/MzIwMzkxNjcwMmFkaXF6a2N4/document?format=pdf&download=0	live	-	build_credit_suisse_uk.py:-;build_credit_suisse_uk.py:AR2017_URL;build_credit_suisse_uk.py:ASSET_QUALITY_SOURCES;build_credit_suisse_uk.py:CASH_FLOW_SOURCES;build_credit_suisse_uk.py:STATEMENTS_SOURCES
https://find-and-update.company-information.service.gov.uk/company/02009520/filing-history/MzIzMzQ0Nzg3OWFkaXF6a2N4/document?format=pdf&download=0	live	-	build_credit_suisse_uk.py:-;build_credit_suisse_uk.py:AR2018_URL;build_credit_suisse_uk.py:CASH_FLOW_SOURCES;build_credit_suisse_uk.py:STATEMENTS_SOURCES
https://find-and-update.company-information.service.gov.uk/company/02009520/filing-history/MzMwMTQ3Nzk1MmFkaXF6a2N4/document?format=pdf&download=0	live	-	build_credit_suisse_uk.py:-;build_credit_suisse_uk.py:AR2020_URL;build_credit_suisse_uk.py:ASSET_QUALITY_SOURCES;build_credit_suisse_uk.py:CASH_FLOW_SOURCES;build_credit_suisse_uk.py:STATEMENTS_SOURCES
https://find-and-update.company-information.service.gov.uk/company/02009520/filing-history/MzMzNzU0NDMwOWFkaXF6a2N4/document?format=pdf&download=0	live	-	build_credit_suisse_uk.py:-;build_credit_suisse_uk.py:AR2021_URL;build_credit_suisse_uk.py:ASSET_QUALITY_SOURCES;build_credit_suisse_uk.py:CASH_FLOW_SOURCES;build_credit_suisse_uk.py:STATEMENTS_SOURCES
https://find-and-update.company-information.service.gov.uk/company/02009520/filing-history/MzQxOTY5NDQ0MWFkaXF6a2N4/document?format=pdf&download=0	live	-	build_credit_suisse_uk.py:-;build_credit_suisse_uk.py:AR2023_URL;build_credit_suisse_uk.py:ASSET_QUALITY_SOURCES;build_credit_suisse_uk.py:CASH_FLOW_SOURCES;build_credit_suisse_uk.py:STATEMENTS_SOURCES
https://find-and-update.company-information.service.gov.uk/company/02009520/filing-history/MzUxNzE0OTI3NGFkaXF6a2N4/document?format=pdf&download=0	live	-	build_credit_suisse_uk.py:-;build_credit_suisse_uk.py:AR2025_URL;build_credit_suisse_uk.py:ASSET_QUALITY_SOURCES;build_credit_suisse_uk.py:CASH_FLOW_SOURCES;build_credit_suisse_uk.py:STATEMENTS_SOURCES
https://find-and-update.company-information.service.gov.uk/company/02280926	live	-	build_schroder.py:-;build_schroder.py:CASH_SOURCES;build_schroder.py:CH_URL;build_schroder.py:STATEMENTS_SOURCES
https://find-and-update.company-information.service.gov.uk/company/02280926/filing-history/MzM3NDc5MjQzOGFkaXF6a2N4/document?download=0&format=pdf	live	-	build_schroder.py:-
https://find-and-update.company-information.service.gov.uk/company/02280926/filing-history/MzMzNTY5MDAyOGFkaXF6a2N4/document?download=0&format=pdf	live	-	build_schroder.py:-
https://find-and-update.company-information.service.gov.uk/company/02280926/filing-history/MzQ2MjI2NjAwNmFkaXF6a2N4/document?download=0&format=pdf	live	-	build_schroder.py:-
https://find-and-update.company-information.service.gov.uk/company/02280926/filing-history/MzQxNzc4NDk4OGFkaXF6a2N4/document?download=0&format=pdf	live	-	build_schroder.py:-
https://find-and-update.company-information.service.gov.uk/company/02280926/filing-history/MzUxODQzNTIxOWFkaXF6a2N4/document?download=0&format=pdf	live	-	build_schroder.py:-
https://find-and-update.company-information.service.gov.uk/company/02321802/filing-history/MzM4ODQ3NjMwOWFkaXF6a2N4/document?format=pdf&download=0	live	-	build_efg_private_bank.py:-;build_efg_private_bank.py:AR2022_URL;build_efg_private_bank.py:ASSET_QUALITY_SOURCES;build_efg_private_bank.py:BS_IS_EQ_SOURCES;build_efg_private_bank.py:CASH_FLOW_SOURCES;build_efg_private_bank.py:INVESTMENT_SECURITIES_NOTE
https://find-and-update.company-information.service.gov.uk/company/02321802/filing-history/MzMzODA1ODgyNmFkaXF6a2N4/document?format=pdf&download=0	live	-	build_efg_private_bank.py:-;build_efg_private_bank.py:AR2021_URL;build_efg_private_bank.py:CASH_FLOW_SOURCES
https://find-and-update.company-information.service.gov.uk/company/02321802/filing-history/MzQ2ODA5NDQ2MGFkaXF6a2N4/document?format=pdf&download=0	live	-	build_efg_private_bank.py:-;build_efg_private_bank.py:AR2024_URL;build_efg_private_bank.py:ASSET_QUALITY_SOURCES;build_efg_private_bank.py:BS_IS_EQ_SOURCES;build_efg_private_bank.py:CASH_FLOW_SOURCES;build_efg_private_bank.py:INVESTMENT_SECURITIES_NOTE
https://find-and-update.company-information.service.gov.uk/company/02321802/filing-history/MzQyMTAwMDI4OGFkaXF6a2N4/document?format=pdf&download=0	live	-	build_efg_private_bank.py:-;build_efg_private_bank.py:AR2023_URL;build_efg_private_bank.py:ASSET_QUALITY_SOURCES;build_efg_private_bank.py:BS_IS_EQ_SOURCES;build_efg_private_bank.py:CASH_FLOW_SOURCES;build_efg_private_bank.py:INVESTMENT_SECURITIES_NOTE
https://find-and-update.company-information.service.gov.uk/company/02500199/filing-history/MzE0NTU0ODE5NWFkaXF6a2N4/document?format=pdf&download=0	live	-	build_credit_suisse_international.py:-
https://find-and-update.company-information.service.gov.uk/company/02500199/filing-history/MzE3NTQ0MjEyNWFkaXF6a2N4/document?format=pdf&download=0	live	-	build_credit_suisse_international.py:-
https://find-and-update.company-information.service.gov.uk/company/02500199/filing-history/MzI2MTMzMDczMmFkaXF6a2N4/document?format=pdf&download=0	live	-	build_credit_suisse_international.py:-
https://find-and-update.company-information.service.gov.uk/company/02500199/filing-history/MzIwMjIxNDAzMWFkaXF6a2N4/document?format=pdf&download=0	live	-	build_credit_suisse_international.py:-
https://find-and-update.company-information.service.gov.uk/company/02500199/filing-history/MzIzMTA0NjM5NGFkaXF6a2N4/document?format=pdf&download=0	live	-	build_credit_suisse_international.py:-
https://find-and-update.company-information.service.gov.uk/company/02500199/filing-history/MzMwMTQ3Mjk3N2FkaXF6a2N4/document?format=pdf&download=0	live	-	build_credit_suisse_international.py:-
https://find-and-update.company-information.service.gov.uk/company/02500199/filing-history/MzMzMjg3NzIzMGFkaXF6a2N4/document?format=pdf&download=0	live	-	build_credit_suisse_international.py:-
https://find-and-update.company-information.service.gov.uk/company/02500199/filing-history/MzQxNzkxNzIxNWFkaXF6a2N4/document?format=pdf&download=0	live	-	build_credit_suisse_international.py:-
https://find-and-update.company-information.service.gov.uk/company/02500199/filing-history/MzUxNDA4Njk0M2FkaXF6a2N4/document?format=pdf&download=0	live	-	build_credit_suisse_international.py:-
https://find-and-update.company-information.service.gov.uk/company/02558509/filing-history	live	-	build_vanquis.py:-;build_vanquis.py:CH_BASE
https://find-and-update.company-information.service.gov.uk/company/02558509/filing-history/MzA1NTU3NTQzNGFkaXF6a2N4/document?format=pdf&download=0	live	-	build_vanquis.py:-;build_vanquis.py:AR2011_CH_URL;build_vanquis.py:CASH_FLOW_SOURCES;build_vanquis.py:HD074_NOTE
https://find-and-update.company-information.service.gov.uk/company/02558509/filing-history/MzA3ODQwOTY4MWFkaXF6a2N4/document?format=pdf&download=0	live	-	build_vanquis.py:-;build_vanquis.py:AR2012_CH_URL;build_vanquis.py:CASH_FLOW_SOURCES;build_vanquis.py:HD074_NOTE
https://find-and-update.company-information.service.gov.uk/company/02558509/filing-history/MzA5OTg0MDE4NWFkaXF6a2N4/document?format=pdf&download=0	live	-	build_vanquis.py:-;build_vanquis.py:AR2013_CH_URL;build_vanquis.py:CASH_FLOW_SOURCES;build_vanquis.py:HD074_NOTE
https://find-and-update.company-information.service.gov.uk/company/02558509/filing-history/MzAzNTYxMDE0MGFkaXF6a2N4/document?format=pdf&download=0	live	-	build_vanquis.py:-;build_vanquis.py:AR2010_CH_URL;build_vanquis.py:CASH_FLOW_SOURCES;build_vanquis.py:HD074_NOTE
https://find-and-update.company-information.service.gov.uk/company/02558509/filing-history/MzE0NTU0NTQ4OWFkaXF6a2N4/document?format=pdf&download=0	live	-	build_vanquis.py:-;build_vanquis.py:AR2015_URL
https://find-and-update.company-information.service.gov.uk/company/02558509/filing-history/MzE3Mjg3NDA2OGFkaXF6a2N4/document?format=pdf&download=0	live	-	build_vanquis.py:-;build_vanquis.py:AR2016_URL;build_vanquis.py:CASH_FLOW_SOURCES
https://find-and-update.company-information.service.gov.uk/company/02558509/filing-history/MzEzMzA5NjUxM2FkaXF6a2N4/document?format=pdf&download=0	live	-	build_vanquis.py:-;build_vanquis.py:AR2014_URL;build_vanquis.py:CASH_FLOW_SOURCES
https://find-and-update.company-information.service.gov.uk/company/02558509/filing-history/MzI1OTkzNjY4M2FkaXF6a2N4/document?format=pdf&download=0	live	-	build_vanquis.py:-;build_vanquis.py:AR2019_URL
https://find-and-update.company-information.service.gov.uk/company/02558509/filing-history/MzIwMzQ0MjQ5MGFkaXF6a2N4/document?format=pdf&download=0	live	-	build_vanquis.py:-;build_vanquis.py:AR2017_URL
https://find-and-update.company-information.service.gov.uk/company/02558509/filing-history/MzIzMTgyMDcyOGFkaXF6a2N4/document?format=pdf&download=0	live	-	build_vanquis.py:-;build_vanquis.py:AR2018_URL;build_vanquis.py:CASH_FLOW_SOURCES
https://find-and-update.company-information.service.gov.uk/company/02558509/filing-history/MzMxMjg4NDQzM2FkaXF6a2N4/document?format=pdf&download=0	live	-	build_vanquis.py:-;build_vanquis.py:AR2020_URL;build_vanquis.py:CASH_FLOW_SOURCES
https://find-and-update.company-information.service.gov.uk/company/02558509/filing-history/MzQxNzkzNTkxNWFkaXF6a2N4/document?format=pdf&download=0	live	-	build_vanquis.py:-;build_vanquis.py:AR2023_URL;build_vanquis.py:CASH_FLOW_SOURCES
https://find-and-update.company-information.service.gov.uk/company/02564490/filing-history	live	-	build_abc_international_bank.py:-;build_abc_international_bank.py:AR2025_URL;build_abc_international_bank.py:ASSET_QUALITY_SOURCES;build_abc_international_bank.py:BALANCE_SHEET_SOURCES;build_abc_international_bank.py:EQUITY_CHANGES_SOURCES;build_abc_international_bank.py:INCOME_STATEMENT_SOURCES;build_abc_international_bank.py:RWA_BREAKDOWN_SOURCES
https://find-and-update.company-information.service.gov.uk/company/02564490/filing-history/MzE3MDg4MzM5M2FkaXF6a2N4/document?format=pdf&download=0	live	-	build_abc_international_bank.py:-;build_abc_international_bank.py:ASSET_QUALITY_SOURCES;build_abc_international_bank.py:BALANCE_SHEET_SOURCES;build_abc_international_bank.py:CH2016_URL;build_abc_international_bank.py:EQUITY_CHANGES_SOURCES;build_abc_international_bank.py:INCOME_STATEMENT_SOURCES
https://find-and-update.company-information.service.gov.uk/company/02564490/filing-history/MzE5OTA1ODc1MWFkaXF6a2N4/document?format=pdf&download=0	live	-	build_abc_international_bank.py:-;build_abc_international_bank.py:ASSET_QUALITY_SOURCES;build_abc_international_bank.py:BALANCE_SHEET_SOURCES;build_abc_international_bank.py:CH2017_URL;build_abc_international_bank.py:EQUITY_CHANGES_SOURCES;build_abc_international_bank.py:INCOME_STATEMENT_SOURCES
https://find-and-update.company-information.service.gov.uk/company/02693038/filing-history/MzM0NjA0OTUyMGFkaXF6a2N4/document?format=pdf&download=0	live	-	build_kexim_bank_uk.py:-;build_kexim_bank_uk.py:CAPITAL_NOTE_SOURCES;build_kexim_bank_uk.py:FY2021_AR_URL;build_kexim_bank_uk.py:INVESTMENT_BREAKDOWN_NOTE;build_kexim_bank_uk.py:STATEMENTS_SOURCES
https://find-and-update.company-information.service.gov.uk/company/02693038/filing-history/MzM4NTcxODk4NWFkaXF6a2N4/document?format=pdf&download=0	live	-	build_kexim_bank_uk.py:-;build_kexim_bank_uk.py:CAPITAL_NOTE_SOURCES;build_kexim_bank_uk.py:FY2022_AR_URL;build_kexim_bank_uk.py:INVESTMENT_BREAKDOWN_NOTE;build_kexim_bank_uk.py:STATEMENTS_SOURCES
https://find-and-update.company-information.service.gov.uk/company/02693038/filing-history/MzQ2ODk1NTg1M2FkaXF6a2N4/document?format=pdf&download=0	live	-	build_kexim_bank_uk.py:-;build_kexim_bank_uk.py:CAPITAL_NOTE_SOURCES;build_kexim_bank_uk.py:FY2024_AR_URL;build_kexim_bank_uk.py:INVESTMENT_BREAKDOWN_NOTE;build_kexim_bank_uk.py:STATEMENTS_SOURCES
https://find-and-update.company-information.service.gov.uk/company/02693038/filing-history/MzQyMzUxMTIzMWFkaXF6a2N4/document?format=pdf&download=0	live	-	build_kexim_bank_uk.py:-;build_kexim_bank_uk.py:CAPITAL_NOTE_SOURCES;build_kexim_bank_uk.py:FY2023_AR_URL;build_kexim_bank_uk.py:INVESTMENT_BREAKDOWN_NOTE;build_kexim_bank_uk.py:STATEMENTS_SOURCES
https://find-and-update.company-information.service.gov.uk/company/02693038/filing-history/MzUzMDYxMTU0N2FkaXF6a2N4/document?format=pdf&download=0	live	-	build_kexim_bank_uk.py:-;build_kexim_bank_uk.py:CAPITAL_NOTE_SOURCES;build_kexim_bank_uk.py:CASH_FLOW_SOURCES;build_kexim_bank_uk.py:EXEMPTION_NOTE;build_kexim_bank_uk.py:FY2025_AR_URL;build_kexim_bank_uk.py:INVESTMENT_BREAKDOWN_NOTE;build_kexim_bank_uk.py:STATEMENTS_SOURCES
https://find-and-update.company-information.service.gov.uk/company/02711006/filing-history/MzQ2NDE1MTk5OGFkaXF6a2N4/document?format=pdf&download=0	live	-	build_jp_morgan_securities.py:-;build_jp_morgan_securities.py:AR2024_URL
https://find-and-update.company-information.service.gov.uk/company/02711006/filing-history/MzQyMDg4NTQwMWFkaXF6a2N4/document?format=pdf&download=0	live	-	build_jp_morgan_securities.py:-;build_jp_morgan_securities.py:AR2023_URL
https://find-and-update.company-information.service.gov.uk/company/02711006/filing-history/MzUxOTQxNzUzOGFkaXF6a2N4/document?format=pdf&download=0	live	-	build_jp_morgan_securities.py:-;build_jp_morgan_securities.py:AR2025_URL;build_jp_morgan_securities.py:CASH_FLOW_SOURCES;build_jp_morgan_securities.py:EXEMPTION_NOTE
https://find-and-update.company-information.service.gov.uk/company/02734652/filing-history	live	-	build_td_bank_europe.py:-;build_td_bank_europe.py:CASH_FLOW_SOURCES;build_td_bank_europe.py:CH_FILINGS
https://find-and-update.company-information.service.gov.uk/company/02734652/filing-history/MzMzMzc5NzAzMWFkaXF6a2N4/document?format=pdf&download=0	live	-	build_td_bank_europe.py:-
https://find-and-update.company-information.service.gov.uk/company/02734652/filing-history/MzQ1NjMyMzYxNmFkaXF6a2N4/document?format=pdf&download=0	live	-	build_td_bank_europe.py:-
https://find-and-update.company-information.service.gov.uk/company/02734652/filing-history/MzQxMTU5MjQ4MmFkaXF6a2N4/document?format=pdf&download=0	live	-	build_td_bank_europe.py:-
https://find-and-update.company-information.service.gov.uk/company/02734652/filing-history/MzUwNjUzNTQxMmFkaXF6a2N4/document?format=pdf&download=0	live	-	build_td_bank_europe.py:-
https://find-and-update.company-information.service.gov.uk/company/02743734/filing-history/MzM1MTQyMDQxMmFkaXF6a2N4/document?format=pdf&download=0	live	-	build_national_bank_of_egypt_uk.py:-
https://find-and-update.company-information.service.gov.uk/company/02743734/filing-history/MzM5NDYwNDY2OGFkaXF6a2N4/document?format=pdf&download=0	live	-	build_national_bank_of_egypt_uk.py:-
https://find-and-update.company-information.service.gov.uk/company/02743734/filing-history/MzQ2Mjk2OTExMGFkaXF6a2N4/document?format=pdf&download=0	live	-	build_national_bank_of_egypt_uk.py:-
https://find-and-update.company-information.service.gov.uk/company/02743734/filing-history/MzQxOTgxMTA0NmFkaXF6a2N4/document?format=pdf&download=0	live	-	build_national_bank_of_egypt_uk.py:-
https://find-and-update.company-information.service.gov.uk/company/02743734/filing-history/MzU0MDExNTA0NGFkaXF6a2N4/document?format=pdf&download=0	live	-	build_national_bank_of_egypt_uk.py:-
https://find-and-update.company-information.service.gov.uk/company/02939223	live	-	build_philippine_national_bank_europe.py:-;build_philippine_national_bank_europe.py:CH_PROFILE_URL;build_philippine_national_bank_europe.py:P3_SOURCES
https://find-and-update.company-information.service.gov.uk/company/02939223/filing-history/	live	-	build_philippine_national_bank_europe.py:-
https://find-and-update.company-information.service.gov.uk/company/02939223/filing-history//document	live	-	build_philippine_national_bank_europe.py:-
https://find-and-update.company-information.service.gov.uk/company/02939223/filing-history?category=accounts	live	-	build_philippine_national_bank_europe.py:-;build_philippine_national_bank_europe.py:AR2025_URL;build_philippine_national_bank_europe.py:BS_PL_SOURCES;build_philippine_national_bank_europe.py:CH_ACCOUNTS_URL;build_philippine_national_bank_europe.py:P3_SOURCES
https://find-and-update.company-information.service.gov.uk/company/02943300	live	-	build_weatherbys.py:-;build_weatherbys.py:CH_URL
https://find-and-update.company-information.service.gov.uk/company/02943300/filing-history/MzE1MDMxNDcxNGFkaXF6a2N4/document?format=pdf&download=0	live	-	build_weatherbys.py:-
https://find-and-update.company-information.service.gov.uk/company/02943300/filing-history/MzE3NTA2MDU3MmFkaXF6a2N4/document?format=pdf&download=0	live	-	build_weatherbys.py:-
https://find-and-update.company-information.service.gov.uk/company/02943300/filing-history/MzI4MTYxMTM3NWFkaXF6a2N4/document?format=pdf&download=0	live	-	build_weatherbys.py:-
https://find-and-update.company-information.service.gov.uk/company/02943300/filing-history/MzIwNzgwNDQ3MGFkaXF6a2N4/document?format=pdf&download=0	live	-	build_weatherbys.py:-
https://find-and-update.company-information.service.gov.uk/company/02943300/filing-history/MzIzODIyOTM2NWFkaXF6a2N4/document?format=pdf&download=0	live	-	build_weatherbys.py:-
https://find-and-update.company-information.service.gov.uk/company/02943300/filing-history/MzMxMjkxNjk5MmFkaXF6a2N4/document?format=pdf&download=0	live	-	build_weatherbys.py:-
https://find-and-update.company-information.service.gov.uk/company/03236121/filing-history/MzE3NTQ0NTUzNGFkaXF6a2N4/document?format=pdf&download=0	live	-	build_bny_mellon.py:-;build_bny_mellon.py:FS2016_URL;build_bny_mellon.py:STATEMENTS_SOURCES
https://find-and-update.company-information.service.gov.uk/company/03236121/filing-history/MzI2Mzk0NzI2OWFkaXF6a2N4/document?format=pdf&download=0	live	-	build_bny_mellon.py:-;build_bny_mellon.py:FS2019_URL;build_bny_mellon.py:INVESTMENT_SECURITIES_NOTE;build_bny_mellon.py:STATEMENTS_SOURCES
https://find-and-update.company-information.service.gov.uk/company/03236121/filing-history/MzI5OTc0NjM1MGFkaXF6a2N4/document?format=pdf&download=0	live	-	build_bny_mellon.py:-;build_bny_mellon.py:FS2020_URL;build_bny_mellon.py:STATEMENTS_SOURCES
https://find-and-update.company-information.service.gov.uk/company/03236121/filing-history/MzIwMzQ1MjI5OWFkaXF6a2N4/document?format=pdf&download=0	live	-	build_bny_mellon.py:-;build_bny_mellon.py:FS2017_URL;build_bny_mellon.py:INVESTMENT_SECURITIES_NOTE;build_bny_mellon.py:STATEMENTS_SOURCES
https://find-and-update.company-information.service.gov.uk/company/03236121/filing-history/MzIzNzIyMzk4NmFkaXF6a2N4/document?format=pdf&download=0	live	-	build_bny_mellon.py:-;build_bny_mellon.py:FS2018_URL;build_bny_mellon.py:STATEMENTS_SOURCES
https://find-and-update.company-information.service.gov.uk/company/03236121/filing-history/MzMzNzcwMzgzM2FkaXF6a2N4/document?format=pdf&download=0	live	-	build_bny_mellon.py:-;build_bny_mellon.py:FS2021_URL;build_bny_mellon.py:INVESTMENT_SECURITIES_NOTE;build_bny_mellon.py:STATEMENTS_SOURCES
https://find-and-update.company-information.service.gov.uk/company/03468216/filing-history/MzI1OTU0MzQ4NmFkaXF6a2N4/document?format=pdf&download=0	live	-	build_ghana_international_bank.py:-;build_ghana_international_bank.py:CH_2019_URL
https://find-and-update.company-information.service.gov.uk/company/03468216/filing-history/MzI5NzMxNjk1NWFkaXF6a2N4/document?format=pdf&download=0	live	-	build_ghana_international_bank.py:-;build_ghana_international_bank.py:CH_2020_URL;build_ghana_international_bank.py:GOV_OTHER_SPLIT_SOURCES
https://find-and-update.company-information.service.gov.uk/company/03722571/filing-history/MzA1NzUxOTkzNGFkaXF6a2N4/document?format=pdf&download=0	live	-	build_morgan_stanley_bank_international.py:-;build_morgan_stanley_bank_international.py:HD073_AR2011_URL;build_morgan_stanley_bank_international.py:HD073_SOURCING_NOTE;build_morgan_stanley_bank_international.py:STATUTORY_SOURCES
https://find-and-update.company-information.service.gov.uk/company/03722571/filing-history/MzA5OTE2NDI1N2FkaXF6a2N4/document?format=pdf&download=0	live	-	build_morgan_stanley_bank_international.py:-;build_morgan_stanley_bank_international.py:HD073_AR2013_URL;build_morgan_stanley_bank_international.py:HD073_SOURCING_NOTE;build_morgan_stanley_bank_international.py:STATUTORY_SOURCES
https://find-and-update.company-information.service.gov.uk/company/03722571/filing-history/MzAxNjAzOTk5M2FkaXF6a2N4/document?format=pdf&download=0	live	-	build_morgan_stanley_bank_international.py:-;build_morgan_stanley_bank_international.py:HD073_AR2009_URL;build_morgan_stanley_bank_international.py:HD073_SOURCING_NOTE;build_morgan_stanley_bank_international.py:STATUTORY_SOURCES
https://find-and-update.company-information.service.gov.uk/company/03722571/filing-history/MzE0NzU0MjE4NGFkaXF6a2N4/document?format=pdf&download=0	live	-	build_morgan_stanley_bank_international.py:-
https://find-and-update.company-information.service.gov.uk/company/03722571/filing-history/MzE3NTI3MTY1OWFkaXF6a2N4/document?format=pdf&download=0	live	-	build_morgan_stanley_bank_international.py:-
https://find-and-update.company-information.service.gov.uk/company/03722571/filing-history/MzEyMjM5NTcyOWFkaXF6a2N4/document?format=pdf&download=0	live	-	build_morgan_stanley_bank_international.py:-
https://find-and-update.company-information.service.gov.uk/company/03722571/filing-history/MzI2MzcyNjY2MGFkaXF6a2N4/document?format=pdf&download=0	live	-	build_morgan_stanley_bank_international.py:-
https://find-and-update.company-information.service.gov.uk/company/03722571/filing-history/MzIwNDA4MDg1M2FkaXF6a2N4/document?format=pdf&download=0	live	-	build_morgan_stanley_bank_international.py:-
https://find-and-update.company-information.service.gov.uk/company/03722571/filing-history/MzIzMzQ0NTc3NWFkaXF6a2N4/document?format=pdf&download=0	live	-	build_morgan_stanley_bank_international.py:-
https://find-and-update.company-information.service.gov.uk/company/03722571/filing-history/MzM3ODM5NTg1NmFkaXF6a2N4/document?format=pdf&download=0	live	-	build_morgan_stanley_bank_international.py:-
https://find-and-update.company-information.service.gov.uk/company/03722571/filing-history/MzMwMTE4OTc0MWFkaXF6a2N4/document?format=pdf&download=0	live	-	build_morgan_stanley_bank_international.py:-
https://find-and-update.company-information.service.gov.uk/company/03722571/filing-history/MzMzODIzODA1MmFkaXF6a2N4/document?format=pdf&download=0	live	-	build_morgan_stanley_bank_international.py:-
https://find-and-update.company-information.service.gov.uk/company/03722571/filing-history/MzQ2MjkyNzg4N2FkaXF6a2N4/document?format=pdf&download=0	live	-	build_morgan_stanley_bank_international.py:-
https://find-and-update.company-information.service.gov.uk/company/03722571/filing-history/MzQyMDQ2MzQxOGFkaXF6a2N4/document?format=pdf&download=0	live	-	build_morgan_stanley_bank_international.py:-
https://find-and-update.company-information.service.gov.uk/company/03722571/filing-history/MzUxNTMzMjAyMmFkaXF6a2N4/document?format=pdf&download=0	live	-	build_morgan_stanley_bank_international.py:-
https://find-and-update.company-information.service.gov.uk/company/03793679/filing-history/MzE0ODg4NjI3NWFkaXF6a2N4/document?format=pdf&download=0	live	-	build_bank_mandiri_europe.py:-;build_bank_mandiri_europe.py:BALANCE_SHEET_SOURCES;build_bank_mandiri_europe.py:DEBT_SECURITIES_SOURCES;build_bank_mandiri_europe.py:EQUITY_CHANGES_SOURCES;build_bank_mandiri_europe.py:FY2015_AR_URL;build_bank_mandiri_europe.py:INCOME_STATEMENT_SOURCES;build_bank_mandiri_europe.py:ST_ENTITY_NOTE
https://find-and-update.company-information.service.gov.uk/company/03793679/filing-history/MzE3NzM1OTQ5OWFkaXF6a2N4/document?format=pdf&download=0	live	-	build_bank_mandiri_europe.py:-;build_bank_mandiri_europe.py:BALANCE_SHEET_SOURCES;build_bank_mandiri_europe.py:DEBT_SECURITIES_SOURCES;build_bank_mandiri_europe.py:EQUITY_CHANGES_SOURCES;build_bank_mandiri_europe.py:FY2016_AR_URL;build_bank_mandiri_europe.py:INCOME_STATEMENT_SOURCES;build_bank_mandiri_europe.py:ST_ENTITY_NOTE
https://find-and-update.company-information.service.gov.uk/company/03793679/filing-history/MzExOTM5OTY1MmFkaXF6a2N4/document?format=pdf&download=0	live	-	build_bank_mandiri_europe.py:-;build_bank_mandiri_europe.py:BALANCE_SHEET_SOURCES;build_bank_mandiri_europe.py:EQUITY_CHANGES_SOURCES;build_bank_mandiri_europe.py:FY2014_AR_URL;build_bank_mandiri_europe.py:INCOME_STATEMENT_SOURCES;build_bank_mandiri_europe.py:ST_ENTITY_NOTE
https://find-and-update.company-information.service.gov.uk/company/03793679/filing-history/MzI0MzE1NDIyNmFkaXF6a2N4/document?format=pdf&download=0	live	-	build_bank_mandiri_europe.py:-;build_bank_mandiri_europe.py:BALANCE_SHEET_SOURCES;build_bank_mandiri_europe.py:DEBT_SECURITIES_SOURCES;build_bank_mandiri_europe.py:EQUITY_CHANGES_SOURCES;build_bank_mandiri_europe.py:FY2018_AR_URL;build_bank_mandiri_europe.py:INCOME_STATEMENT_SOURCES;build_bank_mandiri_europe.py:ST_ENTITY_NOTE
https://find-and-update.company-information.service.gov.uk/company/03793679/filing-history/MzI4MzQzODYxOWFkaXF6a2N4/document?format=pdf&download=0	live	-	build_bank_mandiri_europe.py:-;build_bank_mandiri_europe.py:BALANCE_SHEET_SOURCES;build_bank_mandiri_europe.py:EQUITY_CHANGES_SOURCES;build_bank_mandiri_europe.py:FY2019_AR_URL;build_bank_mandiri_europe.py:INCOME_STATEMENT_SOURCES;build_bank_mandiri_europe.py:ST_ENTITY_NOTE
https://find-and-update.company-information.service.gov.uk/company/03793679/filing-history/MzIwMTI4MzM0M2FkaXF6a2N4/document?format=pdf&download=0	live	-	build_bank_mandiri_europe.py:-;build_bank_mandiri_europe.py:BALANCE_SHEET_SOURCES;build_bank_mandiri_europe.py:EQUITY_CHANGES_SOURCES;build_bank_mandiri_europe.py:FY2017_AR_URL;build_bank_mandiri_europe.py:INCOME_STATEMENT_SOURCES;build_bank_mandiri_europe.py:ST_ENTITY_NOTE
https://find-and-update.company-information.service.gov.uk/company/03793679/filing-history/MzM0NDk3Nzg2MGFkaXF6a2N4/document?format=pdf&download=0	live	-	build_bank_mandiri_europe.py:-;build_bank_mandiri_europe.py:FY2021_AR_URL;build_bank_mandiri_europe.py:TIER1_SOURCES
https://find-and-update.company-information.service.gov.uk/company/03793679/filing-history/MzM4NDY2OTkyM2FkaXF6a2N4/document?format=pdf&download=0	live	-	build_bank_mandiri_europe.py:-;build_bank_mandiri_europe.py:BALANCE_SHEET_SOURCES;build_bank_mandiri_europe.py:DEBT_SECURITIES_SOURCES;build_bank_mandiri_europe.py:FY2022_AR_URL
https://find-and-update.company-information.service.gov.uk/company/03793679/filing-history/MzM4NDY2OTkyM2FkaXF6a2N4/document?format=pdf&download=0)	live	-	build_bank_mandiri_europe.py:-;build_bank_mandiri_europe.py:RWA_BREAKDOWN_SOURCES
https://find-and-update.company-information.service.gov.uk/company/03793679/filing-history/MzMwMDY0ODM2MWFkaXF6a2N4/document?format=pdf&download=0	live	-	build_bank_mandiri_europe.py:-;build_bank_mandiri_europe.py:BALANCE_SHEET_SOURCES;build_bank_mandiri_europe.py:DEBT_SECURITIES_SOURCES;build_bank_mandiri_europe.py:EQUITY_CHANGES_SOURCES;build_bank_mandiri_europe.py:FY2020_AR_URL;build_bank_mandiri_europe.py:INCOME_STATEMENT_SOURCES;build_bank_mandiri_europe.py:ST_ENTITY_NOTE
https://find-and-update.company-information.service.gov.uk/company/03793679/filing-history/MzQ2ODc4NDgyMGFkaXF6a2N4/document?format=pdf&download=0	live	-	build_bank_mandiri_europe.py:-;build_bank_mandiri_europe.py:BALANCE_SHEET_SOURCES;build_bank_mandiri_europe.py:DEBT_SECURITIES_SOURCES;build_bank_mandiri_europe.py:EQUITY_CHANGES_SOURCES;build_bank_mandiri_europe.py:FY2024_AR_URL;build_bank_mandiri_europe.py:INCOME_STATEMENT_SOURCES;build_bank_mandiri_europe.py:ST_ENTITY_NOTE
https://find-and-update.company-information.service.gov.uk/company/03793679/filing-history/MzQyNjk5Njk1M2FkaXF6a2N4/document?format=pdf&download=0	live	-	build_bank_mandiri_europe.py:-;build_bank_mandiri_europe.py:BALANCE_SHEET_SOURCES;build_bank_mandiri_europe.py:DEBT_SECURITIES_SOURCES;build_bank_mandiri_europe.py:EQUITY_CHANGES_SOURCES;build_bank_mandiri_europe.py:FY2023_AR_URL;build_bank_mandiri_europe.py:INCOME_STATEMENT_SOURCES;build_bank_mandiri_europe.py:ST_ENTITY_NOTE
https://find-and-update.company-information.service.gov.uk/company/03793679/filing-history/MzUyODU0NjIyMmFkaXF6a2N4/document?format=pdf&download=0	live	-	build_bank_mandiri_europe.py:-;build_bank_mandiri_europe.py:ASSET_QUALITY_SOURCES;build_bank_mandiri_europe.py:BALANCE_SHEET_SOURCES;build_bank_mandiri_europe.py:CASH_FLOW_SOURCES;build_bank_mandiri_europe.py:DEBT_SECURITIES_SOURCES;build_bank_mandiri_europe.py:EQUITY_CHANGES_SOURCES;build_bank_mandiri_europe.py:EXEMPTION_NOTE;build_bank_mandiri_europe.py:FY2025_AR_URL;build_bank_mandiri_europe.py:INCOME_STATEMENT_SOURCES;build_bank_mandiri_europe.py:ST_ENTITY_NOTE
https://find-and-update.company-information.service.gov.uk/company/04146820/filing-history/MzE4MjAzNTU0NWFkaXF6a2N4/document?format=pdf	live	-	build_united_national.py:-;build_united_national.py:AR2016_URL;build_united_national.py:BALANCE_SHEET_SOURCES;build_united_national.py:CASH_FLOW_SOURCES;build_united_national.py:STATEMENTS_SOURCES
https://find-and-update.company-information.service.gov.uk/company/04146820/filing-history/MzI2NjczOTQyMmFkaXF6a2N4/document?format=pdf	live	-	build_united_national.py:-;build_united_national.py:AR2019_URL;build_united_national.py:BALANCE_SHEET_SOURCES;build_united_national.py:CASH_FLOW_SOURCES;build_united_national.py:STATEMENTS_SOURCES
https://find-and-update.company-information.service.gov.uk/company/04146820/filing-history/MzI5OTQ5NjA4NWFkaXF6a2N4/document?format=pdf	live	-	build_united_national.py:-;build_united_national.py:AR2020_URL;build_united_national.py:BALANCE_SHEET_SOURCES;build_united_national.py:CASH_FLOW_SOURCES;build_united_national.py:STATEMENTS_SOURCES
https://find-and-update.company-information.service.gov.uk/company/04146820/filing-history/MzIwMzc4OTY1M2FkaXF6a2N4/document?format=pdf	live	-	build_united_national.py:-;build_united_national.py:AR2017_URL;build_united_national.py:BALANCE_SHEET_SOURCES;build_united_national.py:CASH_FLOW_SOURCES;build_united_national.py:STATEMENTS_SOURCES
https://find-and-update.company-information.service.gov.uk/company/04146820/filing-history/MzIzMjM1MjQ2N2FkaXF6a2N4/document?format=pdf	live	-	build_united_national.py:-;build_united_national.py:AR2018_URL;build_united_national.py:BALANCE_SHEET_SOURCES;build_united_national.py:CASH_FLOW_SOURCES;build_united_national.py:STATEMENTS_SOURCES
https://find-and-update.company-information.service.gov.uk/company/04146820/filing-history/MzM3ODQxMzg4MWFkaXF6a2N4/document?format=pdf	live	-	build_united_national.py:-;build_united_national.py:AR2022_URL;build_united_national.py:BALANCE_SHEET_SOURCES;build_united_national.py:STATEMENTS_SOURCES
https://find-and-update.company-information.service.gov.uk/company/04146820/filing-history/MzMzNzgyNzI3OGFkaXF6a2N4/document?format=pdf	live	-	build_united_national.py:-;build_united_national.py:AR2021_URL;build_united_national.py:BALANCE_SHEET_SOURCES;build_united_national.py:CASH_FLOW_SOURCES;build_united_national.py:STATEMENTS_SOURCES
https://find-and-update.company-information.service.gov.uk/company/04146820/filing-history/MzQyNTcyMzI0MGFkaXF6a2N4/document?format=pdf	live	-	build_united_national.py:-;build_united_national.py:AR2023_URL;build_united_national.py:BALANCE_SHEET_SOURCES;build_united_national.py:CASH_FLOW_SOURCES;build_united_national.py:STATEMENTS_SOURCES
https://find-and-update.company-information.service.gov.uk/company/04146820/filing-history/MzUxODk3MTQ2NWFkaXF6a2N4/document?format=pdf	live	-	build_united_national.py:-;build_united_national.py:AR2025_URL;build_united_national.py:BALANCE_SHEET_SOURCES;build_united_national.py:CASH_FLOW_SOURCES;build_united_national.py:STATEMENTS_SOURCES
https://find-and-update.company-information.service.gov.uk/company/04152338/filing-history	live	-	build_melli_bank.py:-;build_melli_bank.py:ACCESS_ROUTES_NOTE;build_melli_bank.py:CH_FILING_HISTORY_URL
https://find-and-update.company-information.service.gov.uk/company/04152338/filing-history/MzM0MzE1NzIzOWFkaXF6a2N4/document?download=0&format=pdf	live	-	build_melli_bank.py:-;build_melli_bank.py:AR2021_URL;build_melli_bank.py:CASH_FLOW_SOURCES;build_melli_bank.py:STATEMENTS_SOURCES
https://find-and-update.company-information.service.gov.uk/company/04152338/filing-history/MzQ3MDI0ODU4NWFkaXF6a2N4/document?download=0&format=pdf	live	-	build_melli_bank.py:-;build_melli_bank.py:AR2024_URL;build_melli_bank.py:CASH_FLOW_SOURCES;build_melli_bank.py:STATEMENTS_SOURCES
https://find-and-update.company-information.service.gov.uk/company/04152338/filing-history/MzUyNjMyOTE4OGFkaXF6a2N4/document?download=0&format=pdf	live	-	build_melli_bank.py:-;build_melli_bank.py:AR2025_URL;build_melli_bank.py:CASH_FLOW_SOURCES;build_melli_bank.py:STATEMENTS_SOURCES
https://find-and-update.company-information.service.gov.uk/company/04189598/filing-history/MzM1MTIwNTQ2MGFkaXF6a2N4/document?format=pdf&download=0	live	-	build_bank_sepah_international.py:-;build_bank_sepah_international.py:AR2022_URL;build_bank_sepah_international.py:CASH_FLOW_SOURCES;build_bank_sepah_international.py:STATEMENTS_SOURCES
https://find-and-update.company-information.service.gov.uk/company/04189598/filing-history/MzQ3Mzg4ODM0MGFkaXF6a2N4/document?format=pdf&download=0	live	-	build_bank_sepah_international.py:-;build_bank_sepah_international.py:AR2025_URL;build_bank_sepah_international.py:CASH_FLOW_SOURCES;build_bank_sepah_international.py:STATEMENTS_SOURCES
https://find-and-update.company-information.service.gov.uk/company/04189598/filing-history/MzQyOTk1Mjg2NmFkaXF6a2N4/document?format=pdf&download=0	live	-	build_bank_sepah_international.py:-;build_bank_sepah_international.py:AR2024_URL;build_bank_sepah_international.py:CASH_FLOW_SOURCES;build_bank_sepah_international.py:STATEMENTS_SOURCES
https://find-and-update.company-information.service.gov.uk/company/04218020/filing-history/MzE1NjI0NzM2OWFkaXF6a2N4/document?download=0&format=pdf	live	-	build_persia_international_bank.py:-;build_persia_international_bank.py:AR2016_URL;build_persia_international_bank.py:CASH_FLOW_SOURCES;build_persia_international_bank.py:STATEMENTS_SOURCES
https://find-and-update.company-information.service.gov.uk/company/04218020/filing-history/MzE4MTE5NDQwMWFkaXF6a2N4/document?download=0&format=pdf	live	-	build_persia_international_bank.py:-;build_persia_international_bank.py:AR2017_URL;build_persia_international_bank.py:CASH_FLOW_SOURCES;build_persia_international_bank.py:STATEMENTS_SOURCES
https://find-and-update.company-information.service.gov.uk/company/04218020/filing-history/MzEyNzM3Mjc4NWFkaXF6a2N4/document?download=0&format=pdf	live	-	build_persia_international_bank.py:-;build_persia_international_bank.py:AR2015_URL;build_persia_international_bank.py:CASH_FLOW_SOURCES;build_persia_international_bank.py:STATEMENTS_SOURCES
https://find-and-update.company-information.service.gov.uk/company/04218020/filing-history/MzI0MDMwNDExNmFkaXF6a2N4/document?download=0&format=pdf	live	-	build_persia_international_bank.py:-;build_persia_international_bank.py:AR2019_URL;build_persia_international_bank.py:CASH_FLOW_SOURCES;build_persia_international_bank.py:STATEMENTS_SOURCES
https://find-and-update.company-information.service.gov.uk/company/04218020/filing-history/MzI4MjYzOTE2OGFkaXF6a2N4/document?download=0&format=pdf	live	-	build_persia_international_bank.py:-;build_persia_international_bank.py:AR2020_URL;build_persia_international_bank.py:CASH_FLOW_SOURCES;build_persia_international_bank.py:STATEMENTS_SOURCES
https://find-and-update.company-information.service.gov.uk/company/04218020/filing-history/MzIxMjI1ODQ3MmFkaXF6a2N4/document?download=0&format=pdf	live	-	build_persia_international_bank.py:-;build_persia_international_bank.py:AR2018_URL;build_persia_international_bank.py:CASH_FLOW_SOURCES;build_persia_international_bank.py:STATEMENTS_SOURCES
https://find-and-update.company-information.service.gov.uk/company/04218020/filing-history/MzM1NTU5ODQzNmFkaXF6a2N4/document?download=0&format=pdf	live	-	build_persia_international_bank.py:-;build_persia_international_bank.py:AR2022_URL;build_persia_international_bank.py:CASH_FLOW_SOURCES;build_persia_international_bank.py:STATEMENTS_SOURCES
https://find-and-update.company-information.service.gov.uk/company/04218020/filing-history/MzM4OTExNTc1NmFkaXF6a2N4/document?download=0&format=pdf	live	-	build_persia_international_bank.py:-;build_persia_international_bank.py:AR2023_URL;build_persia_international_bank.py:CASH_FLOW_SOURCES;build_persia_international_bank.py:STATEMENTS_SOURCES
https://find-and-update.company-information.service.gov.uk/company/04218020/filing-history/MzQ3OTMzNTI0NWFkaXF6a2N4/document?download=0&format=pdf	live	-	build_persia_international_bank.py:-;build_persia_international_bank.py:AR2025_URL;build_persia_international_bank.py:CASH_FLOW_SOURCES;build_persia_international_bank.py:STATEMENTS_SOURCES
https://find-and-update.company-information.service.gov.uk/company/04218020/filing-history/MzQzMzA4NzcwMWFkaXF6a2N4/document?download=0&format=pdf	live	-	build_persia_international_bank.py:-;build_persia_international_bank.py:AR2024_URL;build_persia_international_bank.py:CASH_FLOW_SOURCES;build_persia_international_bank.py:STATEMENTS_SOURCES
https://find-and-update.company-information.service.gov.uk/company/04330018/filing-history/MzM0MTk3OTg0MGFkaXF6a2N4/document?format=pdf&download=0	live	-	build_charity_bank.py:-;build_charity_bank.py:AR2021_CH_URL;build_charity_bank.py:ASSET_QUALITY_SOURCES;build_charity_bank.py:CASH_FLOW_SOURCES;build_charity_bank.py:STATEMENTS_SOURCES
https://find-and-update.company-information.service.gov.uk/company/04330018/filing-history/MzM4MjU0NDA3NWFkaXF6a2N4/document?format=pdf&download=0	live	-	build_charity_bank.py:-;build_charity_bank.py:AR2022_CH_URL;build_charity_bank.py:ASSET_QUALITY_SOURCES;build_charity_bank.py:CASH_FLOW_SOURCES;build_charity_bank.py:STATEMENTS_SOURCES
https://find-and-update.company-information.service.gov.uk/company/04346834/filing-history	live	-	build_kingdom_bank.py:-;build_kingdom_bank.py:CH_BASE
https://find-and-update.company-information.service.gov.uk/company/04346834/filing-history/MTY0MjI5OTU5YWRpcXprY3g/document?format=pdf&download=0	live	-	build_kingdom_bank.py:-;build_kingdom_bank.py:CASH_FLOW_SOURCES;build_kingdom_bank.py:FY2005_URL;build_kingdom_bank.py:STATEMENTS_SOURCES
https://find-and-update.company-information.service.gov.uk/company/04346834/filing-history/MTg2OTAwNzEyYWRpcXprY3g/document?format=pdf&download=0	live	-	build_kingdom_bank.py:-;build_kingdom_bank.py:CASH_FLOW_SOURCES;build_kingdom_bank.py:FY2006_URL;build_kingdom_bank.py:STATEMENTS_SOURCES
https://find-and-update.company-information.service.gov.uk/company/04346834/filing-history/MjAwOTc4MTY0NmFkaXF6a2N4/document?format=pdf&download=0	live	-	build_kingdom_bank.py:-;build_kingdom_bank.py:CASH_FLOW_SOURCES;build_kingdom_bank.py:FY2007_URL;build_kingdom_bank.py:STATEMENTS_SOURCES
https://find-and-update.company-information.service.gov.uk/company/04346834/filing-history/MjAzMDM3NTQ0OWFkaXF6a2N4/document?format=pdf&download=0	live	-	build_kingdom_bank.py:-;build_kingdom_bank.py:CASH_FLOW_SOURCES;build_kingdom_bank.py:FY2008_URL;build_kingdom_bank.py:STATEMENTS_SOURCES
https://find-and-update.company-information.service.gov.uk/company/04346834/filing-history/MzA1NjkzNzEwMWFkaXF6a2N4/document?format=pdf&download=0	live	-	build_kingdom_bank.py:-;build_kingdom_bank.py:CASH_FLOW_SOURCES;build_kingdom_bank.py:FY2011_URL;build_kingdom_bank.py:STATEMENTS_SOURCES
https://find-and-update.company-information.service.gov.uk/company/04346834/filing-history/MzA3NTk1OTAyMWFkaXF6a2N4/document?format=pdf&download=0	live	-	build_kingdom_bank.py:-;build_kingdom_bank.py:CASH_FLOW_SOURCES;build_kingdom_bank.py:FY2012_URL;build_kingdom_bank.py:STATEMENTS_SOURCES
https://find-and-update.company-information.service.gov.uk/company/04346834/filing-history/MzAxMzc0NDMwNmFkaXF6a2N4/document?format=pdf&download=0	live	-	build_kingdom_bank.py:-;build_kingdom_bank.py:CASH_FLOW_SOURCES;build_kingdom_bank.py:FY2009_URL;build_kingdom_bank.py:STATEMENTS_SOURCES
https://find-and-update.company-information.service.gov.uk/company/04346834/filing-history/MzAzNjQzNTIyMWFkaXF6a2N4/document?format=pdf&download=0	live	-	build_kingdom_bank.py:-;build_kingdom_bank.py:CASH_FLOW_SOURCES;build_kingdom_bank.py:FY2010_URL;build_kingdom_bank.py:STATEMENTS_SOURCES
https://find-and-update.company-information.service.gov.uk/company/04346834/filing-history/MzE1NzU2NjI4N2FkaXF6a2N4/document?format=pdf&download=0	live	-	build_kingdom_bank.py:-;build_kingdom_bank.py:ASSET_QUALITY_SOURCES;build_kingdom_bank.py:CASH_FLOW_SOURCES;build_kingdom_bank.py:FY2015_URL;build_kingdom_bank.py:STATEMENTS_SOURCES
https://find-and-update.company-information.service.gov.uk/company/04346834/filing-history/MzE3Mjc3MDQyOGFkaXF6a2N4/document?format=pdf&download=0	live	-	build_kingdom_bank.py:-;build_kingdom_bank.py:ASSET_QUALITY_SOURCES;build_kingdom_bank.py:CASH_FLOW_SOURCES;build_kingdom_bank.py:FY2016_URL;build_kingdom_bank.py:STATEMENTS_SOURCES
https://find-and-update.company-information.service.gov.uk/company/04346834/filing-history/MzEwODM5MTg2OWFkaXF6a2N4/document?format=pdf&download=0	live	-	build_kingdom_bank.py:-;build_kingdom_bank.py:CASH_FLOW_SOURCES;build_kingdom_bank.py:FY2013_URL;build_kingdom_bank.py:STATEMENTS_SOURCES
https://find-and-update.company-information.service.gov.uk/company/04346834/filing-history/MzEyMTIyNDc5OGFkaXF6a2N4/document?format=pdf&download=0	live	-	build_kingdom_bank.py:-;build_kingdom_bank.py:ASSET_QUALITY_SOURCES;build_kingdom_bank.py:CASH_FLOW_SOURCES;build_kingdom_bank.py:FY2014_URL;build_kingdom_bank.py:STATEMENTS_SOURCES
https://find-and-update.company-information.service.gov.uk/company/04346834/filing-history/MzI0NDM5NDgzMGFkaXF6a2N4/document?format=pdf&download=0	live	-	build_kingdom_bank.py:-;build_kingdom_bank.py:ASSET_QUALITY_SOURCES;build_kingdom_bank.py:CASH_FLOW_SOURCES;build_kingdom_bank.py:FY2018_URL;build_kingdom_bank.py:STATEMENTS_SOURCES
https://find-and-update.company-information.service.gov.uk/company/04346834/filing-history/MzI2Mzg1MTA4OWFkaXF6a2N4/document?format=pdf&download=0	live	-	build_kingdom_bank.py:-;build_kingdom_bank.py:ASSET_QUALITY_SOURCES;build_kingdom_bank.py:CASH_FLOW_SOURCES;build_kingdom_bank.py:FY2019_URL;build_kingdom_bank.py:STATEMENTS_SOURCES
https://find-and-update.company-information.service.gov.uk/company/04346834/filing-history/MzIwMTY1OTMwOWFkaXF6a2N4/document?format=pdf&download=0	live	-	build_kingdom_bank.py:-;build_kingdom_bank.py:ASSET_QUALITY_SOURCES;build_kingdom_bank.py:CASH_FLOW_SOURCES;build_kingdom_bank.py:FY2017_URL;build_kingdom_bank.py:STATEMENTS_SOURCES
https://find-and-update.company-information.service.gov.uk/company/04346834/filing-history/MzM0MzYxNTEyM2FkaXF6a2N4/document?format=pdf&download=0	live	-	build_kingdom_bank.py:-;build_kingdom_bank.py:ASSET_QUALITY_SOURCES;build_kingdom_bank.py:CASH_FLOW_SOURCES;build_kingdom_bank.py:FY2021_URL;build_kingdom_bank.py:STATEMENTS_SOURCES
https://find-and-update.company-information.service.gov.uk/company/04346834/filing-history/MzM3Nzc1Mzk0NWFkaXF6a2N4/document?format=pdf&download=0	live	-	build_kingdom_bank.py:-;build_kingdom_bank.py:ASSET_QUALITY_SOURCES;build_kingdom_bank.py:CASH_FLOW_SOURCES;build_kingdom_bank.py:FY2022_URL;build_kingdom_bank.py:STATEMENTS_SOURCES
https://find-and-update.company-information.service.gov.uk/company/04346834/filing-history/MzMwMDE2MzUyN2FkaXF6a2N4/document?format=pdf&download=0	live	-	build_kingdom_bank.py:-;build_kingdom_bank.py:ASSET_QUALITY_SOURCES;build_kingdom_bank.py:CASH_FLOW_SOURCES;build_kingdom_bank.py:FY2020_URL;build_kingdom_bank.py:STATEMENTS_SOURCES
https://find-and-update.company-information.service.gov.uk/company/04346834/filing-history/MzQ3Mjc3MDk4N2FkaXF6a2N4/document?format=pdf&download=0	live	-	build_kingdom_bank.py:-;build_kingdom_bank.py:ASSET_QUALITY_SOURCES;build_kingdom_bank.py:CASH_FLOW_SOURCES;build_kingdom_bank.py:FY2024_URL;build_kingdom_bank.py:STATEMENTS_SOURCES
https://find-and-update.company-information.service.gov.uk/company/04346834/filing-history/MzQyNzk5NjY3OGFkaXF6a2N4/document?format=pdf&download=0	live	-	build_kingdom_bank.py:-;build_kingdom_bank.py:ASSET_QUALITY_SOURCES;build_kingdom_bank.py:CASH_FLOW_SOURCES;build_kingdom_bank.py:FY2023_URL;build_kingdom_bank.py:STATEMENTS_SOURCES
https://find-and-update.company-information.service.gov.uk/company/04346834/filing-history/MzUzMjA2MDkzOWFkaXF6a2N4/document?format=pdf&download=0	live	-	build_kingdom_bank.py:-;build_kingdom_bank.py:ASSET_QUALITY_SOURCES;build_kingdom_bank.py:CASH_FLOW_SOURCES;build_kingdom_bank.py:FY2025_URL;build_kingdom_bank.py:STATEMENTS_SOURCES
https://find-and-update.company-information.service.gov.uk/company/04346834/filing-history/NzIzMTc1NDBhZGlxemtjeA/document?format=pdf&download=0	live	-	build_kingdom_bank.py:-;build_kingdom_bank.py:CASH_FLOW_SOURCES;build_kingdom_bank.py:FY2004_URL;build_kingdom_bank.py:STATEMENTS_SOURCES
https://find-and-update.company-information.service.gov.uk/company/04406777	live	-	build_bank_of_beirut_uk.py:-;build_bank_of_beirut_uk.py:CH_URL
https://find-and-update.company-information.service.gov.uk/company/04459383/filing-history/MzI3NzY5NDQwNWFkaXF6a2N4/document?download=0&format=pdf	live	-	build_firstbank_uk.py:-;build_firstbank_uk.py:AR2019_URL;build_firstbank_uk.py:STATEMENTS_SOURCES
https://find-and-update.company-information.service.gov.uk/company/04459383/filing-history/MzM0MTI4NjI3MGFkaXF6a2N4/document?format=pdf&download=0	live	-	build_firstbank_uk.py:-;build_firstbank_uk.py:AR2021_URL;build_firstbank_uk.py:ASSET_QUALITY_SOURCES;build_firstbank_uk.py:CASH_FLOW_SOURCES;build_firstbank_uk.py:STATEMENTS_SOURCES
https://find-and-update.company-information.service.gov.uk/company/04459383/filing-history/MzM4NTMzODE5NmFkaXF6a2N4/document?format=pdf&download=0	live	-	build_firstbank_uk.py:-;build_firstbank_uk.py:AR2022_URL
https://find-and-update.company-information.service.gov.uk/company/04459383/filing-history/MzMxMTQ1Nzc1OGFkaXF6a2N4/document?download=0&format=pdf	live	-	build_firstbank_uk.py:-;build_firstbank_uk.py:AR2020_URL;build_firstbank_uk.py:STATEMENTS_SOURCES
https://find-and-update.company-information.service.gov.uk/company/04459383/filing-history/MzQ3MzE2Nzc1OGFkaXF6a2N4/document?format=pdf&download=0	live	-	build_firstbank_uk.py:-;build_firstbank_uk.py:AR2024_URL;build_firstbank_uk.py:CASH_FLOW_SOURCES
https://find-and-update.company-information.service.gov.uk/company/04459383/filing-history/MzQyNjA0OTI3OWFkaXF6a2N4/document?format=pdf&download=0	live	-	build_firstbank_uk.py:-;build_firstbank_uk.py:AR2023_URL;build_firstbank_uk.py:ASSET_QUALITY_SOURCES;build_firstbank_uk.py:CASH_FLOW_SOURCES;build_firstbank_uk.py:STATEMENTS_SOURCES
https://find-and-update.company-information.service.gov.uk/company/04459383/filing-history/MzUyNzc5Nzc3MWFkaXF6a2N4/document?format=pdf&download=0	live	-	build_firstbank_uk.py:-;build_firstbank_uk.py:AR2025_URL;build_firstbank_uk.py:ASSET_QUALITY_SOURCES;build_firstbank_uk.py:CASH_FLOW_SOURCES;build_firstbank_uk.py:STATEMENTS_SOURCES
https://find-and-update.company-information.service.gov.uk/company/04483430	live	-	build_alrayan.py:-;build_alrayan.py:CH_URL
https://find-and-update.company-information.service.gov.uk/company/04483430/filing-history/MzM0NDI4NjkxNGFkaXF6a2N4/document?format=pdf&download=0	live	-	build_alrayan.py:-;build_alrayan.py:AR2021_URL;build_alrayan.py:CASH_FLOW_SOURCES
https://find-and-update.company-information.service.gov.uk/company/04483430/filing-history/MzM4MzEwOTk0N2FkaXF6a2N4/document?format=pdf&download=0	live	-	build_alrayan.py:-;build_alrayan.py:AR2022_URL;build_alrayan.py:CASH_FLOW_SOURCES
https://find-and-update.company-information.service.gov.uk/company/04483430/filing-history/MzMwMzI3NTQ0NmFkaXF6a2N4/document?format=pdf&download=0	live	-	build_alrayan.py:-;build_alrayan.py:AR2020_URL
https://find-and-update.company-information.service.gov.uk/company/04483430/filing-history/MzUxNTE1ODIyNGFkaXF6a2N4/document?format=pdf&download=0	live	-	build_alrayan.py:-;build_alrayan.py:AR2025_URL;build_alrayan.py:CASH_FLOW_SOURCES
https://find-and-update.company-information.service.gov.uk/company/04552753/filing-history/MzE0ODY5NjMzOGFkaXF6a2N4/document?format=pdf&download=0	live	-	build_icbc_london.py:-;build_icbc_london.py:AR15_URL;build_icbc_london.py:ASSET_QUALITY_SOURCES;build_icbc_london.py:CASH_FLOW_SOURCES;build_icbc_london.py:STATEMENTS_SOURCES
https://find-and-update.company-information.service.gov.uk/company/04552753/filing-history/MzE3NzMxODYyNWFkaXF6a2N4/document?format=pdf&download=0	live	-	build_icbc_london.py:-;build_icbc_london.py:AR16_URL;build_icbc_london.py:ASSET_QUALITY_SOURCES;build_icbc_london.py:CASH_FLOW_SOURCES;build_icbc_london.py:STATEMENTS_SOURCES
https://find-and-update.company-information.service.gov.uk/company/04552753/filing-history/MzEyNTk1Nzg1NGFkaXF6a2N4/document?format=pdf&download=0	live	-	build_icbc_london.py:-;build_icbc_london.py:AR14_URL;build_icbc_london.py:CASH_FLOW_SOURCES;build_icbc_london.py:STATEMENTS_SOURCES
https://find-and-update.company-information.service.gov.uk/company/04552753/filing-history/MzI2NjQ0ODkzMGFkaXF6a2N4/document?format=pdf&download=0	live	-	build_icbc_london.py:-;build_icbc_london.py:AR19_URL;build_icbc_london.py:ASSET_QUALITY_SOURCES;build_icbc_london.py:CASH_FLOW_SOURCES;build_icbc_london.py:STATEMENTS_SOURCES
https://find-and-update.company-information.service.gov.uk/company/04552753/filing-history/MzIwNjY1MzA2MGFkaXF6a2N4/document?format=pdf&download=0	live	-	build_icbc_london.py:-;build_icbc_london.py:AR17_URL;build_icbc_london.py:ASSET_QUALITY_SOURCES;build_icbc_london.py:CASH_FLOW_SOURCES;build_icbc_london.py:STATEMENTS_SOURCES
https://find-and-update.company-information.service.gov.uk/company/04552753/filing-history/MzIzNTEzMjQ3NGFkaXF6a2N4/document?format=pdf&download=0	live	-	build_icbc_london.py:-;build_icbc_london.py:AR18_URL;build_icbc_london.py:CASH_FLOW_SOURCES;build_icbc_london.py:STATEMENTS_SOURCES
https://find-and-update.company-information.service.gov.uk/company/04552753/filing-history/MzM0MDgwMDM4MGFkaXF6a2N4/document?format=pdf&download=0	live	-	build_icbc_london.py:-;build_icbc_london.py:AR21_URL;build_icbc_london.py:CASH_FLOW_SOURCES
https://find-and-update.company-information.service.gov.uk/company/04552753/filing-history/MzM4MTkxOTA4OGFkaXF6a2N4/document?format=pdf&download=0	live	-	build_icbc_london.py:-;build_icbc_london.py:AR22_URL;build_icbc_london.py:ASSET_QUALITY_SOURCES;build_icbc_london.py:CASH_FLOW_SOURCES;build_icbc_london.py:STATEMENTS_SOURCES
https://find-and-update.company-information.service.gov.uk/company/04552753/filing-history/MzMwMzE1ODk3MWFkaXF6a2N4/document?format=pdf&download=0	live	-	build_icbc_london.py:-;build_icbc_london.py:AR20_URL;build_icbc_london.py:ASSET_QUALITY_SOURCES;build_icbc_london.py:CASH_FLOW_SOURCES;build_icbc_london.py:STATEMENTS_SOURCES
https://find-and-update.company-information.service.gov.uk/company/04552753/filing-history/MzQyNDQ0NTU5OWFkaXF6a2N4/document?format=pdf&download=0	live	-	build_icbc_london.py:-;build_icbc_london.py:AR23_URL;build_icbc_london.py:ASSET_QUALITY_SOURCES;build_icbc_london.py:CASH_FLOW_SOURCES;build_icbc_london.py:STATEMENTS_SOURCES
https://find-and-update.company-information.service.gov.uk/company/04656003/filing-history	live	-	build_qib_uk.py:-;build_qib_uk.py:CH
https://find-and-update.company-information.service.gov.uk/company/04656003/filing-history/MzA2MDE2OTYyNGFkaXF6a2N4/document?format=pdf&download=0	live	-	build_qib_uk.py:-;build_qib_uk.py:CH_FY2011;build_qib_uk.py:STATEMENTS_SOURCES
https://find-and-update.company-information.service.gov.uk/company/04656003/filing-history/MzA3ODk3MTMzNGFkaXF6a2N4/document?format=pdf&download=0	live	-	build_qib_uk.py:-;build_qib_uk.py:CH_FY2012;build_qib_uk.py:STATEMENTS_SOURCES
https://find-and-update.company-information.service.gov.uk/company/04656003/filing-history/MzA5NDQ2NjU5MmFkaXF6a2N4/document?format=pdf&download=0	live	-	build_qib_uk.py:-;build_qib_uk.py:CH_FY2013;build_qib_uk.py:STATEMENTS_SOURCES
https://find-and-update.company-information.service.gov.uk/company/04656003/filing-history/MzAzOTkwNDQxN2FkaXF6a2N4/document?format=pdf&download=0	live	-	build_qib_uk.py:-;build_qib_uk.py:CH_FY2010;build_qib_uk.py:STATEMENTS_SOURCES
https://find-and-update.company-information.service.gov.uk/company/04656003/filing-history/MzEyMDQzMzk0OWFkaXF6a2N4/document?format=pdf&download=0	live	-	build_qib_uk.py:-
https://find-and-update.company-information.service.gov.uk/company/04656003/filing-history/MzM4MDQ4MTUzN2FkaXF6a2N4/document?format=pdf&download=0	live	-	build_qib_uk.py:-
https://find-and-update.company-information.service.gov.uk/company/04656003/filing-history/MzMzOTk2ODIxNmFkaXF6a2N4/document?format=pdf&download=0	live	-	build_qib_uk.py:-
https://find-and-update.company-information.service.gov.uk/company/04656003/filing-history/MzQ2NzkwMzQ0MmFkaXF6a2N4/document?format=pdf&download=0	live	-	build_qib_uk.py:-
https://find-and-update.company-information.service.gov.uk/company/04656003/filing-history/MzQyNDU4NzQ0OGFkaXF6a2N4/document?format=pdf&download=0	live	-	build_qib_uk.py:-
https://find-and-update.company-information.service.gov.uk/company/04656003/filing-history/MzUyNzI4MTM5OGFkaXF6a2N4/document?format=pdf&download=0	live	-	build_qib_uk.py:-
https://find-and-update.company-information.service.gov.uk/company/04661188/filing-history	live	-	build_fidbank_uk.py:-;build_fidbank_uk.py:CH_BASE
https://find-and-update.company-information.service.gov.uk/company/04661188/filing-history/MzQxOTU1NjA5M2FkaXF6a2N4/document?format=pdf&download=0	live	-	build_fidbank_uk.py:-;build_fidbank_uk.py:AR2023_URL;build_fidbank_uk.py:ASSET_QUALITY_SOURCES;build_fidbank_uk.py:CASH_FLOW_SOURCES;build_fidbank_uk.py:STATEMENTS_SOURCES
https://find-and-update.company-information.service.gov.uk/company/04661188/filing-history/MzUzMzg1ODU2NWFkaXF6a2N4/document?format=pdf&download=0	live	-	build_fidbank_uk.py:-;build_fidbank_uk.py:AR2025_URL;build_fidbank_uk.py:ASSET_QUALITY_SOURCES;build_fidbank_uk.py:CASH_FLOW_SOURCES;build_fidbank_uk.py:STATEMENTS_SOURCES
https://find-and-update.company-information.service.gov.uk/company/04663024/filing-history/MjAwNzk0MTQ0MGFkaXF6a2N4/document?format=pdf&download=0	live	-	build_icici_bank_uk.py:-;build_icici_bank_uk.py:AR2008_URL;build_icici_bank_uk.py:EXEMPTION_NOTE;build_icici_bank_uk.py:STATEMENTS_SOURCES
https://find-and-update.company-information.service.gov.uk/company/04663024/filing-history/MjAzNTc0MTU4N2FkaXF6a2N4/document?format=pdf&download=0	live	-	build_icici_bank_uk.py:-;build_icici_bank_uk.py:AR2009_URL;build_icici_bank_uk.py:STATEMENTS_SOURCES
https://find-and-update.company-information.service.gov.uk/company/04663024/filing-history/MzA1NzY0MjQxOGFkaXF6a2N4/document?format=pdf&download=0	live	-	build_icici_bank_uk.py:-;build_icici_bank_uk.py:AR2012_URL;build_icici_bank_uk.py:STATEMENTS_SOURCES
https://find-and-update.company-information.service.gov.uk/company/04663024/filing-history/MzA3ODM0MTM2NGFkaXF6a2N4/document?format=pdf&download=0	live	-	build_icici_bank_uk.py:-;build_icici_bank_uk.py:AR2013_URL;build_icici_bank_uk.py:STATEMENTS_SOURCES
https://find-and-update.company-information.service.gov.uk/company/04663024/filing-history/MzAyMTI3MzU1MGFkaXF6a2N4/document?format=pdf&download=0	live	-	build_icici_bank_uk.py:-;build_icici_bank_uk.py:AR2010_URL;build_icici_bank_uk.py:STATEMENTS_SOURCES
https://find-and-update.company-information.service.gov.uk/company/04663024/filing-history/MzAzNjcwNDYwOGFkaXF6a2N4/document?format=pdf&download=0	live	-	build_icici_bank_uk.py:-;build_icici_bank_uk.py:AR2011_URL;build_icici_bank_uk.py:STATEMENTS_SOURCES
https://find-and-update.company-information.service.gov.uk/company/04663024/filing-history/MzEwMDE3NDY1OGFkaXF6a2N4/document?format=pdf&download=0	live	-	build_icici_bank_uk.py:-;build_icici_bank_uk.py:AR2014_URL;build_icici_bank_uk.py:STATEMENTS_SOURCES
https://find-and-update.company-information.service.gov.uk/company/04663024/filing-history/MzM0NjUxNzQwNmFkaXF6a2N4/document?format=pdf&download=0	live	-	build_icici_bank_uk.py:-;build_icici_bank_uk.py:AR2022_URL;build_icici_bank_uk.py:STATEMENTS_SOURCES
https://find-and-update.company-information.service.gov.uk/company/04663024/filing-history/MzM5Mjc5MzA4M2FkaXF6a2N4/document?format=pdf&download=0	live	-	build_icici_bank_uk.py:-;build_icici_bank_uk.py:AR2023_URL;build_icici_bank_uk.py:STATEMENTS_SOURCES
https://find-and-update.company-information.service.gov.uk/company/04663024/filing-history/MzMwMTQ3NjY0OGFkaXF6a2N4/document?format=pdf&download=0	live	-	build_icici_bank_uk.py:-;build_icici_bank_uk.py:AR2021_URL;build_icici_bank_uk.py:STATEMENTS_SOURCES
https://find-and-update.company-information.service.gov.uk/company/04663024/filing-history/MzQzNDA3NTE5MmFkaXF6a2N4/document?format=pdf&download=0	live	-	build_icici_bank_uk.py:-;build_icici_bank_uk.py:AR2024_URL
https://find-and-update.company-information.service.gov.uk/company/04684034/filing-history/MzA4MDk2MzYzM2FkaXF6a2N4/document?format=pdf&download=0	live	-	build_smbc.py:-;build_smbc.py:AR2013_URL;build_smbc.py:BS_SOURCES;build_smbc.py:CASH_FLOW_SOURCES;build_smbc.py:EQ_SOURCES;build_smbc.py:IS_SOURCES
https://find-and-update.company-information.service.gov.uk/company/04684034/filing-history/MzE1MzEzNzE2MWFkaXF6a2N4/document?format=pdf&download=0	live	-	build_smbc.py:-;build_smbc.py:AQ_SOURCES;build_smbc.py:AR2016_URL;build_smbc.py:BS_SOURCES;build_smbc.py:CASH_FLOW_SOURCES;build_smbc.py:EQ_SOURCES;build_smbc.py:IS_SOURCES
https://find-and-update.company-information.service.gov.uk/company/04684034/filing-history/MzE4MjA0OTM3OWFkaXF6a2N4/document?format=pdf&download=0	live	-	build_smbc.py:-;build_smbc.py:AQ_SOURCES;build_smbc.py:AR2017_URL;build_smbc.py:BS_SOURCES;build_smbc.py:CASH_FLOW_SOURCES;build_smbc.py:EQ_SOURCES;build_smbc.py:IS_SOURCES
https://find-and-update.company-information.service.gov.uk/company/04684034/filing-history/MzEwMzk5NTEyM2FkaXF6a2N4/document?format=pdf&download=0	live	-	build_smbc.py:-;build_smbc.py:AQ_SOURCES;build_smbc.py:AR2014_URL;build_smbc.py:BS_SOURCES;build_smbc.py:CASH_FLOW_SOURCES;build_smbc.py:EQ_SOURCES;build_smbc.py:IS_SOURCES
https://find-and-update.company-information.service.gov.uk/company/04684034/filing-history/MzEyNjg1NTk3OWFkaXF6a2N4/document?format=pdf&download=0	live	-	build_smbc.py:-;build_smbc.py:AQ_SOURCES;build_smbc.py:AR2015_URL;build_smbc.py:BS_SOURCES;build_smbc.py:CASH_FLOW_SOURCES;build_smbc.py:EQ_SOURCES;build_smbc.py:IS_SOURCES
https://find-and-update.company-information.service.gov.uk/company/04684034/filing-history/MzI3MzY1NDE4NmFkaXF6a2N4/document?format=pdf&download=0	live	-	build_smbc.py:-;build_smbc.py:AQ_SOURCES;build_smbc.py:AR2020_URL;build_smbc.py:BS_SOURCES;build_smbc.py:CASH_FLOW_SOURCES;build_smbc.py:EQ_SOURCES;build_smbc.py:IS_SOURCES
https://find-and-update.company-information.service.gov.uk/company/04684034/filing-history/MzIxMDI4NjgxOWFkaXF6a2N4/document?format=pdf&download=0	live	-	build_smbc.py:-;build_smbc.py:AQ_SOURCES;build_smbc.py:AR2018_URL;build_smbc.py:BS_SOURCES;build_smbc.py:CASH_FLOW_SOURCES;build_smbc.py:EQ_SOURCES;build_smbc.py:IS_SOURCES
https://find-and-update.company-information.service.gov.uk/company/04684034/filing-history/MzIzOTk1Nzc1NWFkaXF6a2N4/document?format=pdf&download=0	live	-	build_smbc.py:-;build_smbc.py:AQ_SOURCES;build_smbc.py:AR2019_URL;build_smbc.py:BS_SOURCES;build_smbc.py:CASH_FLOW_SOURCES;build_smbc.py:EQ_SOURCES;build_smbc.py:IS_SOURCES
https://find-and-update.company-information.service.gov.uk/company/04684034/filing-history/MzUzMjU4ODMxMmFkaXF6a2N4/document?format=pdf&download=0	live	-	build_smbc.py:-;build_smbc.py:AQ_SOURCES;build_smbc.py:AR2026_URL;build_smbc.py:BS_SOURCES;build_smbc.py:CASH_FLOW_SOURCES;build_smbc.py:EQ_SOURCES;build_smbc.py:IS_SOURCES
https://find-and-update.company-information.service.gov.uk/company/04728421/filing-history/MzM3OTM0NzA5MmFkaXF6a2N4/document?format=pdf&download=0	live	-	build_cynergy_bank.py:-;build_cynergy_bank.py:AR2022_CH_URL;build_cynergy_bank.py:CASH_FLOW_SOURCES;build_cynergy_bank.py:STATEMENTS_SOURCES
https://find-and-update.company-information.service.gov.uk/company/04728421/filing-history/{}/document?format=pdf&download=0	live	-	build_cynergy_bank.py:-;build_cynergy_bank.py:CH_DOC_URL
https://find-and-update.company-information.service.gov.uk/company/05321714/filing-history/MzE3NDg0MjU5MGFkaXF6a2N4/document?format=pdf&download=0	live	-	build_bank_of_africa_uk.py:-;build_bank_of_africa_uk.py:AR2016_URL;build_bank_of_africa_uk.py:ASSET_QUALITY_SOURCES;build_bank_of_africa_uk.py:BALANCE_SHEET_SOURCES;build_bank_of_africa_uk.py:CASH_FLOW_SOURCES;build_bank_of_africa_uk.py:EQUITY_CHANGES_SOURCES;build_bank_of_africa_uk.py:INCOME_STATEMENT_SOURCES
https://find-and-update.company-information.service.gov.uk/company/05321714/filing-history/MzEyMjYyNzE2M2FkaXF6a2N4/document?format=pdf&download=0	live	-	build_bank_of_africa_uk.py:-;build_bank_of_africa_uk.py:AR2014_URL;build_bank_of_africa_uk.py:ASSET_QUALITY_SOURCES;build_bank_of_africa_uk.py:BALANCE_SHEET_SOURCES;build_bank_of_africa_uk.py:CASH_FLOW_SOURCES;build_bank_of_africa_uk.py:EQUITY_CHANGES_SOURCES;build_bank_of_africa_uk.py:INCOME_STATEMENT_SOURCES
https://find-and-update.company-information.service.gov.uk/company/05321714/filing-history/MzI3MzkxNzgyN2FkaXF6a2N4/document?format=pdf&download=0	live	-	build_bank_of_africa_uk.py:-;build_bank_of_africa_uk.py:AR2019_URL
https://find-and-update.company-information.service.gov.uk/company/05321714/filing-history/MzIwMzc5MjgxOGFkaXF6a2N4/document?format=pdf&download=0	live	-	build_bank_of_africa_uk.py:-;build_bank_of_africa_uk.py:AR2017_URL;build_bank_of_africa_uk.py:ASSET_QUALITY_SOURCES;build_bank_of_africa_uk.py:BALANCE_SHEET_SOURCES;build_bank_of_africa_uk.py:CASH_FLOW_SOURCES;build_bank_of_africa_uk.py:EQUITY_CHANGES_SOURCES;build_bank_of_africa_uk.py:INCOME_STATEMENT_SOURCES
https://find-and-update.company-information.service.gov.uk/company/05321714/filing-history/MzIzNTgyNTYxOWFkaXF6a2N4/document?format=pdf&download=0	live	-	build_bank_of_africa_uk.py:-;build_bank_of_africa_uk.py:AR2018_URL;build_bank_of_africa_uk.py:ASSET_QUALITY_SOURCES;build_bank_of_africa_uk.py:BALANCE_SHEET_SOURCES;build_bank_of_africa_uk.py:CASH_FLOW_SOURCES;build_bank_of_africa_uk.py:EQUITY_CHANGES_SOURCES;build_bank_of_africa_uk.py:INCOME_STATEMENT_SOURCES
https://find-and-update.company-information.service.gov.uk/company/05321714/filing-history/MzM1NDAwMjc2N2FkaXF6a2N4/document?format=pdf&download=0	live	-	build_bank_of_africa_uk.py:-;build_bank_of_africa_uk.py:AR2021_URL
https://find-and-update.company-information.service.gov.uk/company/05321714/filing-history/MzM5NDE3NzEwN2FkaXF6a2N4/document?format=pdf&download=0	live	-	build_bank_of_africa_uk.py:-;build_bank_of_africa_uk.py:AR2022_URL;build_bank_of_africa_uk.py:ASSET_QUALITY_SOURCES;build_bank_of_africa_uk.py:BALANCE_SHEET_SOURCES;build_bank_of_africa_uk.py:CASH_FLOW_SOURCES;build_bank_of_africa_uk.py:EQUITY_CHANGES_SOURCES;build_bank_of_africa_uk.py:INCOME_STATEMENT_SOURCES
https://find-and-update.company-information.service.gov.uk/company/05321714/filing-history/MzMyODY1ODY3N2FkaXF6a2N4/document?format=pdf&download=0	live	-	build_bank_of_africa_uk.py:-;build_bank_of_africa_uk.py:AR2020_URL;build_bank_of_africa_uk.py:BALANCE_SHEET_SOURCES;build_bank_of_africa_uk.py:CASH_FLOW_SOURCES;build_bank_of_africa_uk.py:EQUITY_CHANGES_SOURCES;build_bank_of_africa_uk.py:INCOME_STATEMENT_SOURCES
https://find-and-update.company-information.service.gov.uk/company/05321714/filing-history/MzQzODczNDQ5OWFkaXF6a2N4/document?format=pdf&download=0	live	-	build_bank_of_africa_uk.py:-;build_bank_of_africa_uk.py:AR2023_URL;build_bank_of_africa_uk.py:ASSET_QUALITY_SOURCES;build_bank_of_africa_uk.py:BALANCE_SHEET_SOURCES;build_bank_of_africa_uk.py:CASH_FLOW_SOURCES;build_bank_of_africa_uk.py:EQUITY_CHANGES_SOURCES;build_bank_of_africa_uk.py:INCOME_STATEMENT_SOURCES
https://find-and-update.company-information.service.gov.uk/company/05321714/filing-history/MzUxODk4NzcyM2FkaXF6a2N4/document?format=pdf&download=0	live	-	build_bank_of_africa_uk.py:-;build_bank_of_africa_uk.py:AR2025_URL;build_bank_of_africa_uk.py:ASSET_QUALITY_SOURCES;build_bank_of_africa_uk.py:BALANCE_SHEET_SOURCES;build_bank_of_africa_uk.py:CASH_FLOW_SOURCES;build_bank_of_africa_uk.py:EQUITY_CHANGES_SOURCES;build_bank_of_africa_uk.py:INCOME_STATEMENT_SOURCES
https://find-and-update.company-information.service.gov.uk/company/05390593/filing-history	live	-	build_paragon.py:-;build_paragon.py:AR2017_URL;build_paragon.py:AR2018_URL;build_paragon.py:AR2019_URL;build_paragon.py:AR2020_URL;build_paragon.py:ASSET_QUALITY_SOURCES;build_paragon.py:STATEMENTS_SOURCES
https://find-and-update.company-information.service.gov.uk/company/05713749/filing-history/	live	-	build_zenith.py:-;build_zenith.py:CH_BASE
https://find-and-update.company-information.service.gov.uk/company/05713749/filing-history/MzA1NjQzNDY0OWFkaXF6a2N4/document?format=pdf&download=0	live	-	build_zenith.py:-;build_zenith.py:AR2011_URL;build_zenith.py:STATEMENTS_SOURCES
https://find-and-update.company-information.service.gov.uk/company/05713749/filing-history/MzA4MDQyODAzOGFkaXF6a2N4/document?format=pdf&download=0	live	-	build_zenith.py:-;build_zenith.py:AR2012_URL;build_zenith.py:EQUITY_SOURCES;build_zenith.py:STATEMENTS_SOURCES
https://find-and-update.company-information.service.gov.uk/company/05713749/filing-history/MzAxMzk0ODA3MmFkaXF6a2N4/document?format=pdf&download=0	live	-	build_zenith.py:-;build_zenith.py:AR2009_URL;build_zenith.py:STATEMENTS_SOURCES
https://find-and-update.company-information.service.gov.uk/company/05713749/filing-history/MzAzNjAzNzkzN2FkaXF6a2N4/document?format=pdf&download=0	live	-	build_zenith.py:-;build_zenith.py:AR2010_URL;build_zenith.py:STATEMENTS_SOURCES
https://find-and-update.company-information.service.gov.uk/company/05713749/filing-history/MzEwNDk3MzAyNmFkaXF6a2N4/document?format=pdf&download=0	live	-	build_zenith.py:-;build_zenith.py:AR2013_URL;build_zenith.py:CASH_FLOW_SOURCES;build_zenith.py:EQUITY_SOURCES;build_zenith.py:STATEMENTS_SOURCES
https://find-and-update.company-information.service.gov.uk/company/05781326/filing-history/	live	-	build_punjab_national_bank_international.py:-;build_punjab_national_bank_international.py:CH_BASE
https://find-and-update.company-information.service.gov.uk/company/05781326/filing-history/MjAzNDA5MDE2NWFkaXF6a2N4/document?format=pdf&download=0	live	-	build_punjab_national_bank_international.py:-
https://find-and-update.company-information.service.gov.uk/company/05781326/filing-history/MzA1ODIxNjY3NGFkaXF6a2N4/document?format=pdf&download=0	live	-	build_punjab_national_bank_international.py:-
https://find-and-update.company-information.service.gov.uk/company/05781326/filing-history/MzA3ODE0ODk4NWFkaXF6a2N4/document?format=pdf&download=0	live	-	build_punjab_national_bank_international.py:-
https://find-and-update.company-information.service.gov.uk/company/05781326/filing-history/MzAxNjI2OTk3OGFkaXF6a2N4/document?format=pdf&download=0	live	-	build_punjab_national_bank_international.py:-
https://find-and-update.company-information.service.gov.uk/company/05781326/filing-history/MzAzNzc2OTM0OWFkaXF6a2N4/document?format=pdf&download=0	live	-	build_punjab_national_bank_international.py:-
https://find-and-update.company-information.service.gov.uk/company/05888535/filing-history/MzM3NzAxNzg2OGFkaXF6a2N4/document?format=pdf&download=0	live	-	build_bpi_europe.py:-;build_bpi_europe.py:ASSET_QUALITY_SOURCES;build_bpi_europe.py:BS_PL_SOURCES;build_bpi_europe.py:EQUITY_SOURCES;build_bpi_europe.py:FY2022_AR_URL
https://find-and-update.company-information.service.gov.uk/company/05888535/filing-history/MzMzNzI1NDc5M2FkaXF6a2N4/document?format=pdf&download=0	live	-	build_bpi_europe.py:-;build_bpi_europe.py:FY2021_AR_URL
https://find-and-update.company-information.service.gov.uk/company/05888535/filing-history/MzQyNjQ2OTQ5OGFkaXF6a2N4/document?format=pdf&download=0	live	-	build_bpi_europe.py:-;build_bpi_europe.py:ASSET_QUALITY_SOURCES;build_bpi_europe.py:BS_PL_SOURCES;build_bpi_europe.py:EQUITY_SOURCES;build_bpi_europe.py:FY2023_AR_URL
https://find-and-update.company-information.service.gov.uk/company/05888535/filing-history/MzUyMDczNTAwM2FkaXF6a2N4/document?format=pdf&download=0	live	-	build_bpi_europe.py:-;build_bpi_europe.py:ASSET_QUALITY_SOURCES;build_bpi_europe.py:BS_PL_SOURCES;build_bpi_europe.py:CASH_FLOW_SOURCES;build_bpi_europe.py:EQUITY_SOURCES;build_bpi_europe.py:EXEMPTION_NOTE;build_bpi_europe.py:FY2025_AR_URL
https://find-and-update.company-information.service.gov.uk/company/05897786	live	-	build_blme.py:-;build_blme.py:CH_URL
https://find-and-update.company-information.service.gov.uk/company/05969821/filing-history/MzM3MzI3NjAyMmFkaXF6a2N4/document?format=pdf&download=0	live	-	build_guaranty_trust_bank_uk.py:-;build_guaranty_trust_bank_uk.py:AR2021_URL;build_guaranty_trust_bank_uk.py:CASH_FLOW_SOURCES;build_guaranty_trust_bank_uk.py:STATEMENTS_SOURCES
https://find-and-update.company-information.service.gov.uk/company/05969821/filing-history/MzQ2NTE3NTM2NmFkaXF6a2N4/document?format=pdf&download=0	live	-	build_guaranty_trust_bank_uk.py:-;build_guaranty_trust_bank_uk.py:AR2024_URL;build_guaranty_trust_bank_uk.py:CASH_FLOW_SOURCES;build_guaranty_trust_bank_uk.py:STATEMENTS_SOURCES
https://find-and-update.company-information.service.gov.uk/company/05969821/filing-history/MzQwNjA2NDkyOGFkaXF6a2N4/document?format=pdf&download=0	live	-	build_guaranty_trust_bank_uk.py:-;build_guaranty_trust_bank_uk.py:AR2022_URL;build_guaranty_trust_bank_uk.py:CASH_FLOW_SOURCES;build_guaranty_trust_bank_uk.py:STATEMENTS_SOURCES
https://find-and-update.company-information.service.gov.uk/company/06419578/filing-history/MzA2MDE4MDA3NWFkaXF6a2N4/document?format=pdf&download=0	live	-	build_metro_bank.py:-;build_metro_bank.py:CASH_SOURCES;build_metro_bank.py:CH_FY2011;build_metro_bank.py:HD074_EXTENSION_NOTE
https://find-and-update.company-information.service.gov.uk/company/06419578/filing-history/MzA3OTE2MjcwMGFkaXF6a2N4/document?format=pdf&download=0	live	-	build_metro_bank.py:-;build_metro_bank.py:CASH_SOURCES;build_metro_bank.py:CH_FY2012;build_metro_bank.py:HD074_EXTENSION_NOTE
https://find-and-update.company-information.service.gov.uk/company/06419578/filing-history/MzAzOTgzODAwMGFkaXF6a2N4/document?format=pdf&download=0	live	-	build_metro_bank.py:-;build_metro_bank.py:CASH_SOURCES;build_metro_bank.py:CH_FY2010;build_metro_bank.py:HD074_EXTENSION_NOTE
https://find-and-update.company-information.service.gov.uk/company/06419578/filing-history/MzEwMzEwOTEwMGFkaXF6a2N4/document?format=pdf&download=0	live	-	build_metro_bank.py:-;build_metro_bank.py:CASH_SOURCES;build_metro_bank.py:CH_FY2013;build_metro_bank.py:HD074_EXTENSION_NOTE
https://find-and-update.company-information.service.gov.uk/company/06736473/filing-history/MzI2MzgzMDIxNWFkaXF6a2N4/document?format=pdf&download=0	live	-	build_bank_of_ceylon_uk.py:-;build_bank_of_ceylon_uk.py:ASSET_QUALITY_SOURCES;build_bank_of_ceylon_uk.py:CASH_FLOW_SOURCES;build_bank_of_ceylon_uk.py:CH2019_URL;build_bank_of_ceylon_uk.py:STATEMENTS_SOURCES
https://find-and-update.company-information.service.gov.uk/company/06736473/filing-history/MzIzMDcwOTM1MGFkaXF6a2N4/document?format=pdf&download=0	live	-	build_bank_of_ceylon_uk.py:-;build_bank_of_ceylon_uk.py:ASSET_QUALITY_SOURCES;build_bank_of_ceylon_uk.py:CASH_FLOW_SOURCES;build_bank_of_ceylon_uk.py:CH2018_URL;build_bank_of_ceylon_uk.py:STATEMENTS_SOURCES
https://find-and-update.company-information.service.gov.uk/company/06736473/filing-history/MzMwNDA2MDQ0MmFkaXF6a2N4/document?format=pdf&download=0	live	-	build_bank_of_ceylon_uk.py:-;build_bank_of_ceylon_uk.py:ASSET_QUALITY_SOURCES;build_bank_of_ceylon_uk.py:CASH_FLOW_SOURCES;build_bank_of_ceylon_uk.py:CH2020_URL;build_bank_of_ceylon_uk.py:STATEMENTS_SOURCES
https://find-and-update.company-information.service.gov.uk/company/06736473/filing-history/MzMzODIzNzc0NWFkaXF6a2N4/document?format=pdf&download=0	live	-	build_bank_of_ceylon_uk.py:-;build_bank_of_ceylon_uk.py:ASSET_QUALITY_SOURCES;build_bank_of_ceylon_uk.py:CASH_FLOW_SOURCES;build_bank_of_ceylon_uk.py:CH2021_URL;build_bank_of_ceylon_uk.py:STATEMENTS_SOURCES
https://find-and-update.company-information.service.gov.uk/company/06736473/filing-history/MzQyMTM2NzE0MWFkaXF6a2N4/document?format=pdf&download=0	live	-	build_bank_of_ceylon_uk.py:-;build_bank_of_ceylon_uk.py:ASSET_QUALITY_SOURCES;build_bank_of_ceylon_uk.py:CASH_FLOW_SOURCES;build_bank_of_ceylon_uk.py:CH2023_URL;build_bank_of_ceylon_uk.py:STATEMENTS_SOURCES
https://find-and-update.company-information.service.gov.uk/company/06736473/filing-history/MzUyMjY1MjQxM2FkaXF6a2N4/document?format=pdf&download=0	live	-	build_bank_of_ceylon_uk.py:-;build_bank_of_ceylon_uk.py:ASSET_QUALITY_SOURCES;build_bank_of_ceylon_uk.py:CASH_FLOW_SOURCES;build_bank_of_ceylon_uk.py:CH2025_URL;build_bank_of_ceylon_uk.py:STATEMENTS_SOURCES
https://find-and-update.company-information.service.gov.uk/company/06749498/filing-history	live	-	build_charter_court.py:-;build_charter_court.py:BASE
https://find-and-update.company-information.service.gov.uk/company/06749498/filing-history/MzM3NjA1NDU0NWFkaXF6a2N4/document?format=pdf&download=0	live	-	build_charter_court.py:-;build_charter_court.py:AR2022_URL;build_charter_court.py:CASH_FLOW_SOURCES
https://find-and-update.company-information.service.gov.uk/company/06749498/filing-history/MzMzNTQwMDY5MWFkaXF6a2N4/document?format=pdf&download=0	live	-	build_charter_court.py:-;build_charter_court.py:AR2021_URL;build_charter_court.py:ASSET_QUALITY_SOURCES;build_charter_court.py:CASH_FLOW_SOURCES;build_charter_court.py:STATEMENTS_SOURCES
https://find-and-update.company-information.service.gov.uk/company/06749498/filing-history/MzQ2MzY3MjYwMmFkaXF6a2N4/document?format=pdf&download=0	live	-	build_charter_court.py:-;build_charter_court.py:AR2024_URL;build_charter_court.py:CASH_FLOW_SOURCES
https://find-and-update.company-information.service.gov.uk/company/06749498/filing-history/MzQxOTgyMzYzMWFkaXF6a2N4/document?format=pdf&download=0	live	-	build_charter_court.py:-;build_charter_court.py:AR2023_URL;build_charter_court.py:ASSET_QUALITY_SOURCES;build_charter_court.py:CASH_FLOW_SOURCES;build_charter_court.py:STATEMENTS_SOURCES
https://find-and-update.company-information.service.gov.uk/company/06749498/filing-history/MzUxNjgzMTY2OWFkaXF6a2N4/document?format=pdf&download=0	live	-	build_charter_court.py:-;build_charter_court.py:AR2025_URL;build_charter_court.py:ASSET_QUALITY_SOURCES;build_charter_court.py:CASH_FLOW_SOURCES;build_charter_court.py:STATEMENTS_SOURCES
https://find-and-update.company-information.service.gov.uk/company/07022885/filing-history	live	-	build_bank_of_ireland.py:-;build_bank_of_ireland.py:AR2013_URL;build_bank_of_ireland.py:AR2014_URL;build_bank_of_ireland.py:AR2015_URL;build_bank_of_ireland.py:AR2016_URL;build_bank_of_ireland.py:AR2017_URL;build_bank_of_ireland.py:AR2018_URL;build_bank_of_ireland.py:AR2019_URL;build_bank_of_ireland.py:AR2020_URL;build_bank_of_ireland.py:ASSET_QUALITY_SOURCES;build_bank_of_ireland.py:BALANCE_SHEET_SOURCES;build_bank_of_ireland.py:CASH_FLOW_SOURCES;build_bank_of_ireland.py:EQUITY_CHANGES_SOURCES;build_bank_of_ireland.py:INCOME_STATEMENT_SOURCES
https://find-and-update.company-information.service.gov.uk/company/07312896/filing-history/MzQ2NTMxODAwN2FkaXF6a2N4/document?download=0&format=pdf	live	-	build_onesavings.py:-;build_onesavings.py:AR_2024_URL;build_onesavings.py:CASH_FLOW_SOURCES;build_onesavings.py:STATEMENTS_SOURCES
https://find-and-update.company-information.service.gov.uk/company/07312896/filing-history/MzQxOTAwNzg1NWFkaXF6a2N4/document?download=0&format=pdf	live	-	build_onesavings.py:-;build_onesavings.py:AR_2023_URL;build_onesavings.py:CASH_FLOW_SOURCES;build_onesavings.py:STATEMENTS_SOURCES
https://find-and-update.company-information.service.gov.uk/company/07312896/filing-history/MzUyMDIyOTcwM2FkaXF6a2N4/document?download=0&format=pdf	live	-	build_onesavings.py:-;build_onesavings.py:AR_2025_URL;build_onesavings.py:CASH_FLOW_SOURCES;build_onesavings.py:STATEMENTS_SOURCES
https://find-and-update.company-information.service.gov.uk/company/07425398/filing-history	live	-	build_itau_bba_international.py:-;build_itau_bba_international.py:CH_BASE
https://find-and-update.company-information.service.gov.uk/company/07425398/filing-history/MzE3NTM0ODg3NmFkaXF6a2N4/document?format=pdf&download=0	live	-	build_itau_bba_international.py:-;build_itau_bba_international.py:AR16_URL;build_itau_bba_international.py:CASH_FLOW_SOURCES
https://find-and-update.company-information.service.gov.uk/company/07425398/filing-history/MzEyNTM4MDgyMGFkaXF6a2N4/document?format=pdf&download=0	live	-	build_itau_bba_international.py:-;build_itau_bba_international.py:AR14_URL;build_itau_bba_international.py:CASH_FLOW_SOURCES
https://find-and-update.company-information.service.gov.uk/company/07425398/filing-history/MzI0ODY3MjA2N2FkaXF6a2N4/document?format=pdf&download=0	live	-	build_itau_bba_international.py:-;build_itau_bba_international.py:AR18_URL;build_itau_bba_international.py:CASH_FLOW_SOURCES
https://find-and-update.company-information.service.gov.uk/company/07425398/filing-history/MzMyNTUwMDk3NmFkaXF6a2N4/document?format=pdf&download=0	live	-	build_itau_bba_international.py:-;build_itau_bba_international.py:AR20_URL;build_itau_bba_international.py:CASH_FLOW_SOURCES
https://find-and-update.company-information.service.gov.uk/company/07425398/filing-history/MzMzODgwNTQxMWFkaXF6a2N4/document?format=pdf&download=0	live	-	build_itau_bba_international.py:-;build_itau_bba_international.py:AR21_URL;build_itau_bba_international.py:CASH_FLOW_SOURCES
https://find-and-update.company-information.service.gov.uk/company/07425398/filing-history/MzQyMDE3MTk5NWFkaXF6a2N4/document?format=pdf&download=0	live	-	build_itau_bba_international.py:-;build_itau_bba_international.py:AR23_URL;build_itau_bba_international.py:CASH_FLOW_SOURCES
https://find-and-update.company-information.service.gov.uk/company/07425398/filing-history/MzUyNjQ0MDA3MmFkaXF6a2N4/document?format=pdf&download=0	live	-	build_itau_bba_international.py:-;build_itau_bba_international.py:AR25_URL;build_itau_bba_international.py:CASH_FLOW_SOURCES
https://find-and-update.company-information.service.gov.uk/company/07454474/filing-history/MzM2MzAyNjk5NGFkaXF6a2N4/document?format=pdf&download=0	live	-	build_castle_trust.py:-;build_castle_trust.py:CASH_FLOW_SOURCES;build_castle_trust.py:CH_FY2022_URL;build_castle_trust.py:STATEMENTS_SOURCES
https://find-and-update.company-information.service.gov.uk/company/07454474/filing-history/MzMzNDg3NzA5MWFkaXF6a2N4/document?format=pdf&download=0	live	-	build_castle_trust.py:-;build_castle_trust.py:CASH_FLOW_SOURCES;build_castle_trust.py:CH_FY2021_URL;build_castle_trust.py:STATEMENTS_SOURCES
https://find-and-update.company-information.service.gov.uk/company/07454474/filing-history/MzQ1MzY3NTE2MGFkaXF6a2N4/document?format=pdf&download=0	live	-	build_castle_trust.py:-;build_castle_trust.py:CASH_FLOW_SOURCES;build_castle_trust.py:CH_FY2024_URL;build_castle_trust.py:STATEMENTS_SOURCES
https://find-and-update.company-information.service.gov.uk/company/07454474/filing-history/MzQxNTc2MDk1NGFkaXF6a2N4/document?format=pdf&download=0	live	-	build_castle_trust.py:-;build_castle_trust.py:CASH_FLOW_SOURCES;build_castle_trust.py:CH_FY2023_URL;build_castle_trust.py:STATEMENTS_SOURCES
https://find-and-update.company-information.service.gov.uk/company/07454474/filing-history/MzUwMDY5OTYyMGFkaXF6a2N4/document?format=pdf&download=0	live	-	build_castle_trust.py:-;build_castle_trust.py:CASH_FLOW_SOURCES;build_castle_trust.py:CH_FY2025_URL;build_castle_trust.py:STATEMENTS_SOURCES
https://find-and-update.company-information.service.gov.uk/company/07706156/filing-history/MzI4Njg3NjY0M2FkaXF6a2N4/document?format=pdf	live	-	build_allica.py:-;build_allica.py:EQUITY_CHANGES_SOURCES
https://find-and-update.company-information.service.gov.uk/company/07706156/filing-history/MzIzMzI4ODY2MWFkaXF6a2N4/document?format=pdf	live	-	build_allica.py:-;build_allica.py:EQUITY_CHANGES_SOURCES
https://find-and-update.company-information.service.gov.uk/company/07706156/filing-history/MzMxMTI2MDM1MWFkaXF6a2N4/document?format=pdf	live	-	build_allica.py:-;build_allica.py:AR2020_URL;build_allica.py:ASSET_QUALITY_SOURCES;build_allica.py:BALANCE_SHEET_SOURCES;build_allica.py:CASH_FLOW_SOURCES;build_allica.py:ENTITY_NOTE;build_allica.py:EQUITY_CHANGES_SOURCES;build_allica.py:INCOME_STATEMENT_SOURCES
https://find-and-update.company-information.service.gov.uk/company/07972522/filing-history	live	-	build_cambridge_and_counties.py:-;build_cambridge_and_counties.py:ASSET_QUALITY_SOURCES;build_cambridge_and_counties.py:CASH_FLOW_SOURCES;build_cambridge_and_counties.py:CH_FILING_HISTORY_URL;build_cambridge_and_counties.py:STATEMENTS_SOURCES
https://find-and-update.company-information.service.gov.uk/company/08595042/filing-history/MzE1MDI0NzI3NWFkaXF6a2N4/document?format=pdf&download=0	live	-	build_oaknorth.py:-
https://find-and-update.company-information.service.gov.uk/company/08595042/filing-history/MzE3NzMxODY4MWFkaXF6a2N4/document?format=pdf&download=0	live	-	build_oaknorth.py:-
https://find-and-update.company-information.service.gov.uk/company/08595042/filing-history/MzIwMzQzMDgzMmFkaXF6a2N4/document?format=pdf&download=0	live	-	build_oaknorth.py:-
https://find-and-update.company-information.service.gov.uk/company/08632552/filing-history	live	-	build_atom_bank.py:-;build_atom_bank.py:CASH_FLOW_SOURCES;build_atom_bank.py:CH_FILING_HISTORY_URL
https://find-and-update.company-information.service.gov.uk/company/08632552/filing-history/MzE2MDEwMzEyNGFkaXF6a2N4/document?format=pdf&download=0	live	-	build_atom_bank.py:-;build_atom_bank.py:AR16_URL;build_atom_bank.py:BALANCE_SHEET_SOURCES;build_atom_bank.py:CASH_FLOW_SOURCES;build_atom_bank.py:EQUITY_CHANGES_SOURCES;build_atom_bank.py:INCOME_STATEMENT_SOURCES
https://find-and-update.company-information.service.gov.uk/company/08632552/filing-history/MzI0MTY5Njg4NGFkaXF6a2N4/document?format=pdf&download=0	live	-	build_atom_bank.py:-;build_atom_bank.py:AR19_URL;build_atom_bank.py:ASSET_QUALITY_SOURCES;build_atom_bank.py:CASH_FLOW_SOURCES;build_atom_bank.py:EQUITY_CHANGES_SOURCES
https://find-and-update.company-information.service.gov.uk/company/08632552/filing-history/MzI4MTUyNjc2OWFkaXF6a2N4/document?format=pdf&download=0	live	-	build_atom_bank.py:-;build_atom_bank.py:AR20_URL;build_atom_bank.py:ASSET_QUALITY_SOURCES;build_atom_bank.py:BALANCE_SHEET_SOURCES;build_atom_bank.py:CASH_FLOW_SOURCES;build_atom_bank.py:EQUITY_CHANGES_SOURCES;build_atom_bank.py:INCOME_STATEMENT_SOURCES
https://find-and-update.company-information.service.gov.uk/company/08632552/filing-history/MzIxNDI0NDI5M2FkaXF6a2N4/document?format=pdf&download=0	live	-	build_atom_bank.py:-;build_atom_bank.py:AR17_URL
https://find-and-update.company-information.service.gov.uk/company/08632552/filing-history/MzIxNDUyMjk4M2FkaXF6a2N4/document?format=pdf&download=0	live	-	build_atom_bank.py:-;build_atom_bank.py:AR18_URL;build_atom_bank.py:ASSET_QUALITY_SOURCES;build_atom_bank.py:BALANCE_SHEET_SOURCES;build_atom_bank.py:CASH_FLOW_SOURCES;build_atom_bank.py:EQUITY_CHANGES_SOURCES;build_atom_bank.py:INCOME_STATEMENT_SOURCES
https://find-and-update.company-information.service.gov.uk/company/08632552/filing-history/MzM5ODE2MjM5N2FkaXF6a2N4/document?format=pdf&download=0	live	-	build_atom_bank.py:-;build_atom_bank.py:AR23_URL;build_atom_bank.py:ASSET_QUALITY_SOURCES;build_atom_bank.py:BALANCE_SHEET_SOURCES;build_atom_bank.py:EQUITY_CHANGES_SOURCES;build_atom_bank.py:INCOME_STATEMENT_SOURCES
https://find-and-update.company-information.service.gov.uk/company/08632552/filing-history/MzMxNDk5MDE0OWFkaXF6a2N4/document?format=pdf&download=0	live	-	build_atom_bank.py:-;build_atom_bank.py:AR21_URL;build_atom_bank.py:ASSET_QUALITY_SOURCES;build_atom_bank.py:BALANCE_SHEET_SOURCES;build_atom_bank.py:EQUITY_CHANGES_SOURCES;build_atom_bank.py:INCOME_STATEMENT_SOURCES
https://find-and-update.company-information.service.gov.uk/company/08632552/filing-history/MzQ3NzYwODYzOWFkaXF6a2N4/document?format=pdf&download=0	live	-	build_atom_bank.py:-;build_atom_bank.py:AR25_URL;build_atom_bank.py:ASSET_QUALITY_SOURCES;build_atom_bank.py:BALANCE_SHEET_SOURCES;build_atom_bank.py:EQUITY_CHANGES_SOURCES;build_atom_bank.py:INCOME_STATEMENT_SOURCES
https://find-and-update.company-information.service.gov.uk/company/08632552/filing-history/MzQzNDkxNDM0M2FkaXF6a2N4/document?format=pdf&download=0	live	-	build_atom_bank.py:-;build_atom_bank.py:AR24_URL
https://find-and-update.company-information.service.gov.uk/company/08864609/filing-history	live	-	build_habib_bank_zurich.py:-;build_habib_bank_zurich.py:CH_BASE
https://find-and-update.company-information.service.gov.uk/company/08864609/filing-history/MzE3ODgzNDIxOGFkaXF6a2N4/document?format=pdf&download=0	live	-	build_habib_bank_zurich.py:-;build_habib_bank_zurich.py:AR2016_URL;build_habib_bank_zurich.py:ASSET_QUALITY_SOURCES;build_habib_bank_zurich.py:BALANCE_SHEET_SOURCES;build_habib_bank_zurich.py:CASH_FLOW_SOURCES;build_habib_bank_zurich.py:EQUITY_SOURCES;build_habib_bank_zurich.py:INCOME_STATEMENT_SOURCES
https://find-and-update.company-information.service.gov.uk/company/08864609/filing-history/MzI0MDE4NDY0M2FkaXF6a2N4/document?format=pdf&download=0	live	-	build_habib_bank_zurich.py:-;build_habib_bank_zurich.py:AR2018_URL;build_habib_bank_zurich.py:ASSET_QUALITY_SOURCES;build_habib_bank_zurich.py:BALANCE_SHEET_SOURCES;build_habib_bank_zurich.py:CASH_FLOW_SOURCES;build_habib_bank_zurich.py:EQUITY_SOURCES;build_habib_bank_zurich.py:INCOME_STATEMENT_SOURCES
https://find-and-update.company-information.service.gov.uk/company/08864609/filing-history/MzI2MzQyOTE3NWFkaXF6a2N4/document?format=pdf&download=0	live	-	build_habib_bank_zurich.py:-;build_habib_bank_zurich.py:AR2019_URL;build_habib_bank_zurich.py:ASSET_QUALITY_SOURCES;build_habib_bank_zurich.py:BALANCE_SHEET_SOURCES;build_habib_bank_zurich.py:CASH_FLOW_SOURCES;build_habib_bank_zurich.py:EQUITY_SOURCES;build_habib_bank_zurich.py:INCOME_STATEMENT_SOURCES
https://find-and-update.company-information.service.gov.uk/company/08864609/filing-history/MzIwODE0NTQzN2FkaXF6a2N4/document?format=pdf&download=0	live	-	build_habib_bank_zurich.py:-;build_habib_bank_zurich.py:AR2017_URL;build_habib_bank_zurich.py:ASSET_QUALITY_SOURCES;build_habib_bank_zurich.py:BALANCE_SHEET_SOURCES;build_habib_bank_zurich.py:CASH_FLOW_SOURCES;build_habib_bank_zurich.py:EQUITY_SOURCES;build_habib_bank_zurich.py:INCOME_STATEMENT_SOURCES
https://find-and-update.company-information.service.gov.uk/company/08864609/filing-history/MzM0MjYxMTQxOWFkaXF6a2N4/document?format=pdf&download=0	live	-	build_habib_bank_zurich.py:-;build_habib_bank_zurich.py:AR2021_URL;build_habib_bank_zurich.py:ASSET_QUALITY_SOURCES;build_habib_bank_zurich.py:BALANCE_SHEET_SOURCES;build_habib_bank_zurich.py:CASH_FLOW_SOURCES;build_habib_bank_zurich.py:INCOME_STATEMENT_SOURCES
https://find-and-update.company-information.service.gov.uk/company/08864609/filing-history/MzM4MjUzMDg5N2FkaXF6a2N4/document?format=pdf&download=0	live	-	build_habib_bank_zurich.py:-;build_habib_bank_zurich.py:AR2022_URL;build_habib_bank_zurich.py:ASSET_QUALITY_SOURCES;build_habib_bank_zurich.py:BALANCE_SHEET_SOURCES;build_habib_bank_zurich.py:CASH_FLOW_SOURCES;build_habib_bank_zurich.py:EQUITY_SOURCES;build_habib_bank_zurich.py:INCOME_STATEMENT_SOURCES
https://find-and-update.company-information.service.gov.uk/company/08864609/filing-history/MzMwMjAzMjMyM2FkaXF6a2N4/document?format=pdf&download=0	live	-	build_habib_bank_zurich.py:-;build_habib_bank_zurich.py:AR2020_URL;build_habib_bank_zurich.py:ASSET_QUALITY_SOURCES;build_habib_bank_zurich.py:BALANCE_SHEET_SOURCES;build_habib_bank_zurich.py:CASH_FLOW_SOURCES;build_habib_bank_zurich.py:EQUITY_SOURCES;build_habib_bank_zurich.py:INCOME_STATEMENT_SOURCES
https://find-and-update.company-information.service.gov.uk/company/08864609/filing-history/MzQxOTMzMTc3MGFkaXF6a2N4/document?format=pdf&download=0	live	-	build_habib_bank_zurich.py:-;build_habib_bank_zurich.py:AR2023_URL;build_habib_bank_zurich.py:ASSET_QUALITY_SOURCES;build_habib_bank_zurich.py:BALANCE_SHEET_SOURCES;build_habib_bank_zurich.py:CASH_FLOW_SOURCES;build_habib_bank_zurich.py:EQUITY_SOURCES;build_habib_bank_zurich.py:INCOME_STATEMENT_SOURCES
https://find-and-update.company-information.service.gov.uk/company/08864609/filing-history/MzUyNTkxNzE0NGFkaXF6a2N4/document?format=pdf&download=0	live	-	build_habib_bank_zurich.py:-;build_habib_bank_zurich.py:AR2025_URL;build_habib_bank_zurich.py:ASSET_QUALITY_SOURCES;build_habib_bank_zurich.py:BALANCE_SHEET_SOURCES;build_habib_bank_zurich.py:CASH_FLOW_SOURCES;build_habib_bank_zurich.py:EQUITY_SOURCES;build_habib_bank_zurich.py:INCOME_STATEMENT_SOURCES
https://find-and-update.company-information.service.gov.uk/company/09446231/filing-history/MzE4MzMzNTM5OWFkaXF6a2N4/document?format=pdf&download=0	live	-	build_monzo.py:-;build_monzo.py:BALANCE_SHEET_SOURCES;build_monzo.py:CASH_FLOW_SOURCES;build_monzo.py:CH_FY2018_URL;build_monzo.py:EQUITY_CHANGES_SOURCES;build_monzo.py:INCOME_STATEMENT_SOURCES
https://find-and-update.company-information.service.gov.uk/company/09446231/filing-history/MzIzOTY5Nzg5MGFkaXF6a2N4/document?format=pdf&download=0	live	-	build_monzo.py:-;build_monzo.py:ASSET_QUALITY_SOURCES;build_monzo.py:BALANCE_SHEET_SOURCES;build_monzo.py:CASH_FLOW_SOURCES;build_monzo.py:CH_FY2019_URL;build_monzo.py:EQUITY_CHANGES_SOURCES;build_monzo.py:INCOME_STATEMENT_SOURCES
https://find-and-update.company-information.service.gov.uk/company/09837692/filing-history/MzI4NjAzOTYwNWFkaXF6a2N4/document?format=pdf&download=0	live	-	build_vida.py:-;build_vida.py:AR2019_URL;build_vida.py:ASSET_QUALITY_SOURCES;build_vida.py:BALANCE_SHEET_SOURCES;build_vida.py:CASH_FLOW_SOURCES;build_vida.py:EQUITY_SOURCES;build_vida.py:INCOME_STATEMENT_SOURCES
https://find-and-update.company-information.service.gov.uk/company/09837692/filing-history/MzIzMzYzMjc1OWFkaXF6a2N4/document?format=pdf&download=0	live	-	build_vida.py:-;build_vida.py:AR2018_URL;build_vida.py:CASH_FLOW_SOURCES;build_vida.py:FY2018_RESTATEMENT_NOTE
https://find-and-update.company-information.service.gov.uk/company/09837692/filing-history/MzIzMzYzMjc1OWFkaXF6a2N4/document?format=pdf&download=0)	live	-	build_vida.py:-;build_vida.py:BALANCE_SHEET_SOURCES;build_vida.py:CASH_FLOW_SOURCES
https://find-and-update.company-information.service.gov.uk/company/09837692/filing-history/MzMwNjUyMjA5MmFkaXF6a2N4/document?format=pdf&download=0	live	-	build_vida.py:-;build_vida.py:AR2020_URL;build_vida.py:ASSET_QUALITY_SOURCES;build_vida.py:BALANCE_SHEET_SOURCES;build_vida.py:CASH_FLOW_SOURCES;build_vida.py:EQUITY_SOURCES;build_vida.py:INCOME_STATEMENT_SOURCES
https://find-and-update.company-information.service.gov.uk/company/09872265/filing-history	live	-	build_redwood_bank.py:-;build_redwood_bank.py:CH_URL
https://find-and-update.company-information.service.gov.uk/company/09872265/filing-history/MzI0NTgzMDAyMWFkaXF6a2N4/document?download=0&format=pdf	live	-	build_redwood_bank.py:-;build_redwood_bank.py:ASSET_QUALITY_SOURCES;build_redwood_bank.py:CASH_FLOW_SOURCES;build_redwood_bank.py:CH2019_FILING_URL;build_redwood_bank.py:P3_SOURCES;build_redwood_bank.py:STATEMENTS_SOURCES
https://find-and-update.company-information.service.gov.uk/company/09872265/filing-history/MzI3OTU5MDgxMmFkaXF6a2N4/document?download=0&format=pdf	live	-	build_redwood_bank.py:-;build_redwood_bank.py:ASSET_QUALITY_SOURCES;build_redwood_bank.py:CASH_FLOW_SOURCES;build_redwood_bank.py:CH2020_FILING_URL;build_redwood_bank.py:P3_SOURCES;build_redwood_bank.py:STATEMENTS_SOURCES
https://find-and-update.company-information.service.gov.uk/company/09872265/filing-history/MzIxNTgzNTUxNWFkaXF6a2N4/document?download=0&format=pdf	live	-	build_redwood_bank.py:-;build_redwood_bank.py:ASSET_QUALITY_SOURCES;build_redwood_bank.py:CASH_FLOW_SOURCES;build_redwood_bank.py:CH2018_FILING_URL;build_redwood_bank.py:P3_SOURCES;build_redwood_bank.py:STATEMENTS_SOURCES
https://find-and-update.company-information.service.gov.uk/company/09872265/filing-history/MzM4NjEzNjAwN2FkaXF6a2N4/document?download=0&format=pdf	live	-	build_redwood_bank.py:-;build_redwood_bank.py:ASSET_QUALITY_SOURCES;build_redwood_bank.py:CASH_FLOW_SOURCES;build_redwood_bank.py:CH2022_URL;build_redwood_bank.py:P3_SOURCES;build_redwood_bank.py:STATEMENTS_SOURCES
https://find-and-update.company-information.service.gov.uk/company/09872265/filing-history/MzMxNTg5MTEzOWFkaXF6a2N4/document?download=0&format=pdf	live	-	build_redwood_bank.py:-;build_redwood_bank.py:ASSET_QUALITY_SOURCES;build_redwood_bank.py:CASH_FLOW_SOURCES;build_redwood_bank.py:CH2021_FILING_URL;build_redwood_bank.py:P3_SOURCES;build_redwood_bank.py:STATEMENTS_SOURCES
https://find-and-update.company-information.service.gov.uk/company/09964966/filing-history/MzI0MTExMzg0OGFkaXF6a2N4/document?format=pdf&download=0	live	-	build_chetwood.py:-;build_chetwood.py:AR19_URL;build_chetwood.py:ASSET_QUALITY_SOURCES;build_chetwood.py:CASH_FLOW_SOURCES;build_chetwood.py:STATEMENTS_SOURCES
https://find-and-update.company-information.service.gov.uk/company/09964966/filing-history/MzI3NDIxOTQ2OWFkaXF6a2N4/document?format=pdf&download=0	live	-	build_chetwood.py:-;build_chetwood.py:AR20_URL;build_chetwood.py:ASSET_QUALITY_SOURCES;build_chetwood.py:CASH_FLOW_SOURCES;build_chetwood.py:STATEMENTS_SOURCES
https://find-and-update.company-information.service.gov.uk/company/10399850	live	-	build_lloyds_bank_corporate_markets.py:-;build_lloyds_bank_corporate_markets.py:CH_URL
https://find-and-update.company-information.service.gov.uk/company/10436460/filing-history/MzU0MjU0NTEyMWFkaXF6a2N4/document?format=pdf&download=0	live	-	build_state_bank_of_india_uk.py:-;build_state_bank_of_india_uk.py:BALANCE_SHEET_SOURCES;build_state_bank_of_india_uk.py:EQUITY_SOURCES;build_state_bank_of_india_uk.py:FS2026;build_state_bank_of_india_uk.py:INVESTMENT_SECURITIES_NOTE;build_state_bank_of_india_uk.py:STATEMENTS_SOURCES
https://find-and-update.company-information.service.gov.uk/company/10603119/filing-history/MzI0MjQ2NzU0OGFkaXF6a2N4/document?format=pdf&download=0	live	-	build_recognise_bank.py:-;build_recognise_bank.py:BS_SOURCES;build_recognise_bank.py:CASH_SOURCES;build_recognise_bank.py:CH19_URL;build_recognise_bank.py:CH_SOURCES_NOTE;build_recognise_bank.py:EQ_SOURCES
https://find-and-update.company-information.service.gov.uk/company/10603119/filing-history/MzI4NDMzNTMxOGFkaXF6a2N4/document?format=pdf&download=0	live	-	build_recognise_bank.py:-;build_recognise_bank.py:BS_SOURCES;build_recognise_bank.py:CASH_SOURCES;build_recognise_bank.py:CH20_URL;build_recognise_bank.py:CH_SOURCES_NOTE;build_recognise_bank.py:EQ_SOURCES;build_recognise_bank.py:PL_SOURCES
https://find-and-update.company-information.service.gov.uk/company/10603119/filing-history/MzIxODY1MTA1NGFkaXF6a2N4/document?format=pdf&download=0	live	-	build_recognise_bank.py:-;build_recognise_bank.py:BS_SOURCES;build_recognise_bank.py:CASH_SOURCES;build_recognise_bank.py:CH18_URL;build_recognise_bank.py:CH_SOURCES_NOTE;build_recognise_bank.py:EQ_SOURCES;build_recognise_bank.py:PL_SOURCES
https://find-and-update.company-information.service.gov.uk/company/10603119/filing-history/MzMyMTE3NDk3NmFkaXF6a2N4/document?format=pdf&download=0	live	-	build_recognise_bank.py:-;build_recognise_bank.py:AQ_SOURCES;build_recognise_bank.py:BS_SOURCES;build_recognise_bank.py:CASH_SOURCES;build_recognise_bank.py:CH21_URL;build_recognise_bank.py:CH_SOURCES_NOTE;build_recognise_bank.py:EQ_SOURCES;build_recognise_bank.py:P3_21_SOURCES;build_recognise_bank.py:P3_SOURCES_WITH_FY2021;build_recognise_bank.py:PL_SOURCES
https://find-and-update.company-information.service.gov.uk/company/10627575/filing-history	live	-	build_zopa.py:-;build_zopa.py:CH_BASE
https://find-and-update.company-information.service.gov.uk/company/10627575/filing-history/MzI0NjEzNjE0OWFkaXF6a2N4/document?format=pdf&download=0	live	-	build_zopa.py:-;build_zopa.py:AR2018_URL;build_zopa.py:ASSET_QUALITY_SOURCES;build_zopa.py:CASH_FLOW_SOURCES;build_zopa.py:STATEMENTS_SOURCES
https://find-and-update.company-information.service.gov.uk/company/10627575/filing-history/MzI4NjUxOTIyNmFkaXF6a2N4/document?format=pdf&download=0	live	-	build_zopa.py:-;build_zopa.py:AR2019_URL;build_zopa.py:ASSET_QUALITY_SOURCES;build_zopa.py:CASH_FLOW_SOURCES;build_zopa.py:STATEMENTS_SOURCES
https://find-and-update.company-information.service.gov.uk/company/10627575/filing-history/MzIxNTk5NjMyMmFkaXF6a2N4/document?format=pdf&download=0	live	-	build_zopa.py:-;build_zopa.py:AR2017_URL;build_zopa.py:CASH_FLOW_SOURCES;build_zopa.py:STATEMENTS_SOURCES
https://find-and-update.company-information.service.gov.uk/company/10702260	live	-	build_gb_bank.py:-;build_gb_bank.py:CH_URL
https://find-and-update.company-information.service.gov.uk/company/10702260/filing-history	live	-	build_gb_bank.py:-
https://find-and-update.company-information.service.gov.uk/company/10702260/filing-history/MzM1Mzg0NjcwMWFkaXF6a2N4/document?format=pdf&download=0	live	-	build_gb_bank.py:-;build_gb_bank.py:AA2021_URL
https://find-and-update.company-information.service.gov.uk/company/10702260/filing-history/MzM5NTYwNDEwOWFkaXF6a2N4/document?format=pdf&download=0	live	-	build_gb_bank.py:-;build_gb_bank.py:AA2022_URL
https://find-and-update.company-information.service.gov.uk/company/10702260/filing-history/MzQ2MDE5MzkwMWFkaXF6a2N4/document?format=pdf&download=0	live	-	build_gb_bank.py:-;build_gb_bank.py:AA2024_URL
https://find-and-update.company-information.service.gov.uk/company/10702260/filing-history/MzQ5Njg4NzE4MGFkaXF6a2N4/document?format=pdf&download=0	live	-	build_gb_bank.py:-;build_gb_bank.py:AA2025_URL
https://find-and-update.company-information.service.gov.uk/company/10702260/filing-history/MzQzODI5NTI3M2FkaXF6a2N4/document?format=pdf&download=0	live	-	build_gb_bank.py:-;build_gb_bank.py:AA2023_URL
https://find-and-update.company-information.service.gov.uk/company/10921940/filing-history/MzM1Mjc4MTU2M2FkaXF6a2N4/document?download=0&format=pdf	live	-	build_monument_bank.py:-;build_monument_bank.py:AR22_URL;build_monument_bank.py:CASH_SOURCES;build_monument_bank.py:P3_SOURCES;build_monument_bank.py:STATEMENTS_SOURCES
https://find-and-update.company-information.service.gov.uk/company/10921940/filing-history/MzM5NDQyODAwN2FkaXF6a2N4/document?download=0&format=pdf	live	-	build_monument_bank.py:-;build_monument_bank.py:AR23_URL;build_monument_bank.py:CASH_SOURCES;build_monument_bank.py:P3_SOURCES;build_monument_bank.py:STATEMENTS_SOURCES
https://find-and-update.company-information.service.gov.uk/company/10921940/filing-history/MzMxNjk5NzI2OGFkaXF6a2N4/document?download=0&format=pdf	live	-	build_monument_bank.py:-;build_monument_bank.py:AR20_URL;build_monument_bank.py:CASH_SOURCES;build_monument_bank.py:P3_SOURCES;build_monument_bank.py:STATEMENTS_SOURCES
https://find-and-update.company-information.service.gov.uk/company/10921940/filing-history/MzQ3Njc0NjA3MmFkaXF6a2N4/document?download=0&format=pdf	live	-	build_monument_bank.py:-;build_monument_bank.py:AR25_URL;build_monument_bank.py:CASH_SOURCES;build_monument_bank.py:P3_SOURCES;build_monument_bank.py:STATEMENTS_SOURCES
https://find-and-update.company-information.service.gov.uk/company/10921940/filing-history/MzQzNjUxODg2NmFkaXF6a2N4/document?download=0&format=pdf	live	-	build_monument_bank.py:-;build_monument_bank.py:AR24_URL;build_monument_bank.py:CASH_SOURCES;build_monument_bank.py:P3_SOURCES;build_monument_bank.py:STATEMENTS_SOURCES
https://find-and-update.company-information.service.gov.uk/company/11283101/filing-history	live	-	build_citibank_uk.py:-;build_citibank_uk.py:CH_URL;build_citibank_uk.py:EXEMPTION_NOTE
https://find-and-update.company-information.service.gov.uk/company/11283101/filing-history/MzI0NTI2MzExOWFkaXF6a2N4/document?format=pdf&download=0	live	-	build_citibank_uk.py:-;build_citibank_uk.py:ASSET_QUALITY_SOURCES;build_citibank_uk.py:CH_2018_DORMANT_URL;build_citibank_uk.py:ENTITY_NOTE;build_citibank_uk.py:P3_SOURCES;build_citibank_uk.py:RWA_SOURCES
https://find-and-update.company-information.service.gov.uk/company/11283101/filing-history/MzI3NDY5NDc2MWFkaXF6a2N4/document?format=pdf&download=0	live	-	build_citibank_uk.py:-;build_citibank_uk.py:ASSET_QUALITY_SOURCES;build_citibank_uk.py:CH_2019_URL;build_citibank_uk.py:STATEMENTS_SOURCES
https://find-and-update.company-information.service.gov.uk/company/11283101/filing-history/MzM3OTI1NDA3NWFkaXF6a2N4/document?format=pdf&download=0	live	-	build_citibank_uk.py:-;build_citibank_uk.py:ASSET_QUALITY_SOURCES;build_citibank_uk.py:CH_2022_URL;build_citibank_uk.py:STATEMENTS_SOURCES
https://find-and-update.company-information.service.gov.uk/company/11283101/filing-history/MzMwODEyNzk0NGFkaXF6a2N4/document?format=pdf&download=0	live	-	build_citibank_uk.py:-;build_citibank_uk.py:ASSET_QUALITY_SOURCES;build_citibank_uk.py:CH_2020_URL;build_citibank_uk.py:STATEMENTS_SOURCES
https://find-and-update.company-information.service.gov.uk/company/11305395/filing-history/MzI2NzEzNzY5N2FkaXF6a2N4/document?format=pdf&download=0	live	-	build_handelsbanken.py:-;build_handelsbanken.py:AA2019_URL
https://find-and-update.company-information.service.gov.uk/company/11305395/filing-history/MzI5NzQzMjk0N2FkaXF6a2N4/document?format=pdf&download=0	live	-	build_handelsbanken.py:-;build_handelsbanken.py:AA2020_URL;build_handelsbanken.py:ASSET_QUALITY_SOURCES;build_handelsbanken.py:BS_SOURCES;build_handelsbanken.py:CASH_FLOW_SOURCES;build_handelsbanken.py:EQUITY_SOURCES;build_handelsbanken.py:IS_SOURCES;build_handelsbanken.py:RWA_BREAKDOWN_SOURCES
https://find-and-update.company-information.service.gov.uk/company/11305395/filing-history/MzI5NzQzMjk0N2FkaXF6a2N4/document?format=pdf&download=0)	live	-	build_handelsbanken.py:-;build_handelsbanken.py:HISTORICAL_P3_NOTE
https://find-and-update.company-information.service.gov.uk/company/11305395/filing-history/MzIzMTA0NzkzMWFkaXF6a2N4/document?format=pdf&download=0	live	-	build_handelsbanken.py:-;build_handelsbanken.py:AA2018_URL;build_handelsbanken.py:ASSET_QUALITY_SOURCES;build_handelsbanken.py:BS_SOURCES;build_handelsbanken.py:CASH_FLOW_SOURCES;build_handelsbanken.py:EQUITY_SOURCES;build_handelsbanken.py:IS_SOURCES;build_handelsbanken.py:RWA_BREAKDOWN_SOURCES
https://find-and-update.company-information.service.gov.uk/company/11305395/filing-history/MzIzMTA0NzkzMWFkaXF6a2N4/document?format=pdf&download=0)	live	-	build_handelsbanken.py:-;build_handelsbanken.py:HISTORICAL_P3_NOTE
https://find-and-update.company-information.service.gov.uk/company/11379025/filing-history/MzI3NjE4MDIwNWFkaXF6a2N4/document?format=pdf&download=0	live	-	build_triodos.py:-;build_triodos.py:AR2019_URL;build_triodos.py:ASSET_QUALITY_SOURCES;build_triodos.py:BALANCE_SHEET_SOURCES;build_triodos.py:CASH_FLOW_SOURCES;build_triodos.py:STATEMENTS_SOURCES
https://find-and-update.company-information.service.gov.uk/company/11379025/filing-history/MzIyNDA2MDg2NWFkaXF6a2N4/document?format=pdf&download=0	live	-	build_triodos.py:-;build_triodos.py:AA02_2018_URL;build_triodos.py:ASSET_QUALITY_SOURCES;build_triodos.py:BALANCE_SHEET_SOURCES;build_triodos.py:CASH_FLOW_SOURCES;build_triodos.py:ENTITY_NOTE;build_triodos.py:RWA_BREAKDOWN_SOURCES;build_triodos.py:STATEMENTS_SOURCES
https://find-and-update.company-information.service.gov.uk/company/11379025/filing-history/MzM1Mjk5ODYxMGFkaXF6a2N4/document?format=pdf&download=0	live	-	build_triodos.py:-;build_triodos.py:AR2021_URL;build_triodos.py:ASSET_QUALITY_SOURCES;build_triodos.py:BALANCE_SHEET_SOURCES;build_triodos.py:CASH_FLOW_SOURCES;build_triodos.py:STATEMENTS_SOURCES
https://find-and-update.company-information.service.gov.uk/company/11379025/filing-history/MzMwNzg5OTQzMGFkaXF6a2N4/document?format=pdf&download=0	live	-	build_triodos.py:-;build_triodos.py:AR2020_URL;build_triodos.py:ASSET_QUALITY_SOURCES;build_triodos.py:BALANCE_SHEET_SOURCES;build_triodos.py:CASH_FLOW_SOURCES;build_triodos.py:STATEMENTS_SOURCES
https://find-and-update.company-information.service.gov.uk/company/11379025/filing-history/MzQyMjE2MDUwOWFkaXF6a2N4/document?format=pdf&download=0	live	-	build_triodos.py:-;build_triodos.py:AR2023_URL;build_triodos.py:ASSET_QUALITY_SOURCES;build_triodos.py:BALANCE_SHEET_SOURCES;build_triodos.py:CASH_FLOW_SOURCES;build_triodos.py:STATEMENTS_SOURCES
https://find-and-update.company-information.service.gov.uk/company/11379025/filing-history/MzUxNzk5NTMwNmFkaXF6a2N4/document?format=pdf&download=0	live	-	build_triodos.py:-;build_triodos.py:AR2025_URL;build_triodos.py:ASSET_QUALITY_SOURCES;build_triodos.py:BALANCE_SHEET_SOURCES;build_triodos.py:CASH_FLOW_SOURCES;build_triodos.py:STATEMENTS_SOURCES
https://find-and-update.company-information.service.gov.uk/company/11383418/filing-history/MzI2ODM0NjU4N2FkaXF6a2N4/document?format=pdf&download=0	live	-	build_oxbury.py:-;build_oxbury.py:CASH_FLOW_SOURCES;build_oxbury.py:CH2019_URL;build_oxbury.py:STATEMENTS_SOURCES
https://find-and-update.company-information.service.gov.uk/company/11383418/filing-history/MzIzMDIwMjA0MGFkaXF6a2N4/document?format=pdf&download=0	live	-	build_oxbury.py:-;build_oxbury.py:CASH_FLOW_SOURCES;build_oxbury.py:CH2018_URL;build_oxbury.py:STATEMENTS_SOURCES
https://find-and-update.company-information.service.gov.uk/company/11383418/filing-history/MzMwNDYwNjI5NWFkaXF6a2N4/document?format=pdf&download=0	live	-	build_oxbury.py:-;build_oxbury.py:CASH_FLOW_SOURCES;build_oxbury.py:CH2020_URL;build_oxbury.py:STATEMENTS_SOURCES
https://find-and-update.company-information.service.gov.uk/company/11429127/filing-history/MzI3OTM5NTc3NGFkaXF6a2N4/document?download=0&format=pdf	live	-	build_rci_bank_uk.py:-;build_rci_bank_uk.py:AQ_SOURCES;build_rci_bank_uk.py:AR19_URL;build_rci_bank_uk.py:BS_SOURCES;build_rci_bank_uk.py:CASH_SOURCES;build_rci_bank_uk.py:EQUITY_SOURCES;build_rci_bank_uk.py:P3_SOURCES;build_rci_bank_uk.py:PL_SOURCES
https://find-and-update.company-information.service.gov.uk/company/11429127/filing-history/MzIzMjgzMTgxMmFkaXF6a2N4/document?download=0&format=pdf	live	-	build_rci_bank_uk.py:-;build_rci_bank_uk.py:AQ_SOURCES;build_rci_bank_uk.py:BS_SOURCES;build_rci_bank_uk.py:CASH_SOURCES;build_rci_bank_uk.py:DORMANT18_URL;build_rci_bank_uk.py:ENTITY_NOTE;build_rci_bank_uk.py:EQUITY_SOURCES;build_rci_bank_uk.py:PL_SOURCES
https://find-and-update.company-information.service.gov.uk/company/11429127/filing-history/MzM0MjczNjEyNGFkaXF6a2N4/document?download=0&format=pdf	live	-	build_rci_bank_uk.py:-;build_rci_bank_uk.py:AR21_URL;build_rci_bank_uk.py:CASH_SOURCES;build_rci_bank_uk.py:P3_SOURCES
https://find-and-update.company-information.service.gov.uk/company/11429127/filing-history/MzM4MDE0Nzg1OGFkaXF6a2N4/document?download=0&format=pdf	live	-	build_rci_bank_uk.py:-;build_rci_bank_uk.py:AQ_SOURCES;build_rci_bank_uk.py:AR22_URL;build_rci_bank_uk.py:BS_SOURCES;build_rci_bank_uk.py:CASH_SOURCES;build_rci_bank_uk.py:EQUITY_SOURCES;build_rci_bank_uk.py:P3_SOURCES;build_rci_bank_uk.py:PL_SOURCES
https://find-and-update.company-information.service.gov.uk/company/11429127/filing-history/MzM4MDE0Nzg1OGFkaXF6a2N4/document?download=0&format=pdf)	live	-	build_rci_bank_uk.py:-;build_rci_bank_uk.py:BS_SOURCES
https://find-and-update.company-information.service.gov.uk/company/11429127/filing-history/MzMwNzExODk0NmFkaXF6a2N4/document?download=0&format=pdf	live	-	build_rci_bank_uk.py:-;build_rci_bank_uk.py:AQ_SOURCES;build_rci_bank_uk.py:AR20_URL;build_rci_bank_uk.py:BS_SOURCES;build_rci_bank_uk.py:CASH_SOURCES;build_rci_bank_uk.py:EQUITY_SOURCES;build_rci_bank_uk.py:P3_SOURCES;build_rci_bank_uk.py:PL_SOURCES
https://find-and-update.company-information.service.gov.uk/company/11429127/filing-history/MzMwNzExODk0NmFkaXF6a2N4/document?download=0&format=pdf)	live	-	build_rci_bank_uk.py:-;build_rci_bank_uk.py:BS_SOURCES
https://find-and-update.company-information.service.gov.uk/company/11429127/filing-history/MzQ4MzYzODUzNmFkaXF6a2N4/document?download=0&format=pdf	live	-	build_rci_bank_uk.py:-;build_rci_bank_uk.py:AQ_SOURCES;build_rci_bank_uk.py:AR24_URL;build_rci_bank_uk.py:BS_SOURCES;build_rci_bank_uk.py:CASH_SOURCES;build_rci_bank_uk.py:EQUITY_SOURCES;build_rci_bank_uk.py:PL_SOURCES
https://find-and-update.company-information.service.gov.uk/company/11429127/filing-history/MzQyNTg5Mjk5OWFkaXF6a2N4/document?download=0&format=pdf	live	-	build_rci_bank_uk.py:-;build_rci_bank_uk.py:AR23_URL;build_rci_bank_uk.py:CASH_SOURCES
https://find-and-update.company-information.service.gov.uk/company/11734380/filing-history	live	-	build_this_bank.py:-;build_this_bank.py:CH
https://find-and-update.company-information.service.gov.uk/company/11734380/filing-history/MzI4NjQ2NzM3NmFkaXF6a2N4/document?format=pdf&download=0	live	-	build_this_bank.py:-
https://find-and-update.company-information.service.gov.uk/company/11734380/filing-history/MzM2MTc0NDEyNGFkaXF6a2N4/document?format=pdf&download=0	live	-	build_this_bank.py:-
https://find-and-update.company-information.service.gov.uk/company/11734380/filing-history/MzMyMzU2MjI3MGFkaXF6a2N4/document?format=pdf&download=0	live	-	build_this_bank.py:-
https://find-and-update.company-information.service.gov.uk/company/11734380/filing-history/MzQ0ODU3NTgzNmFkaXF6a2N4/document?format=pdf&download=0	live	-	build_this_bank.py:-
https://find-and-update.company-information.service.gov.uk/company/11734380/filing-history/MzQ5MTMwMDUxNWFkaXF6a2N4/document?format=pdf&download=0	live	-	build_this_bank.py:-
https://find-and-update.company-information.service.gov.uk/company/11734380/filing-history/MzQwNjUwNzIyNmFkaXF6a2N4/document?format=pdf&download=0	live	-	build_this_bank.py:-
https://find-and-update.company-information.service.gov.uk/company/11995458/filing-history/MzM0MzQ4NDk4M2FkaXF6a2N4/document?download=0&format=pdf	live	-	build_streambank.py:-;build_streambank.py:AR2021_URL;build_streambank.py:CASH_FLOW_SOURCES
https://find-and-update.company-information.service.gov.uk/company/11995458/filing-history/MzUzNDg0MTU0OWFkaXF6a2N4/document?format=pdf&download=0	live	-	build_streambank.py:-;build_streambank.py:AR2026_URL;build_streambank.py:CASH_FLOW_SOURCES;build_streambank.py:STATEMENTS_SOURCES
https://find-and-update.company-information.service.gov.uk/company/12546585/filing-history	live	-	build_hsbc_innovation_bank.py:-;build_hsbc_innovation_bank.py:AR2021_URL;build_hsbc_innovation_bank.py:AR2022_URL;build_hsbc_innovation_bank.py:AR2023_URL;build_hsbc_innovation_bank.py:AR2024_URL;build_hsbc_innovation_bank.py:AR2025_URL
https://find-and-update.company-information.service.gov.uk/company/12546585/filing-history/MzM5NzEzNzM5MWFkaXF6a2N4/document?format=pdf&download=0	live	-	build_hsbc_innovation_bank.py:-;build_hsbc_innovation_bank.py:AR2022_DOC_URL;build_hsbc_innovation_bank.py:STATEMENTS_SOURCES
https://find-and-update.company-information.service.gov.uk/company/12546585/filing-history/MzQ4MDA1NzM0MWFkaXF6a2N4/document?format=pdf&download=0	live	-	build_hsbc_innovation_bank.py:-;build_hsbc_innovation_bank.py:AR2024_DOC_URL;build_hsbc_innovation_bank.py:STATEMENTS_SOURCES
https://find-and-update.company-information.service.gov.uk/company/12546585/filing-history/MzQyMTMzNzQ4OGFkaXF6a2N4/document?format=pdf&download=0	live	-	build_hsbc_innovation_bank.py:-;build_hsbc_innovation_bank.py:AR2023_DOC_URL;build_hsbc_innovation_bank.py:STATEMENTS_SOURCES
https://find-and-update.company-information.service.gov.uk/company/12546585/filing-history/MzUyNjUwMTE0MmFkaXF6a2N4/document?format=pdf&download=0	live	-	build_hsbc_innovation_bank.py:-;build_hsbc_innovation_bank.py:AR2025_DOC_URL;build_hsbc_innovation_bank.py:STATEMENTS_SOURCES
https://find-and-update.company-information.service.gov.uk/company/12844788/filing-history	live	-	build_bank_of_london.py:-;build_bank_of_london.py:ASSET_QUALITY_SOURCES;build_bank_of_london.py:BALANCE_SHEET_SOURCES;build_bank_of_london.py:CASH_FLOW_SOURCES;build_bank_of_london.py:CH_FILING_HISTORY_URL;build_bank_of_london.py:ENTITY_NOTE;build_bank_of_london.py:EQUITY_CHANGES_SOURCES;build_bank_of_london.py:INCOME_STATEMENT_SOURCES
https://find-and-update.company-information.service.gov.uk/company/12844788/filing-history/MzQ2NTkxNTY0NWFkaXF6a2N4/document?format=pdf&download=0	live	-	build_bank_of_london.py:-;build_bank_of_london.py:AR23_URL;build_bank_of_london.py:ASSET_QUALITY_SOURCES;build_bank_of_london.py:BALANCE_SHEET_SOURCES;build_bank_of_london.py:CASH_FLOW_SOURCES;build_bank_of_london.py:CET1_CAPITAL_SOURCES;build_bank_of_london.py:EQUITY_CHANGES_SOURCES;build_bank_of_london.py:INCOME_STATEMENT_SOURCES
https://find-and-update.company-information.service.gov.uk/company/12844788/filing-history/MzUwMDM4NjMxMWFkaXF6a2N4/document?format=pdf&download=0	live	-	build_bank_of_london.py:-;build_bank_of_london.py:AR24_URL;build_bank_of_london.py:CASH_FLOW_SOURCES
https://find-and-update.company-information.service.gov.uk/company/12844788/filing-history/MzUzODUxMzE5M2FkaXF6a2N4/document?format=pdf&download=0	live	-	build_bank_of_london.py:-;build_bank_of_london.py:AR25_URL;build_bank_of_london.py:ASSET_QUALITY_SOURCES;build_bank_of_london.py:BALANCE_SHEET_SOURCES;build_bank_of_london.py:CASH_FLOW_SOURCES;build_bank_of_london.py:CET1_CAPITAL_SOURCES;build_bank_of_london.py:EQUITY_CHANGES_SOURCES;build_bank_of_london.py:INCOME_STATEMENT_SOURCES
https://find-and-update.company-information.service.gov.uk/company/13084174/filing-history/MzM1MTg2MDczOWFkaXF6a2N4/document?format=pdf&download=0	live	-	build_perenna.py:-;build_perenna.py:AR2021_URL;build_perenna.py:CASH_FLOW_SOURCES;build_perenna.py:STATEMENTS_SOURCES
https://find-and-update.company-information.service.gov.uk/company/13084174/filing-history/MzM4MjAzMDY1OWFkaXF6a2N4/document?format=pdf&download=0	live	-	build_perenna.py:-;build_perenna.py:AR2022_URL;build_perenna.py:CASH_FLOW_SOURCES;build_perenna.py:STATEMENTS_SOURCES
https://find-and-update.company-information.service.gov.uk/company/13084174/filing-history/MzQ3MjEwNTk2M2FkaXF6a2N4/document?format=pdf&download=0	live	-	build_perenna.py:-;build_perenna.py:AR2024_URL;build_perenna.py:ASSET_QUALITY_SOURCES;build_perenna.py:CASH_FLOW_SOURCES;build_perenna.py:STATEMENTS_SOURCES
https://find-and-update.company-information.service.gov.uk/company/13084174/filing-history/MzQyNTQzMzk4MGFkaXF6a2N4/document?format=pdf&download=0	live	-	build_perenna.py:-;build_perenna.py:AR2023_URL;build_perenna.py:ASSET_QUALITY_SOURCES;build_perenna.py:CASH_FLOW_SOURCES;build_perenna.py:STATEMENTS_SOURCES
https://find-and-update.company-information.service.gov.uk/company/13084174/filing-history/MzUyNTM5NTkxM2FkaXF6a2N4/document?format=pdf&download=0	live	-	build_perenna.py:-;build_perenna.py:AR2025_URL;build_perenna.py:ASSET_QUALITY_SOURCES;build_perenna.py:CASH_FLOW_SOURCES;build_perenna.py:STATEMENTS_SOURCES
https://find-and-update.company-information.service.gov.uk/company/13090556	live	-	build_afin_bank.py:-;build_afin_bank.py:CH_OVERVIEW_URL
https://find-and-update.company-information.service.gov.uk/company/13090556/filing-history	live	-	build_afin_bank.py:-;build_afin_bank.py:BALANCE_SHEET_SOURCES;build_afin_bank.py:CASH_FLOW_SOURCES;build_afin_bank.py:CH_FILING_HISTORY_URL;build_afin_bank.py:EQUITY_CHANGES_SOURCES;build_afin_bank.py:FY2020_SKIP_NOTE;build_afin_bank.py:INCOME_STATEMENT_SOURCES
https://find-and-update.company-information.service.gov.uk/company/13090556/filing-history/MzM2MjY4Mzc2MGFkaXF6a2N4/document?format=pdf&download=0	live	-	build_afin_bank.py:-;build_afin_bank.py:BALANCE_SHEET_SOURCES;build_afin_bank.py:CASH_FLOW_SOURCES;build_afin_bank.py:CH_2021_ACCOUNTS_URL;build_afin_bank.py:EQUITY_CHANGES_SOURCES;build_afin_bank.py:INCOME_STATEMENT_SOURCES
https://find-and-update.company-information.service.gov.uk/company/13090556/filing-history/MzM5MzI3MzYzNmFkaXF6a2N4/document?format=pdf&download=0	live	-	build_afin_bank.py:-;build_afin_bank.py:BALANCE_SHEET_SOURCES;build_afin_bank.py:CASH_FLOW_SOURCES;build_afin_bank.py:CH_2022_ACCOUNTS_URL;build_afin_bank.py:INCOME_STATEMENT_SOURCES
https://find-and-update.company-information.service.gov.uk/company/13090556/filing-history/MzQ4MjgwOTc2M2FkaXF6a2N4/document?download=0&format=pdf	live	-	build_afin_bank.py:-;build_afin_bank.py:CH_2024_ACCOUNTS_URL
https://find-and-update.company-information.service.gov.uk/company/13090556/filing-history/MzQyNDA1MjMwOGFkaXF6a2N4/document?format=pdf&download=0	live	-	build_afin_bank.py:-;build_afin_bank.py:BALANCE_SHEET_SOURCES;build_afin_bank.py:CASH_FLOW_SOURCES;build_afin_bank.py:CH_2023_ACCOUNTS_URL;build_afin_bank.py:EQUITY_CHANGES_SOURCES;build_afin_bank.py:INCOME_STATEMENT_SOURCES
https://find-and-update.company-information.service.gov.uk/company/14254435/filing-history/MzQyMTUzMzg4NGFkaXF6a2N4/document?format=pdf&download=0	live	-	build_clearbank.py:-;build_clearbank.py:CBGH_FY2023_URL
https://find-and-update.company-information.service.gov.uk/company/14254435/filing-history/MzQyMTUzMzg4NGFkaXF6a2N4/document?format=pdf&download=0)	live	-	build_clearbank.py:-;build_clearbank.py:STATEMENTS_ENTITY_NOTE;build_clearbank.py:STATEMENTS_SOURCES
https://find-and-update.company-information.service.gov.uk/company/NI018800/filing-history	live	-	build_aib_uk.py:-;build_aib_uk.py:CH_URL
https://find-and-update.company-information.service.gov.uk/company/NI018800/filing-history/MzMzMjQ0MDUyOWFkaXF6a2N4/document?format=pdf&download=0	live	-	build_aib_uk.py:-;build_aib_uk.py:ACCESS_ROUTE_NOTE;build_aib_uk.py:AR2021_URL;build_aib_uk.py:ASSET_QUALITY_SOURCES;build_aib_uk.py:BALANCE_SHEET_SOURCES;build_aib_uk.py:CASH_FLOW_SOURCES;build_aib_uk.py:EQUITY_CHANGES_SOURCES;build_aib_uk.py:INCOME_STATEMENT_SOURCES;build_aib_uk.py:RWA_BREAKDOWN_SOURCES
https://find-and-update.company-information.service.gov.uk/company/SC001111/filing-history/MzA0NzM2MDEyOWFkaXF6a2N4/document?format=pdf&download=0	live	-	build_clydesdale.py:-;build_clydesdale.py:CASH_FLOW_SOURCES;build_clydesdale.py:HD073_AR2011_URL;build_clydesdale.py:HD073_SOURCING_NOTE;build_clydesdale.py:STATEMENTS_SOURCES
https://find-and-update.company-information.service.gov.uk/company/SC001111/filing-history/MzA4OTI2NzU1N2FkaXF6a2N4/document?format=pdf&download=0	live	-	build_clydesdale.py:-;build_clydesdale.py:CASH_FLOW_SOURCES;build_clydesdale.py:HD073_AR2013_URL;build_clydesdale.py:HD073_SOURCING_NOTE;build_clydesdale.py:STATEMENTS_SOURCES
https://find-and-update.company-information.service.gov.uk/company/SC001111/filing-history/MzAyNzcxMTEzMGFkaXF6a2N4/document?format=pdf&download=0	live	-	build_clydesdale.py:-;build_clydesdale.py:CASH_FLOW_SOURCES;build_clydesdale.py:HD073_AR2010_URL;build_clydesdale.py:HD073_SOURCING_NOTE;build_clydesdale.py:STATEMENTS_SOURCES
https://find-and-update.company-information.service.gov.uk/company/SC327000/filing-history/MzM3NTQ1ODI2M2FkaXF6a2N4/document?format=pdf&download=0	live	-	build_bank_of_scotland.py:-;build_bank_of_scotland.py:AR2022_URL;build_bank_of_scotland.py:CASH_FLOW_SOURCES;build_bank_of_scotland.py:RWA_BREAKDOWN_SOURCES;build_bank_of_scotland.py:STATEMENTS_SOURCES
https://find-and-update.company-information.service.gov.uk/company/SC327000/filing-history/MzMzNTAwMTQxNWFkaXF6a2N4/document?format=pdf&download=0	live	-	build_bank_of_scotland.py:-;build_bank_of_scotland.py:AR2021_URL;build_bank_of_scotland.py:CASH_FLOW_SOURCES;build_bank_of_scotland.py:RWA_BREAKDOWN_SOURCES;build_bank_of_scotland.py:STATEMENTS_SOURCES
https://find-and-update.company-information.service.gov.uk/company/SC327000/filing-history/MzQ2MDQ2MzkxNmFkaXF6a2N4/document?format=pdf&download=0	live	-	build_bank_of_scotland.py:-;build_bank_of_scotland.py:AR2024_URL;build_bank_of_scotland.py:CASH_FLOW_SOURCES;build_bank_of_scotland.py:RWA_BREAKDOWN_SOURCES;build_bank_of_scotland.py:STATEMENTS_SOURCES
https://find-and-update.company-information.service.gov.uk/company/SC327000/filing-history/MzQxNzI4ODY0NmFkaXF6a2N4/document?format=pdf&download=0	live	-	build_bank_of_scotland.py:-;build_bank_of_scotland.py:AR2023_URL;build_bank_of_scotland.py:CASH_FLOW_SOURCES;build_bank_of_scotland.py:RWA_BREAKDOWN_SOURCES;build_bank_of_scotland.py:STATEMENTS_SOURCES
https://find-and-update.company-information.service.gov.uk/company/SC327000/filing-history/MzUxMDk3MTM2NGFkaXF6a2N4/document?format=pdf&download=0	live	-	build_bank_of_scotland.py:-;build_bank_of_scotland.py:AR2025_URL;build_bank_of_scotland.py:CASH_FLOW_SOURCES;build_bank_of_scotland.py:RWA_BREAKDOWN_SOURCES;build_bank_of_scotland.py:STATEMENTS_SOURCES
https://find-and-update.company-information.service.gov.uk/company/SC386922/filing-history/MzE3OTE1MzI3NmFkaXF6a2N4/document?format=pdf&download=0	live	-	build_hampden_co.py:-;build_hampden_co.py:AR2016_URL;build_hampden_co.py:CASH_FLOW_SOURCES;build_hampden_co.py:STATEMENTS_SOURCES
https://find-and-update.company-information.service.gov.uk/company/SC386922/filing-history/MzI2NzQzODEwNWFkaXF6a2N4/document?format=pdf&download=0	live	-	build_hampden_co.py:-;build_hampden_co.py:AR2019_URL;build_hampden_co.py:CASH_FLOW_SOURCES;build_hampden_co.py:STATEMENTS_SOURCES
https://find-and-update.company-information.service.gov.uk/company/SC386922/filing-history/MzIwNjc3MTg4N2FkaXF6a2N4/document?format=pdf&download=0	live	-	build_hampden_co.py:-;build_hampden_co.py:AR2017_URL;build_hampden_co.py:CASH_FLOW_SOURCES;build_hampden_co.py:STATEMENTS_SOURCES
https://find-and-update.company-information.service.gov.uk/company/SC386922/filing-history/MzIzNjE3NTE0NmFkaXF6a2N4/document?format=pdf&download=0	live	-	build_hampden_co.py:-;build_hampden_co.py:AR2018_URL;build_hampden_co.py:CASH_FLOW_SOURCES;build_hampden_co.py:STATEMENTS_SOURCES
https://find-and-update.company-information.service.gov.uk/company/SC386922/filing-history/MzMwNTYzNTA1MmFkaXF6a2N4/document?format=pdf&download=0	live	-	build_hampden_co.py:-;build_hampden_co.py:AR2020_URL;build_hampden_co.py:CASH_FLOW_SOURCES;build_hampden_co.py:STATEMENTS_SOURCES
https://find-and-update.company-information.service.gov.uk/company/ZC000018/filing-history	live	-	build_standard_chartered_bank.py:-;build_standard_chartered_bank.py:CH_URL;build_standard_chartered_bank.py:SOURCE_NOTE;build_standard_chartered_bank.py:STATEMENT_REPORTS_NOTE
https://framerusercontent.com/assets/5YzVUZr8JQg4njsGLzu4ZBXBs8.pdf	live	pdf	build_lhv.py:-;build_lhv.py:P3_2023_URL
https://framerusercontent.com/assets/6Jp4ZWQKQVS1wXUDoBneovYKzIo.pdf	live	pdf	build_lhv.py:-;build_lhv.py:AR2023_URL;build_lhv.py:CASH_FLOW_SOURCES;build_lhv.py:STATEMENTS_SOURCES
https://framerusercontent.com/assets/OJpwHIE7Kzeo65KeJdj7ZrJGUk.pdf	live	pdf	build_lhv.py:-;build_lhv.py:P3_2024_URL
https://framerusercontent.com/assets/ZBWKLmRUPe8T4hKrOicG3V2KYeE.pdf	live	pdf	build_lhv.py:-;build_lhv.py:AR2025_URL;build_lhv.py:CASH_FLOW_SOURCES;build_lhv.py:STATEMENTS_SOURCES
https://framerusercontent.com/assets/srilZFyKHEx1zeu697l5ZFVMXoU.pdf	live	pdf	build_lhv.py:-;build_lhv.py:AR2024_URL;build_lhv.py:CASH_FLOW_SOURCES;build_lhv.py:STATEMENTS_SOURCES
https://framerusercontent.com/assets/xqUVp5XxVe8i90y3LAxlQmmQg.pdf	live	pdf	build_lhv.py:-;build_lhv.py:P3_2025_URL
https://gatehousebank.com/about-us/corporate-governance	live	-	build_gatehouse.py:-;build_gatehouse.py:PUBLICATIONS_INDEX_URL
https://gatehousebank.com/downloads/gatehouse-bank-annual-report-2022	live	-	build_gatehouse.py:-;build_gatehouse.py:AR2022_URL
https://gatehousebank.com/downloads/gatehouse-bank-annual-report-2023	live	-	build_gatehouse.py:-;build_gatehouse.py:AR2023_URL;build_gatehouse.py:CASH_FLOW_SOURCES;build_gatehouse.py:STATEMENTS_SOURCES
https://gatehousebank.com/downloads/gatehouse-bank-pillar-3-disclosure-2022	live	-	build_gatehouse.py:-;build_gatehouse.py:P3_2022_URL
https://gib-am.files.svdcdn.com/production/documents/2024-GIBUK-Pillar-3-disclosures-Board-approved.pdf	live	pdf	build_gulf_international_bank_uk.py:-;build_gulf_international_bank_uk.py:P3_2024_URL;build_gulf_international_bank_uk.py:RWA_BREAKDOWN_SOURCES
https://gib-am.files.svdcdn.com/production/documents/Fund-sustainability-related-documents/2023-GIBUK-Pillar-3-disclosures.pdf	live	pdf	build_gulf_international_bank_uk.py:-;build_gulf_international_bank_uk.py:P3_2023_URL
https://gibam.com/document-library	live	-	build_gulf_international_bank_uk.py:-;build_gulf_international_bank_uk.py:ASSET_QUALITY_SOURCES;build_gulf_international_bank_uk.py:CASH_FLOW_SOURCES;build_gulf_international_bank_uk.py:ENTITY_NOTE;build_gulf_international_bank_uk.py:EQUITY_SOURCES;build_gulf_international_bank_uk.py:RWA_BREAKDOWN_SOURCES;build_gulf_international_bank_uk.py:STATEMENTS_SOURCES
https://griffin.com/reports	live	-	build_griffin_bank.py:-
https://gtbank-uk.files.svdcdn.com/production/download/GTBank-UK-Pillar-3-Disclosure-2025.pdf?dm=1784815695	live	pdf	build_guaranty_trust_bank_uk.py:-;build_guaranty_trust_bank_uk.py:P3_2025_URL;build_guaranty_trust_bank_uk.py:RWA_BREAKDOWN_SOURCES
https://gtbank-uk.files.svdcdn.com/production/general/GTBUK-Pillar-3-2023.pdf	live	pdf	build_guaranty_trust_bank_uk.py:-;build_guaranty_trust_bank_uk.py:P3_2023_ALT_URL
https://gtbank-uk.files.svdcdn.com/production/general/GTBank-UK-Pillar-3-2023.pdf?dm=1731585289	live	pdf	build_guaranty_trust_bank_uk.py:-;build_guaranty_trust_bank_uk.py:P3_2023_URL;build_guaranty_trust_bank_uk.py:RWA_BREAKDOWN_SOURCES
https://gtbank-uk.files.svdcdn.com/production/general/GTBank-UK-Pillar-3-Disclosure-2024.pdf?dm=1769088481	live	pdf	build_guaranty_trust_bank_uk.py:-;build_guaranty_trust_bank_uk.py:P3_2024_URL;build_guaranty_trust_bank_uk.py:RWA_BREAKDOWN_SOURCES
https://gtbank-uk.files.svdcdn.com/production/media/GTBUK-Pillar-3-2022.pdf	live	pdf	build_guaranty_trust_bank_uk.py:-;build_guaranty_trust_bank_uk.py:P3_2022_URL;build_guaranty_trust_bank_uk.py:RWA_BREAKDOWN_SOURCES
https://habibbank.com/gb/about-us/	live	-	build_habib_bank_zurich.py:-;build_habib_bank_zurich.py:BALANCE_SHEET_SOURCES;build_habib_bank_zurich.py:EQUITY_SOURCES;build_habib_bank_zurich.py:HD_025_NOTE;build_habib_bank_zurich.py:INCOME_STATEMENT_SOURCES;build_habib_bank_zurich.py:P3_INDEX_URL
https://habibbank.com/gb/wp-content/uploads/sites/7	live	-	build_habib_bank_zurich.py:-;build_habib_bank_zurich.py:P3_BASE
https://habibbank.com/gb/wp-content/uploads/sites/7/2024/05/Pillar-3-Disclosures-2016.pdf	live	pdf	build_habib_bank_zurich.py:-;build_habib_bank_zurich.py:P3_2016_URL;build_habib_bank_zurich.py:P3_EDITION_LIST
https://habibbank.com/gb/wp-content/uploads/sites/7/2024/05/Pillar-3-Disclosures-2017.pdf	live	pdf	build_habib_bank_zurich.py:-;build_habib_bank_zurich.py:P3_2017_URL;build_habib_bank_zurich.py:P3_EDITION_LIST
https://habibbank.com/gb/wp-content/uploads/sites/7/2024/05/Pillar-3-Disclosures-2018.pdf	live	pdf	build_habib_bank_zurich.py:-;build_habib_bank_zurich.py:P3_2018_URL;build_habib_bank_zurich.py:P3_EDITION_LIST
https://habibbank.com/gb/wp-content/uploads/sites/7/2024/05/Pillar-3-Disclosures-2019.pdf	live	pdf	build_habib_bank_zurich.py:-;build_habib_bank_zurich.py:P3_2019_URL;build_habib_bank_zurich.py:P3_EDITION_LIST
https://habibbank.com/gb/wp-content/uploads/sites/7/2024/05/Pillar-3-Disclosures-2020.pdf	live	pdf	build_habib_bank_zurich.py:-;build_habib_bank_zurich.py:P3_2020_URL;build_habib_bank_zurich.py:P3_EDITION_LIST
https://habibbank.com/gb/wp-content/uploads/sites/7/2024/05/Pillar-3-Disclosures-2021.pdf	live	pdf	build_habib_bank_zurich.py:-;build_habib_bank_zurich.py:P3_2021_URL;build_habib_bank_zurich.py:P3_EDITION_LIST
https://habibbank.com/gb/wp-content/uploads/sites/7/2024/05/Pillar-3-Disclosures-2022.pdf	live	pdf	build_habib_bank_zurich.py:-;build_habib_bank_zurich.py:P3_2022_URL;build_habib_bank_zurich.py:P3_EDITION_LIST
https://habibbank.com/gb/wp-content/uploads/sites/7/2024/10/UK-Pillar-3-Disclosure-2023.pdf	live	pdf	build_habib_bank_zurich.py:-;build_habib_bank_zurich.py:P3_2023_URL;build_habib_bank_zurich.py:P3_EDITION_LIST
https://habibbank.com/gb/wp-content/uploads/sites/7/2025/08/Pillar-3-Disclosure-2024.pdf	live	pdf	build_habib_bank_zurich.py:-;build_habib_bank_zurich.py:P3_2024_URL;build_habib_bank_zurich.py:P3_EDITION_LIST
https://habibbank.com/gb/wp-content/uploads/sites/7/2026/09/Pillar-3-Disclosures-2025.pdf	live	pdf	build_habib_bank_zurich.py:-;build_habib_bank_zurich.py:P3_2025_URL;build_habib_bank_zurich.py:P3_EDITION_LIST
https://hblbankuk.com/wp-content/uploads/2020/03/HBL-UK-2025-Pillar-III-Disclosure.pdf	live	pdf	build_hbl_bank_uk.py:-;build_hbl_bank_uk.py:P3_2025_URL;build_hbl_bank_uk.py:RWA_SOURCES
https://hblbankuk.com/wp-content/uploads/2022/06/Pillar-III-Disclosures-2021.pdf	live	pdf	build_hbl_bank_uk.py:-;build_hbl_bank_uk.py:P3_2021_URL;build_hbl_bank_uk.py:RWA_SOURCES
https://hodgebank.co.uk/wp-content/uploads/2024/07/2.-JHB-Pillar-III.pdf	live	pdf	build_julian_hodge_bank.py:-;build_julian_hodge_bank.py:P3_2020_URL
https://hodgebank.co.uk/wp-content/uploads/2024/07/Annual-report-Jan-25.01.24.pdf	live	pdf	build_julian_hodge_bank.py:-;build_julian_hodge_bank.py:AR2023_URL;build_julian_hodge_bank.py:STATEMENTS_SOURCES
https://hodgebank.co.uk/wp-content/uploads/2024/07/Hodge-Annual-Report-2020_2021.pdf	live	pdf	build_julian_hodge_bank.py:-;build_julian_hodge_bank.py:AR2021_URL;build_julian_hodge_bank.py:STATEMENTS_SOURCES
https://hodgebank.co.uk/wp-content/uploads/2024/07/Hodge-Annual-Report-April-04.04.23-optimised.pdf	live	pdf	build_julian_hodge_bank.py:-;build_julian_hodge_bank.py:AR2022_URL;build_julian_hodge_bank.py:STATEMENTS_SOURCES
https://hodgebank.co.uk/wp-content/uploads/2024/07/Hodge-Pillar-3-Document-2020_2021.pdf	live	pdf	build_julian_hodge_bank.py:-;build_julian_hodge_bank.py:LEVERAGE_BASIS_SOURCES;build_julian_hodge_bank.py:P3_2021_URL
https://hodgebank.co.uk/wp-content/uploads/2024/07/Hodge-pillar-3-11.03.24.pdf	live	pdf	build_julian_hodge_bank.py:-;build_julian_hodge_bank.py:LEVERAGE_BASIS_SOURCES;build_julian_hodge_bank.py:P3_2023_URL
https://hodgebank.co.uk/wp-content/uploads/2024/07/Hodge-pillar-3-19.06.23.pdf	live	pdf	build_julian_hodge_bank.py:-;build_julian_hodge_bank.py:LEVERAGE_BASIS_SOURCES;build_julian_hodge_bank.py:P3_2022_URL
https://hodgebank.co.uk/wp-content/uploads/2024/07/Pillar-3-Disclosure-FY19-FINAL.pdf	live	pdf	build_julian_hodge_bank.py:-;build_julian_hodge_bank.py:P3_2019_URL
https://hodgebank.co.uk/wp-content/uploads/2024/07/jhb-pillar3-2010.pdf	live	pdf	build_julian_hodge_bank.py:-;build_julian_hodge_bank.py:P3_2010_URL
https://hodgebank.co.uk/wp-content/uploads/2024/07/jhb-pillar3-2011.pdf	live	pdf	build_julian_hodge_bank.py:-;build_julian_hodge_bank.py:P3_2011_URL
https://hodgebank.co.uk/wp-content/uploads/2024/07/jhb-pillar3-2012.pdf	live	pdf	build_julian_hodge_bank.py:-;build_julian_hodge_bank.py:P3_2012_URL
https://hodgebank.co.uk/wp-content/uploads/2024/07/jhb-pillar3-2013.pdf	live	pdf	build_julian_hodge_bank.py:-;build_julian_hodge_bank.py:P3_2013_URL
https://hodgebank.co.uk/wp-content/uploads/2024/07/jhb-pillar3-2014.pdf	live	pdf	build_julian_hodge_bank.py:-;build_julian_hodge_bank.py:P3_2014_URL
https://hodgebank.co.uk/wp-content/uploads/2024/07/jhb-pillar3-2015.pdf	live	pdf	build_julian_hodge_bank.py:-;build_julian_hodge_bank.py:P3_2015_URL
https://hodgebank.co.uk/wp-content/uploads/2024/07/jhb-pillar3-2016.pdf	live	pdf	build_julian_hodge_bank.py:-;build_julian_hodge_bank.py:P3_2016_URL
https://hodgebank.co.uk/wp-content/uploads/2024/07/jhb-pillar3-2017.pdf	live	pdf	build_julian_hodge_bank.py:-;build_julian_hodge_bank.py:P3_2017_URL
https://hodgebank.co.uk/wp-content/uploads/2024/07/jhb-pillar3-2018.pdf	live	pdf	build_julian_hodge_bank.py:-;build_julian_hodge_bank.py:P3_2018_URL
https://hodgebank.co.uk/wp-content/uploads/2025/02/Hodge-annual-report-21.02.25.pdf	live	pdf	build_julian_hodge_bank.py:-;build_julian_hodge_bank.py:AR2024_URL;build_julian_hodge_bank.py:STATEMENTS_SOURCES
https://hodgebank.co.uk/wp-content/uploads/2026/02/Hodge-AR-28.01.26.pdf	live	pdf	build_julian_hodge_bank.py:-;build_julian_hodge_bank.py:AR2025_URL;build_julian_hodge_bank.py:CASH_FLOW_SOURCES;build_julian_hodge_bank.py:EXEMPTION_NOTE;build_julian_hodge_bank.py:STATEMENTS_SOURCES
https://home.barclays/content/dam/home-barclays/documents/investor-relations/ResultAnnouncements/FullYear2024Results/FY24-Barclays-Bank-PLC-Pillar-3-Report.pdf	live	pdf	build_barclays_bank_plc.py:-;build_barclays_bank_plc.py:P3_2024_URL;build_barclays_bank_plc.py:RWA_BREAKDOWN_SOURCES
https://home.barclays/content/dam/home-barclays/documents/investor-relations/ResultAnnouncements/FullYear2025Results/FY25-BBPLC-Pillar-3.pdf	live	pdf	build_barclays_bank_plc.py:-;build_barclays_bank_plc.py:P3_2025_URL;build_barclays_bank_plc.py:RWA_BREAKDOWN_SOURCES
https://home.barclays/content/dam/home-barclays/documents/investor-relations/ResultAnnouncements/FullYear2025Results/FY25-BBUKPLC-Pillar-3.pdf	live	pdf	build_barclays.py:-;build_barclays.py:P3_25_URL
https://home.barclays/content/dam/home-barclays/documents/investor-relations/reports-and-events/annual-reports/2018/2018-barclays-bank-uk-plc-annual-report.pdf	live	pdf	build_barclays.py:-;build_barclays.py:AR18_URL;build_barclays.py:CASH_FLOW_SOURCES;build_barclays.py:STATEMENTS_SOURCES
https://home.barclays/content/dam/home-barclays/documents/investor-relations/reports-and-events/annual-reports/2019/Barclays%20Bank%20UK%20PLC%20Annual%20Report%202019.pdf	live	pdf	build_barclays.py:-;build_barclays.py:AR19_URL;build_barclays.py:CASH_FLOW_SOURCES;build_barclays.py:STATEMENTS_SOURCES
https://home.barclays/content/dam/home-barclays/documents/investor-relations/reports-and-events/annual-reports/2019/Barclays%20Bank%20UK%20PLC%20Pillar%203%20Report.pdf	live	pdf	build_barclays.py:-;build_barclays.py:P3_19_URL
https://home.barclays/content/dam/home-barclays/documents/investor-relations/reports-and-events/annual-reports/2020/Barclays%20Bank%20UK%20PLC%20Pillar%203%20Report%202020.pdf	live	pdf	build_barclays.py:-;build_barclays.py:P3_20_URL
https://home.barclays/content/dam/home-barclays/documents/investor-relations/reports-and-events/annual-reports/2020/Barclays-Bank-UK-PLC-2020-Annual-Report.pdf	live	pdf	build_barclays.py:-;build_barclays.py:AR20_URL;build_barclays.py:CASH_FLOW_SOURCES;build_barclays.py:STATEMENTS_SOURCES
https://home.barclays/content/dam/home-barclays/documents/investor-relations/reports-and-events/annual-reports/2021/Barclays-Bank-UK-PLC-2021-Annual-Report.pdf	live	pdf	build_barclays.py:-;build_barclays.py:AR21_URL;build_barclays.py:CASH_FLOW_SOURCES;build_barclays.py:STATEMENTS_SOURCES
https://home.barclays/content/dam/home-barclays/documents/investor-relations/reports-and-events/annual-reports/2021/Barclays-Bank-UK-PLC-Pillar-3-Report-2021.pdf	live	pdf	build_barclays.py:-;build_barclays.py:P3_21_URL
https://home.barclays/content/dam/home-barclays/documents/investor-relations/reports-and-events/annual-reports/2022/Pillar-3/Barclays-Bank-PLC-Pillar-3-Report%202022.pdf	live	pdf	build_barclays_bank_plc.py:-;build_barclays_bank_plc.py:P3_2022_URL;build_barclays_bank_plc.py:RWA_BREAKDOWN_SOURCES
https://home.barclays/content/dam/home-barclays/documents/investor-relations/reports-and-events/annual-reports/2023/BB-PLC-Pillar-3-Report-2023.pdf	live	pdf	build_barclays_bank_plc.py:-;build_barclays_bank_plc.py:P3_2023_URL
https://home.barclays/content/dam/home-barclays/documents/investor-relations/reports-and-events/annual-reports/2023/BB-UK-Pillar-3-Report-2023.pdf	live	pdf	build_barclays.py:-;build_barclays.py:P3_23_URL
https://home.barclays/content/dam/home-barclays/documents/investor-relations/reports-and-events/annual-reports/2023/Barclays-Bank-UK-Annual-Report-2023-Results-committee.pdf	live	pdf	build_barclays.py:-;build_barclays.py:AR23_URL;build_barclays.py:CASH_FLOW_SOURCES;build_barclays.py:STATEMENTS_SOURCES
https://home.barclays/content/dam/home-barclays/documents/investor-relations/reports-and-events/annual-reports/2025/Barclays-Bank-UK-PLC-Annual-Report-2025.pdf	live	pdf	build_barclays.py:-;build_barclays.py:AR25_URL;build_barclays.py:CASH_FLOW_SOURCES;build_barclays.py:STATEMENTS_SOURCES
https://investorrelations.bankofireland.com/app/uploads/Annual-Report-UK-2024-web-version.pdf	live	pdf	build_bank_of_ireland.py:-;build_bank_of_ireland.py:AR2024_URL;build_bank_of_ireland.py:ASSET_QUALITY_SOURCES;build_bank_of_ireland.py:BALANCE_SHEET_SOURCES;build_bank_of_ireland.py:CASH_FLOW_SOURCES;build_bank_of_ireland.py:EQUITY_CHANGES_SOURCES;build_bank_of_ireland.py:INCOME_STATEMENT_SOURCES
https://investorrelations.bankofireland.com/app/uploads/BOI-UKPLC-2023-Annual-Report.pdf	live	pdf	build_bank_of_ireland.py:-;build_bank_of_ireland.py:AR2023_URL;build_bank_of_ireland.py:ASSET_QUALITY_SOURCES;build_bank_of_ireland.py:BALANCE_SHEET_SOURCES;build_bank_of_ireland.py:CASH_FLOW_SOURCES;build_bank_of_ireland.py:EQUITY_CHANGES_SOURCES;build_bank_of_ireland.py:INCOME_STATEMENT_SOURCES
https://investors.natwestgroup.com/~/media/Files/R/RBS-IR-V2/2014-reports/pillar-3-report-2014-v2.pdf	live	pdf	build_national_westminster_bank.py:-;build_national_westminster_bank.py:EQUITY_SOURCES;build_national_westminster_bank.py:STATEMENTS_SOURCES
https://investors.natwestgroup.com/~/media/Files/R/RBS-IR-V2/results-center/11-08-2025/nwm-pillar3-h1-report.pdf	live	pdf	build_natwest_markets.py:-
https://investors.natwestgroup.com/~/media/Files/R/RBS-IR-V2/results-center/11112022/natwest-markets-plc-q3-pillar-3-supplement.pdf	live	pdf	build_natwest_markets.py:-
https://investors.natwestgroup.com/~/media/Files/R/RBS-IR-V2/results-center/11112025/11112025-nwb-pillar-3-report.pdf	live	pdf	build_national_westminster_bank.py:-;build_national_westminster_bank.py:P3_2025_Q3_URL
https://investors.natwestgroup.com/~/media/Files/R/RBS-IR-V2/results-center/11112025/11112025-nwm-pillar-3-report.pdf	live	pdf	build_natwest_markets.py:-
https://investors.natwestgroup.com/~/media/Files/R/RBS-IR-V2/results-center/12112024/nwb-plc-pillar-3-q3-2024.pdf	live	pdf	build_national_westminster_bank.py:-;build_national_westminster_bank.py:P3_2024_Q3_URL
https://investors.natwestgroup.com/~/media/Files/R/RBS-IR-V2/results-center/12112024/nwm-plc-pillar-3-q3-2024.pdf	live	pdf	build_natwest_markets.py:-
https://investors.natwestgroup.com/~/media/Files/R/RBS-IR-V2/results-center/13-11-2023/natwest-bank-plc-pillar-3-q3-2023.pdf	live	pdf	build_national_westminster_bank.py:-;build_national_westminster_bank.py:P3_2023_Q3_URL
https://investors.natwestgroup.com/~/media/Files/R/RBS-IR-V2/results-center/13-11-2023/natwest-markets-plc-pillar-3-q3-2023.pdf	live	pdf	build_natwest_markets.py:-
https://investors.natwestgroup.com/~/media/Files/R/RBS-IR-V2/results-center/13022026/nwb-annual-report.pdf	live	pdf	build_national_westminster_bank.py:-;build_national_westminster_bank.py:AR2025_URL;build_national_westminster_bank.py:EQUITY_SOURCES;build_national_westminster_bank.py:STATEMENTS_SOURCES
https://investors.natwestgroup.com/~/media/Files/R/RBS-IR-V2/results-center/13022026/nwb-pillar-3-report.pdf	live	pdf	build_national_westminster_bank.py:-;build_national_westminster_bank.py:P3_2025_URL
https://investors.natwestgroup.com/~/media/Files/R/RBS-IR-V2/results-center/13022026/nwh-annual-report.pdf	live	pdf	build_rbs.py:-;build_rbs.py:NWH_AR2025_URL
https://investors.natwestgroup.com/~/media/Files/R/RBS-IR-V2/results-center/13022026/nwh-pillar-3-report.pdf	live	pdf	build_rbs.py:-
https://investors.natwestgroup.com/~/media/Files/R/RBS-IR-V2/results-center/13022026/nwm-annual-report.pdf	live	pdf	build_natwest_markets.py:-
https://investors.natwestgroup.com/~/media/Files/R/RBS-IR-V2/results-center/13022026/nwm-pillar-3-report.pdf	live	pdf	build_natwest_markets.py:-
https://investors.natwestgroup.com/~/media/Files/R/RBS-IR-V2/results-center/13022026/rbs-annual-report.pdf	live	pdf	build_rbs.py:-;build_rbs.py:AR2025_URL;build_rbs.py:CASH_FLOW_SOURCES;build_rbs.py:STATEMENTS_SOURCES
https://investors.natwestgroup.com/~/media/Files/R/RBS-IR-V2/results-center/13022026/rbs-pillar-3-report.pdf	live	pdf	build_rbs.py:-;build_rbs.py:P3_2025_URL
https://investors.natwestgroup.com/~/media/Files/R/RBS-IR-V2/results-center/13052025/nwm-pillar3-report.pdf	live	pdf	build_natwest_markets.py:-
https://investors.natwestgroup.com/~/media/Files/R/RBS-IR-V2/results-center/14022025/nwb-annual-report.pdf	live	pdf	build_national_westminster_bank.py:-;build_national_westminster_bank.py:AR2024_URL
https://investors.natwestgroup.com/~/media/Files/R/RBS-IR-V2/results-center/14022025/nwb-pillar-3-report.pdf	live	pdf	build_national_westminster_bank.py:-;build_national_westminster_bank.py:P3_2024_URL
https://investors.natwestgroup.com/~/media/Files/R/RBS-IR-V2/results-center/14022025/nwh-annual-report.pdf	live	pdf	build_rbs.py:-;build_rbs.py:NWH_AR2024_URL
https://investors.natwestgroup.com/~/media/Files/R/RBS-IR-V2/results-center/14022025/nwm-annual-report.pdf	live	pdf	build_natwest_markets.py:-
https://investors.natwestgroup.com/~/media/Files/R/RBS-IR-V2/results-center/14022025/nwm-pillar-3-report.pdf	live	pdf	build_natwest_markets.py:-
https://investors.natwestgroup.com/~/media/Files/R/RBS-IR-V2/results-center/14022025/rbs-plc-annual-report.pdf	live	pdf	build_rbs.py:-;build_rbs.py:AR2024_URL;build_rbs.py:CASH_FLOW_SOURCES;build_rbs.py:STATEMENTS_SOURCES
https://investors.natwestgroup.com/~/media/Files/R/RBS-IR-V2/results-center/14022025/rbs-plc-pillar-3-report.pdf	live	pdf	build_rbs.py:-;build_rbs.py:P3_2024_URL
https://investors.natwestgroup.com/~/media/Files/R/RBS-IR-V2/results-center/16022024/nwb-plc-annual-report.pdf	live	pdf	build_national_westminster_bank.py:-;build_national_westminster_bank.py:AR2023_URL;build_national_westminster_bank.py:EQUITY_SOURCES;build_national_westminster_bank.py:STATEMENTS_SOURCES
https://investors.natwestgroup.com/~/media/Files/R/RBS-IR-V2/results-center/16022024/nwb-plc-pillar-3-report.pdf	live	pdf	build_national_westminster_bank.py:-;build_national_westminster_bank.py:P3_2023_URL
https://investors.natwestgroup.com/~/media/Files/R/RBS-IR-V2/results-center/16022024/nwmp-annual-report.pdf	live	pdf	build_natwest_markets.py:-
https://investors.natwestgroup.com/~/media/Files/R/RBS-IR-V2/results-center/16022024/nwmp-pillar-3-report.pdf	live	pdf	build_natwest_markets.py:-
https://investors.natwestgroup.com/~/media/Files/R/RBS-IR-V2/results-center/16022024/rbs-plc-annual-report.pdf	live	pdf	build_rbs.py:-;build_rbs.py:AR2023_URL;build_rbs.py:CASH_FLOW_SOURCES;build_rbs.py:STATEMENTS_SOURCES
https://investors.natwestgroup.com/~/media/Files/R/RBS-IR-V2/results-center/16022024/rbs-plc-pillar-3-report.pdf	live	pdf	build_rbs.py:-;build_rbs.py:P3_2023_URL
https://investors.natwestgroup.com/~/media/Files/R/RBS-IR-V2/results-center/17022023/nwb-plc-annual-report.pdf	live	pdf	build_national_westminster_bank.py:-;build_national_westminster_bank.py:AR2022_URL;build_national_westminster_bank.py:EQUITY_SOURCES;build_national_westminster_bank.py:STATEMENTS_SOURCES
https://investors.natwestgroup.com/~/media/Files/R/RBS-IR-V2/results-center/17022023/nwb-plc-pillar-3-report.pdf	live	pdf	build_national_westminster_bank.py:-;build_national_westminster_bank.py:P3_2022_Q3_URL;build_national_westminster_bank.py:P3_2022_URL
https://investors.natwestgroup.com/~/media/Files/R/RBS-IR-V2/results-center/17022023/nwmp-annual-report.pdf	live	pdf	build_natwest_markets.py:-
https://investors.natwestgroup.com/~/media/Files/R/RBS-IR-V2/results-center/17022023/nwmp-pillar-3-report.pdf	live	pdf	build_natwest_markets.py:-
https://investors.natwestgroup.com/~/media/Files/R/RBS-IR-V2/results-center/17022023/rbs-plc-annual-report.pdf	live	pdf	build_rbs.py:-;build_rbs.py:AR2022_URL;build_rbs.py:CASH_FLOW_SOURCES;build_rbs.py:STATEMENTS_SOURCES
https://investors.natwestgroup.com/~/media/Files/R/RBS-IR-V2/results-center/18022022/nwg-pillar-3-supplement-2021.pdf	live	pdf	build_natwest_markets.py:-
https://investors.natwestgroup.com/~/media/Files/R/RBS-IR-V2/results-center/18022022/nwm-plc-annual-report-2021.pdf	live	pdf	build_natwest_markets.py:-
https://investors.natwestgroup.com/~/media/Files/R/RBS-IR-V2/results-center/18022022/rbs-plc-annual-report-2021.pdf	live	pdf	build_rbs.py:-;build_rbs.py:AR2021_URL;build_rbs.py:STATEMENTS_SOURCES
https://investors.natwestgroup.com/~/media/Files/R/RBS-IR-V2/results-center/2023/natwest-markets-plc-pillar-3-h1-2023.pdf	live	pdf	build_natwest_markets.py:-
https://investors.natwestgroup.com/~/media/Files/R/RBS-IR-V2/results-center/2024/natwest-markets-plc-pillar-3-q1-2024.pdf	live	pdf	build_natwest_markets.py:-
https://investors.natwestgroup.com/~/media/Files/R/RBS-IR-V2/results-center/2024/nwm-plc-pillar-3-hy-2024.pdf	live	pdf	build_natwest_markets.py:-
https://investors.natwestgroup.com/~/media/Files/R/RBS-IR-V2/results-center/28042023/natwest-markets-plc-pillar-3-q1-2023.pdf	live	pdf	build_natwest_markets.py:-
https://investors.natwestgroup.com/~/media/Files/R/RBS-IR-V2/results-center/29072022/natwest-marketsplc-pillar-3-supplement.pdf	live	pdf	build_natwest_markets.py:-
https://jpmorganchaseco.gcs-web.com/financial-information/basel-pillar-3-us-lcr-disclosures	live	-	build_jp_morgan_securities.py:-;build_jp_morgan_securities.py:P3_ARCHIVE_URL
https://jpmorganchaseco.gcs-web.com/ir/sec-other-filings/basel-pillar-and-lcr-disclosures/pillar-uk/	live	-	build_jp_morgan_europe.py:-;build_jp_morgan_europe.py:P3_ARCHIVE_URL;build_jp_morgan_europe.py:P3_SOURCES
https://jpmorganchaseco.gcs-web.com/static-files/3645e9a4-c721-404e-a901-70fa73fac642	live	-	build_jp_morgan_securities.py:-;build_jp_morgan_securities.py:P3_2023_URL;build_jp_morgan_securities.py:RWA_BREAKDOWN_SOURCES
https://jpmorganchaseco.gcs-web.com/static-files/41a50bf4-81db-4063-8e55-8703a0fc500f	live	-	build_jp_morgan_securities.py:-;build_jp_morgan_securities.py:P3_2021_URL
https://jpmorganchaseco.gcs-web.com/static-files/a170e6df-d951-42fc-9897-2aa04d681885	live	-	build_jp_morgan_europe.py:-;build_jp_morgan_europe.py:P3_2024_URL;build_jp_morgan_europe.py:P3_SOURCES;build_jp_morgan_securities.py:-;build_jp_morgan_securities.py:P3_2024_URL;build_jp_morgan_securities.py:RWA_BREAKDOWN_SOURCES
https://jpmorganchaseco.gcs-web.com/static-files/a51475c0-d908-423e-b8de-6410d277a867	live	-	build_jp_morgan_europe.py:-;build_jp_morgan_europe.py:P3_2025_URL;build_jp_morgan_europe.py:P3_SOURCES;build_jp_morgan_securities.py:-;build_jp_morgan_securities.py:P3_2025_URL;build_jp_morgan_securities.py:RWA_BREAKDOWN_SOURCES
https://jpmorganchaseco.gcs-web.com/static-files/b200f4be-f143-4934-9589-9f44bcadd9be	live	-	build_jp_morgan_europe.py:-;build_jp_morgan_europe.py:AR_2024_URL;build_jp_morgan_europe.py:CASH_FLOW_SOURCES
https://jpmorganchaseco.gcs-web.com/static-files/d761ba10-ab1b-4309-8a4d-24cb70fd6cc1	live	-	build_jp_morgan_securities.py:-;build_jp_morgan_securities.py:P3_2022_URL;build_jp_morgan_securities.py:RWA_BREAKDOWN_SOURCES
https://monzo.com/annual-report/2025/Monzo%20Bank%20Group%20FY2025%20Annual%20Report.pdf	live	pdf	build_monzo.py:-;build_monzo.py:AR25_URL;build_monzo.py:ASSET_QUALITY_SOURCES;build_monzo.py:BALANCE_SHEET_SOURCES;build_monzo.py:CASH_FLOW_SOURCES;build_monzo.py:INCOME_STATEMENT_SOURCES
https://monzo.com/annual-report/2025/monzo-pillar-3-2025.pdf	live	pdf	build_monzo.py:-;build_monzo.py:P3_25_URL;build_monzo.py:RWA_BREAKDOWN_SOURCES
https://monzo.com/annual-report/2026/Monzo-Annual-Report-2026.pdf	live	pdf	build_monzo.py:-;build_monzo.py:AR26_URL;build_monzo.py:EQUITY_CHANGES_SOURCES
https://monzo.com/docs/monzo-annual-report-2020.pdf	live	pdf	build_monzo.py:-;build_monzo.py:AR20_URL;build_monzo.py:ASSET_QUALITY_SOURCES;build_monzo.py:BALANCE_SHEET_SOURCES;build_monzo.py:CASH_FLOW_SOURCES;build_monzo.py:EQUITY_CHANGES_SOURCES;build_monzo.py:INCOME_STATEMENT_SOURCES
https://monzo.com/docs/monzo-annual-report-2023.pdf	live	pdf	build_monzo.py:-;build_monzo.py:AR23_URL;build_monzo.py:ASSET_QUALITY_SOURCES;build_monzo.py:BALANCE_SHEET_SOURCES;build_monzo.py:CASH_FLOW_SOURCES;build_monzo.py:EQUITY_CHANGES_SOURCES;build_monzo.py:INCOME_STATEMENT_SOURCES
https://monzo.com/docs/monzo-annual-report-2024.pdf	live	pdf	build_monzo.py:-;build_monzo.py:AR24_URL;build_monzo.py:BALANCE_SHEET_SOURCES;build_monzo.py:CASH_FLOW_SOURCES;build_monzo.py:EQUITY_CHANGES_SOURCES;build_monzo.py:INCOME_STATEMENT_SOURCES
https://monzo.com/docs/monzo-pillar-3-2023.pdf	live	pdf	build_monzo.py:-;build_monzo.py:P3_23_URL;build_monzo.py:RWA_BREAKDOWN_SOURCES
https://monzo.com/docs/monzo-pillar-3-2024.pdf	live	pdf	build_monzo.py:-;build_monzo.py:P3_24_URL;build_monzo.py:RWA_BREAKDOWN_SOURCES
https://monzo.com/documents/pillar_3_2020.pdf	live	pdf	build_monzo.py:-;build_monzo.py:P3_20_URL;build_monzo.py:RWA_BREAKDOWN_SOURCES
https://monzo.com/static/docs/monzo-annual-report-2022.pdf	live	pdf	build_monzo.py:-;build_monzo.py:AR22_URL;build_monzo.py:ASSET_QUALITY_SOURCES;build_monzo.py:BALANCE_SHEET_SOURCES;build_monzo.py:CASH_FLOW_SOURCES;build_monzo.py:EQUITY_CHANGES_SOURCES;build_monzo.py:INCOME_STATEMENT_SOURCES
https://monzo.com/static/docs/monzo-pillar-3-2021.pdf	live	pdf	build_monzo.py:-;build_monzo.py:P3_21_URL
https://monzo.com/static/docs/monzo-pillar-3-2022.pdf	live	pdf	build_monzo.py:-;build_monzo.py:P3_22_URL;build_monzo.py:RWA_BREAKDOWN_SOURCES
https://oaknorth.co.uk/wp-content/uploads/2022/01/AnnualReport2020.pdf	live	pdf	build_oaknorth.py:-
https://oaknorth.co.uk/wp-content/uploads/2022/02/2015-Pillar-3-Capital-Requirement-Disclosures.pdf	live	pdf	build_oaknorth.py:-
https://oaknorth.co.uk/wp-content/uploads/2022/02/2016-Pillar-3-Capital-Requirement-disclosures.pdf	live	pdf	build_oaknorth.py:-
https://oaknorth.co.uk/wp-content/uploads/2022/02/2017-Pillar-3-Capital-Requirement-disclosures.pdf	live	pdf	build_oaknorth.py:-
https://oaknorth.co.uk/wp-content/uploads/2022/02/2018-Pillar-3-Capital-Requirement-disclosures.pdf	live	pdf	build_oaknorth.py:-
https://oaknorth.co.uk/wp-content/uploads/2022/02/2019-Pillar-3-Capital-Requirement-and-Remuneration-Policy-disclosures.pdf	live	pdf	build_oaknorth.py:-
https://oaknorth.co.uk/wp-content/uploads/2022/02/2020-Pillar-3-Capital-Requirement-and-Remuneration-Policy-disclosures-1.pdf	live	pdf	build_oaknorth.py:-
https://oaknorth.co.uk/wp-content/uploads/2022/02/ONB-Annual-Report-2018-1.pdf	live	pdf	build_oaknorth.py:-
https://oaknorth.co.uk/wp-content/uploads/2022/02/ONB-Annual-Report-2019-1.pdf	live	pdf	build_oaknorth.py:-
https://oaknorth.co.uk/wp-content/uploads/2022/07/OakNorth_Pillar-3_2021.pdf	live	pdf	build_oaknorth.py:-
https://oaknorth.co.uk/wp-content/uploads/2023/03/OakNorth-Annual-Report-2022.pdf	live	pdf	build_oaknorth.py:-
https://oaknorth.co.uk/wp-content/uploads/2023/05/Pillar-3-disclosures-2022_Final.pdf	live	pdf	build_oaknorth.py:-
https://oaknorth.co.uk/wp-content/uploads/2024/03/OakNorth_Annual_Report_2023.pdf	live	pdf	build_oaknorth.py:-
https://oaknorth.co.uk/wp-content/uploads/2024/05/Pillar-3-Disclosure-OakNorth-Bank-Plc-2023.pdf	live	pdf	build_oaknorth.py:-
https://oaknorth.co.uk/wp-content/uploads/2025/03/Annual_Report_2024.pdf	live	pdf	build_oaknorth.py:-
https://oaknorth.co.uk/wp-content/uploads/2025/05/Pillar-3-Disclosures-OakNorth-Bank-Plc-2024.pdf	live	pdf	build_oaknorth.py:-
https://oaknorth.co.uk/wp-content/uploads/2026/03/Annual_Report_2025.pdf	live	pdf	build_oaknorth.py:-
https://oaknorth.co.uk/wp-content/uploads/2026/04/Pillar-3-Disclosures-OakNorth-Bank-Plc-2025-1.pdf	live	pdf	build_oaknorth.py:-
https://osb.co.uk/investors/results-reports-presentations/	live	-	build_charter_court.py:-
https://osb.co.uk/media/cqepdkda/osb-group-pillar-3-disclosures-2022.pdf	live	pdf	build_charter_court.py:-
https://pic.bankofchina.com/bocappd/uk/201109/P020110901339400504145.pdf	live	pdf	build_bank_of_china_uk.py:-;build_bank_of_china_uk.py:AR2008_URL;build_bank_of_china_uk.py:BALANCE_SHEET_SOURCES;build_bank_of_china_uk.py:CASH_FLOW_SOURCES;build_bank_of_china_uk.py:EQUITY_CHANGES_SOURCES;build_bank_of_china_uk.py:INCOME_STATEMENT_SOURCES
https://pic.bankofchina.com/bocappd/uk/201109/P020110901339600023124.pdf	live	pdf	build_bank_of_china_uk.py:-;build_bank_of_china_uk.py:AR2009_URL;build_bank_of_china_uk.py:BALANCE_SHEET_SOURCES;build_bank_of_china_uk.py:CASH_FLOW_SOURCES;build_bank_of_china_uk.py:EQUITY_CHANGES_SOURCES;build_bank_of_china_uk.py:INCOME_STATEMENT_SOURCES
https://pic.bankofchina.com/bocappd/uk/201206/P020120618317067419492.pdf	live	pdf	build_bank_of_china_uk.py:-;build_bank_of_china_uk.py:AR2010_URL
https://pic.bankofchina.com/bocappd/uk/201301/P020130110394685934112.pdf	live	pdf	build_bank_of_china_uk.py:-;build_bank_of_china_uk.py:AR2011_URL;build_bank_of_china_uk.py:BALANCE_SHEET_SOURCES;build_bank_of_china_uk.py:CASH_FLOW_SOURCES;build_bank_of_china_uk.py:EQUITY_CHANGES_SOURCES;build_bank_of_china_uk.py:INCOME_STATEMENT_SOURCES
https://pic.bankofchina.com/bocappd/uk/201312/P020131213310466908739.pdf	live	pdf	build_bank_of_china_uk.py:-;build_bank_of_china_uk.py:AR2012_URL;build_bank_of_china_uk.py:BALANCE_SHEET_SOURCES;build_bank_of_china_uk.py:CASH_FLOW_SOURCES;build_bank_of_china_uk.py:EQUITY_CHANGES_SOURCES;build_bank_of_china_uk.py:INCOME_STATEMENT_SOURCES
https://pic.bankofchina.com/bocappd/uk/201505/P020150504339499661074.pdf	live	pdf	build_bank_of_china_uk.py:-;build_bank_of_china_uk.py:AR2013_URL;build_bank_of_china_uk.py:BALANCE_SHEET_SOURCES;build_bank_of_china_uk.py:CASH_FLOW_SOURCES;build_bank_of_china_uk.py:EQUITY_CHANGES_SOURCES;build_bank_of_china_uk.py:INCOME_STATEMENT_SOURCES
https://pic.bankofchina.com/bocappd/uk/201505/P020150504352614441641.pdf	live	pdf	build_bank_of_china_uk.py:-;build_bank_of_china_uk.py:AR2014_URL
https://pic.bankofchina.com/bocappd/uk/201509/P020150910375228515274.pdf	live	pdf	build_bank_of_china_uk.py:-;build_bank_of_china_uk.py:P3_2014_URL
https://pic.bankofchina.com/bocappd/uk/201606/P020160620504225340480.pdf	live	pdf	build_bank_of_china_uk.py:-;build_bank_of_china_uk.py:AR2015_URL;build_bank_of_china_uk.py:ASSET_QUALITY_SOURCES;build_bank_of_china_uk.py:BALANCE_SHEET_SOURCES;build_bank_of_china_uk.py:CASH_FLOW_SOURCES;build_bank_of_china_uk.py:EQUITY_CHANGES_SOURCES;build_bank_of_china_uk.py:INCOME_STATEMENT_SOURCES
https://pic.bankofchina.com/bocappd/uk/201606/P020160620504436264971.pdf	live	pdf	build_bank_of_china_uk.py:-;build_bank_of_china_uk.py:P3_2015_URL
https://pic.bankofchina.com/bocappd/uk/201706/P020170627373089457851.pdf	live	pdf	build_bank_of_china_uk.py:-;build_bank_of_china_uk.py:AR2016_URL;build_bank_of_china_uk.py:ASSET_QUALITY_SOURCES;build_bank_of_china_uk.py:BALANCE_SHEET_SOURCES;build_bank_of_china_uk.py:CASH_FLOW_SOURCES;build_bank_of_china_uk.py:EQUITY_CHANGES_SOURCES;build_bank_of_china_uk.py:INCOME_STATEMENT_SOURCES
https://pic.bankofchina.com/bocappd/uk/201706/P020170627381103226068.pdf	live	pdf	build_bank_of_china_uk.py:-;build_bank_of_china_uk.py:P3_2016_URL
https://pic.bankofchina.com/bocappd/uk/201803/P020180328577372288229.pdf	live	pdf	build_bank_of_china_uk.py:-;build_bank_of_china_uk.py:P3_2017_URL
https://pic.bankofchina.com/bocappd/uk/201805/P020180517534275167127.pdf	live	pdf	build_bank_of_china_uk.py:-;build_bank_of_china_uk.py:AR2017_URL;build_bank_of_china_uk.py:ASSET_QUALITY_SOURCES;build_bank_of_china_uk.py:BALANCE_SHEET_SOURCES;build_bank_of_china_uk.py:CASH_FLOW_SOURCES;build_bank_of_china_uk.py:EQUITY_CHANGES_SOURCES;build_bank_of_china_uk.py:INCOME_STATEMENT_SOURCES
https://pic.bankofchina.com/bocappd/uk/201904/P020190410408108385209.pdf	live	pdf	build_bank_of_china_uk.py:-;build_bank_of_china_uk.py:P3_2018_URL
https://pic.bankofchina.com/bocappd/uk/201904/P020190410506087628158.pdf	live	pdf	build_bank_of_china_uk.py:-;build_bank_of_china_uk.py:AR2018_URL;build_bank_of_china_uk.py:BALANCE_SHEET_SOURCES;build_bank_of_china_uk.py:CASH_FLOW_SOURCES;build_bank_of_china_uk.py:EQUITY_CHANGES_SOURCES;build_bank_of_china_uk.py:INCOME_STATEMENT_SOURCES
https://pic.bankofchina.com/bocappd/uk/202007/P020200727323473194461.pdf	live	pdf	build_bank_of_china_uk.py:-;build_bank_of_china_uk.py:AR2019_URL;build_bank_of_china_uk.py:BALANCE_SHEET_SOURCES;build_bank_of_china_uk.py:CASH_FLOW_SOURCES;build_bank_of_china_uk.py:EQUITY_CHANGES_SOURCES;build_bank_of_china_uk.py:INCOME_STATEMENT_SOURCES
https://pic.bankofchina.com/bocappd/uk/202009/P020200909535865685853.pdf	live	pdf	build_bank_of_china_uk.py:-;build_bank_of_china_uk.py:P3_2019_URL
https://pic.bankofchina.com/bocappd/uk/202109/P020210902654360894172.pdf	live	pdf	build_bank_of_china_uk.py:-;build_bank_of_china_uk.py:AR2020_URL;build_bank_of_china_uk.py:ASSET_QUALITY_SOURCES;build_bank_of_china_uk.py:BALANCE_SHEET_SOURCES;build_bank_of_china_uk.py:CASH_FLOW_SOURCES;build_bank_of_china_uk.py:EQUITY_CHANGES_SOURCES;build_bank_of_china_uk.py:INCOME_STATEMENT_SOURCES
https://pic.bankofchina.com/bocappd/uk/202110/P020211027537761891740.pdf	live	pdf	build_bank_of_china_uk.py:-;build_bank_of_china_uk.py:P3_2020_URL;build_bank_of_china_uk.py:RWA_BREAKDOWN_SOURCES
https://pic.bankofchina.com/bocappd/uk/202303/P020230331590070165221.pdf	live	pdf	build_bank_of_china_uk.py:-;build_bank_of_china_uk.py:AR2021_URL;build_bank_of_china_uk.py:ASSET_QUALITY_SOURCES;build_bank_of_china_uk.py:BALANCE_SHEET_SOURCES;build_bank_of_china_uk.py:CASH_FLOW_SOURCES;build_bank_of_china_uk.py:EQUITY_CHANGES_SOURCES;build_bank_of_china_uk.py:INCOME_STATEMENT_SOURCES
https://pic.bankofchina.com/bocappd/uk/202403/P020240315379765805794.pdf	live	pdf	build_bank_of_china_uk.py:-;build_bank_of_china_uk.py:AR2022_URL;build_bank_of_china_uk.py:BALANCE_SHEET_SOURCES;build_bank_of_china_uk.py:CASH_FLOW_SOURCES;build_bank_of_china_uk.py:EQUITY_CHANGES_SOURCES;build_bank_of_china_uk.py:INCOME_STATEMENT_SOURCES
https://pic.bankofchina.com/bocappd/uk/202405/P020240508355110735895.pdf	live	pdf	build_bank_of_china_uk.py:-;build_bank_of_china_uk.py:AR2023_URL;build_bank_of_china_uk.py:ASSET_QUALITY_SOURCES;build_bank_of_china_uk.py:BALANCE_SHEET_SOURCES;build_bank_of_china_uk.py:CASH_FLOW_SOURCES;build_bank_of_china_uk.py:EQUITY_CHANGES_SOURCES;build_bank_of_china_uk.py:INCOME_STATEMENT_SOURCES
https://pic.bankofchina.com/bocappd/uk/202507/P020250718380377744220.pdf	live	pdf	build_bank_of_china_uk.py:-;build_bank_of_china_uk.py:AR2024_URL;build_bank_of_china_uk.py:BALANCE_SHEET_SOURCES;build_bank_of_china_uk.py:CASH_FLOW_SOURCES;build_bank_of_china_uk.py:EQUITY_CHANGES_SOURCES;build_bank_of_china_uk.py:INCOME_STATEMENT_SOURCES
https://pic.bankofchina.com/bocappd/uk/202605/P020260506389809417235.pdf	live	pdf	build_bank_of_china_uk.py:-;build_bank_of_china_uk.py:AR2025_URL;build_bank_of_china_uk.py:ASSET_QUALITY_SOURCES;build_bank_of_china_uk.py:BALANCE_SHEET_SOURCES;build_bank_of_china_uk.py:CASH_FLOW_SOURCES;build_bank_of_china_uk.py:EQUITY_CHANGES_SOURCES;build_bank_of_china_uk.py:INCOME_STATEMENT_SOURCES
https://pic.bankofchina.com/bocappd/uk/202607/P020260716391457618567.pdf	live	pdf	build_bank_of_china_uk.py:-;build_bank_of_china_uk.py:P3_2025_URL;build_bank_of_china_uk.py:RWA_BREAKDOWN_SOURCES
https://pnb-website.s3-ap-southeast-1.amazonaws.com/uploads/docs/Pillar3_Disclosures.pdf	live	pdf	build_philippine_national_bank_europe.py:-;build_philippine_national_bank_europe.py:ORIG_P3_2023_URL;build_philippine_national_bank_europe.py:P3_2024_URL;build_philippine_national_bank_europe.py:P3_SOURCES
https://pnb-website.s3-ap-southeast-1.amazonaws.com/uploads/docs/Pillar3_Disclosures_for_2020.pdf	live	pdf	build_philippine_national_bank_europe.py:-;build_philippine_national_bank_europe.py:P3_2020_URL;build_philippine_national_bank_europe.py:P3_SOURCES
https://pnb-website.s3-ap-southeast-1.amazonaws.com/uploads/docs/Pillar3_Disclosures_for_2021.pdf	live	pdf	build_philippine_national_bank_europe.py:-;build_philippine_national_bank_europe.py:P3_2021_URL;build_philippine_national_bank_europe.py:P3_SOURCES
https://rebrand-dev.utbank.co.uk/wp-content/uploads/2022/03/UTB-Partners-Pillar-3-Disclosure-2021-FINAL1-.pdf	live	pdf	build_united_trust_bank.py:-
https://recognisebank.co.uk/investors/	live	-	build_recognise_bank.py:-;build_recognise_bank.py:ENUMERATED_NEGATIVE_NOTE
https://recognisebank.co.uk/wp-content/uploads/2023/10/2022-Annual-Report-Recognise-Bank-Limited.pdf	live	pdf	build_recognise_bank.py:-;build_recognise_bank.py:AR22_URL;build_recognise_bank.py:CASH_SOURCES;build_recognise_bank.py:PRE_AUTHORISATION_NOTE
https://recognisebank.co.uk/wp-content/uploads/2023/10/230821-Recognise-Bank-2023-Annual-Report-WEB.pdf	live	pdf	build_recognise_bank.py:-;build_recognise_bank.py:AQ_SOURCES;build_recognise_bank.py:AR23_URL;build_recognise_bank.py:BS_SOURCES;build_recognise_bank.py:CASH_SOURCES;build_recognise_bank.py:EQ_SOURCES;build_recognise_bank.py:PL_SOURCES
https://recognisebank.co.uk/wp-content/uploads/2024-Annual-Report-Accounts.pdf	live	pdf	build_recognise_bank.py:-;build_recognise_bank.py:AQ_SOURCES;build_recognise_bank.py:AR24_URL;build_recognise_bank.py:BS_SOURCES;build_recognise_bank.py:CASH_SOURCES;build_recognise_bank.py:EQ_SOURCES;build_recognise_bank.py:PL_SOURCES
https://recognisebank.co.uk/wp-content/uploads/274107-Recognise-Bank-Annual-Report-WEB.pdf	live	pdf	build_recognise_bank.py:-;build_recognise_bank.py:AQ_SOURCES;build_recognise_bank.py:AR26_URL;build_recognise_bank.py:BS_SOURCES;build_recognise_bank.py:CASH_SOURCES;build_recognise_bank.py:EQ_SOURCES;build_recognise_bank.py:PL_SOURCES
https://recognisebank.co.uk/wp-content/uploads/Pillar-3-disclosure-March-2024-RBL.pdf	live	pdf	build_recognise_bank.py:-;build_recognise_bank.py:P3_24_URL;build_recognise_bank.py:RWA_SOURCES
https://recognisebank.co.uk/wp-content/uploads/Pillar-3-disclosure-March-2026-RBL-v1.1-To-BAC-updated_-1-1.pdf	live	pdf	build_recognise_bank.py:-;build_recognise_bank.py:P3_26_URL;build_recognise_bank.py:P3_SOURCES;build_recognise_bank.py:P3_SOURCES_WITH_FY2021;build_recognise_bank.py:RWA_SOURCES
https://redwoodbank.co.uk/getmedia/e38875ba-5520-4dc9-bcbe-cffbe05bd276/2021-Pillar-3_Redwood-Bank.pdf	live	pdf	build_redwood_bank.py:-;build_redwood_bank.py:P3_2021_OLD_URL;build_redwood_bank.py:P3_SOURCES;build_redwood_bank.py:PILLAR3_DISCOVERY_NOTE
https://redwoodbank.co.uk/media/0h5hp3ku/2024-redwood-bank-annual-report-and-accounts.pdf	live	pdf	build_redwood_bank.py:-;build_redwood_bank.py:AR2024_URL;build_redwood_bank.py:ASSET_QUALITY_SOURCES;build_redwood_bank.py:CASH_FLOW_SOURCES;build_redwood_bank.py:P3_SOURCES;build_redwood_bank.py:STATEMENTS_SOURCES
https://redwoodbank.co.uk/media/55un2r5s/pillar-3-disclosures-2017.pdf	live	pdf	build_redwood_bank.py:-;build_redwood_bank.py:P3_2017_URL;build_redwood_bank.py:P3_SOURCES;build_redwood_bank.py:PILLAR3_DISCOVERY_NOTE
https://redwoodbank.co.uk/media/c0hpdvqn/redwood-pillar-3-2023.pdf	live	pdf	build_redwood_bank.py:-;build_redwood_bank.py:P3_2023_URL;build_redwood_bank.py:P3_SOURCES;build_redwood_bank.py:PILLAR3_DISCOVERY_NOTE
https://redwoodbank.co.uk/media/ezed3mwh/redwood-pillar-3-2018-1.pdf	live	pdf	build_redwood_bank.py:-;build_redwood_bank.py:P3_2018_URL;build_redwood_bank.py:P3_SOURCES;build_redwood_bank.py:PILLAR3_DISCOVERY_NOTE
https://redwoodbank.co.uk/media/f5la0lih/redwood-pillar-3-2022.pdf	live	pdf	build_redwood_bank.py:-;build_redwood_bank.py:P3_2022_URL;build_redwood_bank.py:P3_SOURCES;build_redwood_bank.py:PILLAR3_DISCOVERY_NOTE
https://redwoodbank.co.uk/media/howpdnen/2025-annual-report-and-accounts_redwood-bank-signed-150426.pdf	live	pdf	build_redwood_bank.py:-;build_redwood_bank.py:AR2025_URL;build_redwood_bank.py:ASSET_QUALITY_SOURCES;build_redwood_bank.py:CASH_FLOW_SOURCES;build_redwood_bank.py:P3_SOURCES;build_redwood_bank.py:STATEMENTS_SOURCES
https://redwoodbank.co.uk/media/sybdkdyg/redwood-bank-2019-pillar-3-disclosures.pdf	live	pdf	build_redwood_bank.py:-;build_redwood_bank.py:P3_2019_URL;build_redwood_bank.py:P3_SOURCES;build_redwood_bank.py:PILLAR3_DISCOVERY_NOTE
https://redwoodbank.co.uk/media/tu2f2l2x/redwood-bank-pillar-3-2020.pdf	live	pdf	build_redwood_bank.py:-;build_redwood_bank.py:P3_2020_URL;build_redwood_bank.py:P3_SOURCES;build_redwood_bank.py:PILLAR3_DISCOVERY_NOTE
https://redwoodbank.co.uk/media/u5sb3ky5/redwood-pillar-3-2021-1.pdf	live	pdf	build_redwood_bank.py:-;build_redwood_bank.py:P3_2021_URL;build_redwood_bank.py:P3_SOURCES;build_redwood_bank.py:PILLAR3_DISCOVERY_NOTE
https://redwoodbank.co.uk/media/zrjnifqm/redwood-year-end-annual-report-and-accounts-2023-1.pdf	live	pdf	build_redwood_bank.py:-;build_redwood_bank.py:AR2023_URL;build_redwood_bank.py:ASSET_QUALITY_SOURCES;build_redwood_bank.py:CASH_FLOW_SOURCES;build_redwood_bank.py:P3_SOURCES;build_redwood_bank.py:STATEMENTS_SOURCES
https://sbiuk.statebank/documents/274771/0/Annual+Financial+22+23.pdf/77b485b2-332e-c7b0-63bf-30991ce5238b?t=1699459677034	live	-	build_state_bank_of_india_uk.py:-;build_state_bank_of_india_uk.py:BALANCE_SHEET_SOURCES;build_state_bank_of_india_uk.py:EQUITY_SOURCES;build_state_bank_of_india_uk.py:FS2023;build_state_bank_of_india_uk.py:INVESTMENT_SECURITIES_NOTE;build_state_bank_of_india_uk.py:STATEMENTS_SOURCES
https://sbiuk.statebank/documents/274771/0/Disclosure+Statement+Basel+3+FY+22+23.pdf/f068336d-c894-0e35-49b6-a3bb372791ae?t=1699459644582	live	-	build_state_bank_of_india_uk.py:-
https://sbiuk.statebank/documents/274771/0/PILLAR+3+DISCLOSURE+FINAL310325_241225_Clean.pdf/276091ea-d916-6dca-edea-e443f2360cc9?t=1767022122544	live	-	build_state_bank_of_india_uk.py:-
https://sbiuk.statebank/documents/274771/0/Pillar+3+Disclosures+March+24.pdf/91bf9318-a453-5bc7-f2ae-434bdbe0371c?t=1730125188784	live	-	build_state_bank_of_india_uk.py:-
https://sbiuk.statebank/documents/274771/0/SBI+UK+Annual+Report+-+Final.pdf/d188a204-db49-de8e-9662-5fece3c6f364?t=1635936642226	live	-	build_state_bank_of_india_uk.py:-;build_state_bank_of_india_uk.py:BALANCE_SHEET_SOURCES;build_state_bank_of_india_uk.py:EQUITY_SOURCES;build_state_bank_of_india_uk.py:FS2021;build_state_bank_of_india_uk.py:INVESTMENT_SECURITIES_NOTE;build_state_bank_of_india_uk.py:STATEMENTS_SOURCES
https://sbiuk.statebank/documents/274771/0/SBI+UK+Limited+Pillar+3+Disclosures_2022_Final.pdf/f3ecb40e-bb6a-2a6b-52b6-44c00b93dc8b?t=1671208953569	live	-	build_state_bank_of_india_uk.py:-
https://sbiuk.statebank/documents/274771/0/SBI+UK+Limited+Pillar+3_2021_FINAL.pdf/cea4191a-a7ee-17ef-df42-ee5d2d21f73f?t=1635936666779	live	-	build_state_bank_of_india_uk.py:-
https://sbiuk.statebank/documents/274771/0/SBIUK%2B-%2BAnnual%2BReport%2B2025%2Bapproved.pdf/4d165f25-8596-0935-9c39-80cf4c7202b8?t=1767022144810	live	-	build_state_bank_of_india_uk.py:-;build_state_bank_of_india_uk.py:BALANCE_SHEET_SOURCES;build_state_bank_of_india_uk.py:EQUITY_SOURCES;build_state_bank_of_india_uk.py:EXEMPTION_NOTE;build_state_bank_of_india_uk.py:FS2025;build_state_bank_of_india_uk.py:INVESTMENT_SECURITIES_NOTE;build_state_bank_of_india_uk.py:STATEMENTS_SOURCES
https://sbiuk.statebank/documents/274771/0/SBIUK+Annual+Financial+Statement+2022.pdf/e333fa11-f77e-d3ab-b179-010d91c38b92?t=1671208995591	live	-	build_state_bank_of_india_uk.py:-;build_state_bank_of_india_uk.py:FS2022
https://sbiuk.statebank/documents/274771/1346149/Annual+Statement+2019.PDF	live	pdf	build_state_bank_of_india_uk.py:-;build_state_bank_of_india_uk.py:BALANCE_SHEET_SOURCES;build_state_bank_of_india_uk.py:EQUITY_SOURCES;build_state_bank_of_india_uk.py:FS2019;build_state_bank_of_india_uk.py:INVESTMENT_SECURITIES_NOTE;build_state_bank_of_india_uk.py:STATEMENTS_SOURCES
https://sbiuk.statebank/documents/274771/1346149/SBI+UK+Limited+Pillar+3+Disclosures+March+2020.pdf	live	pdf	build_state_bank_of_india_uk.py:-
https://sbiuk.statebank/documents/274771/1346149/SBI+UK+Limited+Pillar+3+Disclosures_31+Mar+2019.pdf	live	pdf	build_state_bank_of_india_uk.py:-
https://sbiuk.statebank/documents/274771/1346149/SBIUK+Annual+Report+March+2020.pdf	live	pdf	build_state_bank_of_india_uk.py:-;build_state_bank_of_india_uk.py:BALANCE_SHEET_SOURCES;build_state_bank_of_india_uk.py:EQUITY_SOURCES;build_state_bank_of_india_uk.py:FS2020;build_state_bank_of_india_uk.py:INVESTMENT_SECURITIES_NOTE;build_state_bank_of_india_uk.py:STATEMENTS_SOURCES
https://static.ifastgb.com/investor-relations/iFAST%20Global%20Bank%20Limited%20Pillar%203%20Disclosures%202025.pdf	live	pdf	build_ifast_global_bank.py:-;build_ifast_global_bank.py:P3_25_URL
https://static.ifastgb.com/investor-relations/iFAST%20Global%20Bank%20Ltd.%20Annual%20Report%202024.pdf	live	pdf	build_ifast_global_bank.py:-;build_ifast_global_bank.py:AR24_URL;build_ifast_global_bank.py:CASH_FLOW_SOURCES
https://static.ifastgb.com/investor-relations/iFAST%20Global%20Bank%20Ltd.%20Annual%20Report%202025.pdf	live	pdf	build_ifast_global_bank.py:-;build_ifast_global_bank.py:AR25_URL;build_ifast_global_bank.py:CASH_FLOW_SOURCES
https://streambank.co.uk/js/app.js	live	-	build_streambank.py:-
https://streambank.co.uk/pdf/FY24-Pillar-3-StreamBank-PLC.pdf	live	pdf	build_streambank.py:-;build_streambank.py:P3_2024_URL
https://streambank.co.uk/pdf/March-2025-Annual-Report-2025.pdf	live	pdf	build_streambank.py:-;build_streambank.py:AR2025_URL;build_streambank.py:CASH_FLOW_SOURCES;build_streambank.py:STATEMENTS_SOURCES
https://streambank.co.uk/pdf/March-2025-Pillar-3-Disclosures.pdf	live	pdf	build_streambank.py:-;build_streambank.py:P3_2025_URL
https://streambank.co.uk/pdf/StreamBank-PLC-Annual-Report-and-Financial-Statements.pdf	live	pdf	build_streambank.py:-;build_streambank.py:AR2026_SITE_URL
https://streambank.co.uk/pdf/StreamBank-Plc-FY24-Live-PwC-Signed.pdf	live	pdf	build_streambank.py:-;build_streambank.py:AR2024_URL;build_streambank.py:STATEMENTS_SOURCES
https://streambank.co.uk/pdf/StreamBank-Plc-Financial-Statements-31-March-2023-Signed.pdf	live	pdf	build_streambank.py:-;build_streambank.py:AR2023_URL;build_streambank.py:CASH_FLOW_SOURCES;build_streambank.py:STATEMENTS_SOURCES
https://v.icbc.com.cn/userfiles/Resources/ICBC/haiwai/ICBCLondon/download/2022/2021Pillar3Disclosure.pdf	live	pdf	build_icbc_london.py:-;build_icbc_london.py:P3_21_URL
https://v.icbc.com.cn/userfiles/Resources/ICBC/haiwai/ICBCLondon/download/2023/2022Pillar3Disclosure.pdf	live	pdf	build_icbc_london.py:-;build_icbc_london.py:P3_22_URL
https://v.icbc.com.cn/userfiles/Resources/ICBC/haiwai/ICBCLondon/download/2024/2023_pillar_3_disclosure.pdf	live	pdf	build_icbc_london.py:-;build_icbc_london.py:P3_23_URL
https://v.icbc.com.cn/userfiles/Resources/ICBC/haiwai/ICBCLondon/download/2024/2024_pillar_3_disclosure.pdf	live	pdf	build_icbc_london.py:-;build_icbc_london.py:P3_24_URL
https://v.icbc.com.cn/userfiles/Resources/ICBC/haiwai/ICBCLondon/download/2024/ICBCReport2024.pdf	live	pdf	build_icbc_london.py:-;build_icbc_london.py:AR24_URL;build_icbc_london.py:ASSET_QUALITY_SOURCES;build_icbc_london.py:CASH_FLOW_SOURCES;build_icbc_london.py:STATEMENTS_SOURCES
https://v.icbc.com.cn/userfiles/Resources/ICBC/haiwai/ICBCLondon/download/2025/2025_pillar_3_disclosure.pdf	live	pdf	build_icbc_london.py:-;build_icbc_london.py:P3_25_URL
https://v.icbc.com.cn/userfiles/Resources/ICBC/haiwai/ICBCLondon/download/2025/ICBCReport2025.pdf	live	pdf	build_icbc_london.py:-;build_icbc_london.py:AR25_URL;build_icbc_london.py:ASSET_QUALITY_SOURCES;build_icbc_london.py:CASH_FLOW_SOURCES;build_icbc_london.py:STATEMENTS_SOURCES
https://v.icbc.com.cn/userfiles/Resources/ICBC/haiwai/StandardBank/Download/2019/ConsolidatedAnnualReport2016.pdf	live	pdf	build_icbc_standard_bank.py:-;build_icbc_standard_bank.py:AR16_URL;build_icbc_standard_bank.py:AR_STATEMENT_SOURCES_2015_2020;build_icbc_standard_bank.py:ASSET_QUALITY_SOURCES;build_icbc_standard_bank.py:BALANCE_SHEET_SOURCES;build_icbc_standard_bank.py:CASH_FLOW_SOURCES;build_icbc_standard_bank.py:EQUITY_SOURCES;build_icbc_standard_bank.py:INCOME_STATEMENT_SOURCES
https://v.icbc.com.cn/userfiles/Resources/ICBC/haiwai/StandardBank/Download/2019/Consolidated_Annual_Report_2017.pdf	live	pdf	build_icbc_standard_bank.py:-;build_icbc_standard_bank.py:AR17_URL;build_icbc_standard_bank.py:AR_STATEMENT_SOURCES_2015_2020;build_icbc_standard_bank.py:ASSET_QUALITY_SOURCES;build_icbc_standard_bank.py:BALANCE_SHEET_SOURCES;build_icbc_standard_bank.py:CASH_FLOW_SOURCES;build_icbc_standard_bank.py:EQUITY_SOURCES;build_icbc_standard_bank.py:INCOME_STATEMENT_SOURCES
https://v.icbc.com.cn/userfiles/Resources/ICBC/haiwai/StandardBank/Download/2019/Consolidated_Annual_Report_2018.pdf	live	pdf	build_icbc_standard_bank.py:-;build_icbc_standard_bank.py:AR18_URL;build_icbc_standard_bank.py:AR_STATEMENT_SOURCES_2015_2020;build_icbc_standard_bank.py:ASSET_QUALITY_SOURCES;build_icbc_standard_bank.py:BALANCE_SHEET_SOURCES;build_icbc_standard_bank.py:CASH_FLOW_SOURCES;build_icbc_standard_bank.py:EQUITY_SOURCES;build_icbc_standard_bank.py:INCOME_STATEMENT_SOURCES
https://v.icbc.com.cn/userfiles/Resources/ICBC/haiwai/StandardBank/Download/2019/ICBCS_Pillar_3_2015.pdf	live	pdf	build_icbc_standard_bank.py:-;build_icbc_standard_bank.py:P3_15_URL;build_icbc_standard_bank.py:RWA_BREAKDOWN_SOURCES
https://v.icbc.com.cn/userfiles/Resources/ICBC/haiwai/StandardBank/Download/2019/ICBCStandardBankPlcAFS2015.pdf	live	pdf	build_icbc_standard_bank.py:-;build_icbc_standard_bank.py:AR15_URL;build_icbc_standard_bank.py:AR_STATEMENT_SOURCES_2015_2020;build_icbc_standard_bank.py:ASSET_QUALITY_SOURCES;build_icbc_standard_bank.py:BALANCE_SHEET_SOURCES;build_icbc_standard_bank.py:CASH_FLOW_SOURCES;build_icbc_standard_bank.py:EQUITY_SOURCES;build_icbc_standard_bank.py:INCOME_STATEMENT_SOURCES
https://v.icbc.com.cn/userfiles/Resources/ICBC/haiwai/StandardBank/Download/2019/Pillar3Disclosures2016.pdf	live	pdf	build_icbc_standard_bank.py:-;build_icbc_standard_bank.py:P3_16_URL;build_icbc_standard_bank.py:RWA_BREAKDOWN_SOURCES
https://v.icbc.com.cn/userfiles/Resources/ICBC/haiwai/StandardBank/Download/2019/Pillar_3_Disclosures_2017.pdf	live	pdf	build_icbc_standard_bank.py:-;build_icbc_standard_bank.py:P3_17_URL;build_icbc_standard_bank.py:RWA_BREAKDOWN_SOURCES
https://v.icbc.com.cn/userfiles/Resources/ICBC/haiwai/StandardBank/Download/2019/Pillar_3_Disclosures_2018.pdf	live	pdf	build_icbc_standard_bank.py:-;build_icbc_standard_bank.py:P3_18_URL;build_icbc_standard_bank.py:RWA_BREAKDOWN_SOURCES
https://v.icbc.com.cn/userfiles/Resources/ICBC/haiwai/StandardBank/Download/2020/ConsolidatedAnnualReport.pdf	live	pdf	build_icbc_standard_bank.py:-;build_icbc_standard_bank.py:AR19_URL;build_icbc_standard_bank.py:AR_STATEMENT_SOURCES_2015_2020;build_icbc_standard_bank.py:ASSET_QUALITY_SOURCES;build_icbc_standard_bank.py:BALANCE_SHEET_SOURCES;build_icbc_standard_bank.py:CASH_FLOW_SOURCES;build_icbc_standard_bank.py:EQUITY_SOURCES;build_icbc_standard_bank.py:INCOME_STATEMENT_SOURCES
https://v.icbc.com.cn/userfiles/Resources/ICBC/haiwai/StandardBank/Download/2020/Pillar3Disclosures19.pdf	live	pdf	build_icbc_standard_bank.py:-;build_icbc_standard_bank.py:P3_19_URL;build_icbc_standard_bank.py:RWA_BREAKDOWN_SOURCES
https://v.icbc.com.cn/userfiles/Resources/ICBC/haiwai/StandardBank/Download/2021/2020Pillar3.pdf	live	pdf	build_icbc_standard_bank.py:-;build_icbc_standard_bank.py:P3_20_URL;build_icbc_standard_bank.py:RWA_BREAKDOWN_SOURCES
https://v.icbc.com.cn/userfiles/Resources/ICBC/haiwai/StandardBank/Download/2021/ConsolidatedAnnualReport20.pdf	live	pdf	build_icbc_standard_bank.py:-;build_icbc_standard_bank.py:AR20_URL;build_icbc_standard_bank.py:AR_STATEMENT_SOURCES_2015_2020;build_icbc_standard_bank.py:ASSET_QUALITY_SOURCES;build_icbc_standard_bank.py:BALANCE_SHEET_SOURCES;build_icbc_standard_bank.py:CASH_FLOW_SOURCES;build_icbc_standard_bank.py:EQUITY_SOURCES;build_icbc_standard_bank.py:INCOME_STATEMENT_SOURCES
https://v.icbc.com.cn/userfiles/Resources/ICBC/haiwai/StandardBank/Download/2022/2021_Pillar_3_document.pdf	live	pdf	build_icbc_standard_bank.py:-;build_icbc_standard_bank.py:P3_21_URL;build_icbc_standard_bank.py:RWA_BREAKDOWN_SOURCES
https://v.icbc.com.cn/userfiles/Resources/ICBC/haiwai/StandardBank/Download/2022/Consolidated_Annual_Report_2021.pdf	live	pdf	build_icbc_standard_bank.py:-;build_icbc_standard_bank.py:AR21_URL;build_icbc_standard_bank.py:ASSET_QUALITY_SOURCES;build_icbc_standard_bank.py:BALANCE_SHEET_SOURCES;build_icbc_standard_bank.py:CASH_FLOW_SOURCES;build_icbc_standard_bank.py:EQUITY_SOURCES;build_icbc_standard_bank.py:INCOME_STATEMENT_SOURCES
https://v.icbc.com.cn/userfiles/resources/icbc/haiwai/standardbank/download/2023/2023annualreportyasuo.pdf	live	pdf	build_icbc_standard_bank.py:-;build_icbc_standard_bank.py:AR23_URL;build_icbc_standard_bank.py:ASSET_QUALITY_SOURCES;build_icbc_standard_bank.py:BALANCE_SHEET_SOURCES;build_icbc_standard_bank.py:CASH_FLOW_SOURCES;build_icbc_standard_bank.py:EQUITY_SOURCES;build_icbc_standard_bank.py:INCOME_STATEMENT_SOURCES
https://v.icbc.com.cn/userfiles/resources/icbc/haiwai/standardbank/download/2023/2023pillar3.pdf	live	pdf	build_icbc_standard_bank.py:-;build_icbc_standard_bank.py:P3_23_URL;build_icbc_standard_bank.py:RWA_BREAKDOWN_SOURCES
https://v.icbc.com.cn/userfiles/resources/icbc/haiwai/standardbank/download/2023/2025pillar3disclosures.pdf	live	pdf	build_icbc_standard_bank.py:-;build_icbc_standard_bank.py:P3_25_URL;build_icbc_standard_bank.py:RWA_BREAKDOWN_SOURCES
https://v.icbc.com.cn/userfiles/resources/icbc/haiwai/standardbank/download/2023/consolidatedannualreport2025.pdf	live	pdf	build_icbc_standard_bank.py:-;build_icbc_standard_bank.py:AR25_URL;build_icbc_standard_bank.py:ASSET_QUALITY_SOURCES;build_icbc_standard_bank.py:BALANCE_SHEET_SOURCES;build_icbc_standard_bank.py:CASH_FLOW_SOURCES;build_icbc_standard_bank.py:EQUITY_SOURCES;build_icbc_standard_bank.py:INCOME_STATEMENT_SOURCES
https://vpr.hkma.gov.hk/statics/assets/doc/100273/	live	-	build_melli_bank.py:-;build_melli_bank.py:HKMA_REGISTER_URL
https://vpr.hkma.gov.hk/statics/assets/doc/100273/ar_22/ar_22_eng.pdf	live	pdf	build_melli_bank.py:-;build_melli_bank.py:ACCESS_ROUTES_NOTE;build_melli_bank.py:AR2022_URL
https://vpr.hkma.gov.hk/statics/assets/doc/100273/ar_23/ar_23_eng.pdf	live	pdf	build_melli_bank.py:-;build_melli_bank.py:ACCESS_ROUTES_NOTE;build_melli_bank.py:AR2023_URL;build_melli_bank.py:CASH_FLOW_SOURCES;build_melli_bank.py:STATEMENTS_SOURCES
https://wealth.db.com/dam/deutschewealth/location-assets/emea/uk/docs/2023-db-investments-gb-limited-pillar-3-report.pdf	live	pdf	build_db_uk_bank.py:-;build_db_uk_bank.py:P3_2023_URL
https://wealth.db.com/dam/deutschewealth/location-assets/emea/uk/docs/2025-04-29-DBIGB-Pillar-3-Report-2024-Final.pdf	live	pdf	build_db_uk_bank.py:-;build_db_uk_bank.py:P3_2024_URL
https://wealth.db.com/dam/deutschewealth/location-assets/emea/uk/docs/dbigb-pillar-3-report-2025-final.pdf	live	pdf	build_db_uk_bank.py:-;build_db_uk_bank.py:P3_2025_URL
https://weatherbys.bank/app/uploads/2023/05/Weatherbys-Bank-Pillar-3-Dislcosures-2022.pdf	live	pdf	build_weatherbys.py:-
https://weatherbys.bank/app/uploads/2024/05/Weatherbys-Bank-Pillar-3-Dislcosures-2023.pdf	live	pdf	build_weatherbys.py:-
https://web.archive.org/web/	archive	-	build_arab_bank_europe.py:-;build_arab_bank_europe.py:AQ_SOURCES;build_arab_bank_europe.py:BS_SOURCES;build_arab_bank_europe.py:CASH_FLOW_SOURCES;build_arab_bank_europe.py:DEAD_URL_NOTE;build_arab_bank_europe.py:ENTITY_NOTE;build_arab_bank_europe.py:EQ_SOURCES;build_arab_bank_europe.py:IS_SOURCES;build_firstbank_uk.py:-;build_firstbank_uk.py:P3_DEAD_URL_NOTE;build_firstbank_uk.py:RWA_BREAKDOWN_SOURCES;build_itau_bba_international.py:-;build_itau_bba_international.py:BLOCKED_HOST_NOTE;build_philippine_national_bank_europe.py:-;build_philippine_national_bank_europe.py:BLOCKED_HOST_NOTE;build_philippine_national_bank_europe.py:P3_SOURCES
https://web.archive.org/web/20090424153904id_/http://www.zenith-bank.co.uk:80/documents/ZBL_Pillar_3_Disclosure_Document.pdf	archive	pdf	build_zenith.py:-;build_zenith.py:HIST_P3_NOTE;build_zenith.py:P3_2008_URL
https://web.archive.org/web/20110419125423id_/http://www.nbeuk.com:80/eng/pdf/financial/pillar_3_20100630.pdf	archive	pdf	build_national_bank_of_egypt_uk.py:-
https://web.archive.org/web/20120717023649id_/https://www.metrobankonline.co.uk/Global/NEW%20WEBSITE%20FILES/Pillar%203%20Disclosures%202010%2031%20December.pdf	archive	pdf	build_metro_bank.py:-;build_metro_bank.py:HIST_P3_NOTE;build_metro_bank.py:P3_2010_HIST;build_metro_bank.py:P3_SOURCES
https://web.archive.org/web/20130616222348id_/http://www.zenith-bank.co.uk:80/docs/ZBL_Pillar_3_Disclosure_Document_2011.pdf	archive	pdf	build_zenith.py:-;build_zenith.py:HIST_P3_NOTE;build_zenith.py:P3_2011_URL
https://web.archive.org/web/20130625053953id_/https://www.metrobankonline.co.uk/Global/Legal%20Information/Pillar%203%20Disclosure%20-%202011.pdf	archive	pdf	build_metro_bank.py:-;build_metro_bank.py:HIST_P3_NOTE;build_metro_bank.py:P3_2011_HIST;build_metro_bank.py:P3_SOURCES
https://web.archive.org/web/20140915151355id_/https://www.metrobankonline.co.uk/Global/Legal%20Information/Pillar%203%20Disclosure.pdf	archive	pdf	build_metro_bank.py:-;build_metro_bank.py:HIST_P3_NOTE;build_metro_bank.py:P3_2013_HIST;build_metro_bank.py:P3_SOURCES
https://web.archive.org/web/20150813084438id_/http://www.bankofceylon.co.uk:80/documents/corporate/BOCUK_Pillar_3_2013.pdf	archive	pdf	build_bank_of_ceylon_uk.py:-;build_bank_of_ceylon_uk.py:P3_2013_URL;build_bank_of_ceylon_uk.py:RWA_BREAKDOWN_SOURCES
https://web.archive.org/web/20151230210842id_/https://www.metrobankonline.co.uk/Global/Legal%20Information/Pillar%203%20Disclosure.pdf	archive	pdf	build_metro_bank.py:-;build_metro_bank.py:HIST_P3_NOTE;build_metro_bank.py:P3_2014_HIST;build_metro_bank.py:P3_SOURCES
https://web.archive.org/web/20160221234533*/mellibank.co.uk	archive	-	build_melli_bank.py:-;build_melli_bank.py:P3_2014_ALT_URL;build_melli_bank.py:PILLAR3_HISTORY_NOTE
https://web.archive.org/web/20160622053404id_/http://nbeuk.com/Pillar3-30062015.pdf	archive	pdf	build_national_bank_of_egypt_uk.py:-
https://web.archive.org/web/20160824045329id_/http://www.nbeuk.com:80/eng/pdf/mak16139-Pillar_3.pdf	archive	pdf	build_national_bank_of_egypt_uk.py:-
https://web.archive.org/web/20170407223115id_/http://mellibank.com/PDFs/Melli%20Bank%20P3%20Disclosures%20as%20at%2031%20December%202014%20FINAL.pdf	archive	pdf	build_melli_bank.py:-;build_melli_bank.py:P3_2014_URL;build_melli_bank.py:PILLAR3_HISTORY_NOTE
https://web.archive.org/web/20170629113020id_/https://www.credit-suisse.com/media/assets/corporate/docs/about-us/investor-relations/regulatory-disclosures/csi-pillar-3-disclosures-2016.pdf	archive	pdf	build_credit_suisse_international.py:-
https://web.archive.org/web/20190405190315id_/http://mellibank.com/File/DownloadReportFiles?filename=Melli%20Bank%20-%20Pillar%203%20%20Disclosures%202016%20-%20Final.pdf	archive	-	build_melli_bank.py:-;build_melli_bank.py:P3_2016_URL;build_melli_bank.py:PILLAR3_HISTORY_NOTE
https://web.archive.org/web/20200918094410id_/	archive	-	build_firstbank_uk.py:-
https://web.archive.org/web/20200918094410id_/https://www.fbnbank.co.uk/wp-content/uploads/2019/06/FBNUK-Pillar-3-Dec-19-FINAL-Published_v3.pdf	archive	pdf	build_firstbank_uk.py:-;build_firstbank_uk.py:P3_2019_URL;build_firstbank_uk.py:RWA_BREAKDOWN_SOURCES
https://web.archive.org/web/20200930032441id_/	archive	-	build_methodist_chapel_aid.py:-
https://web.archive.org/web/20200930032441id_/http://mcafundingforchurches.co.uk/sitefiles/resources/pdf/pillar3disclosures2019.pdf	archive	pdf	build_methodist_chapel_aid.py:-;build_methodist_chapel_aid.py:P3_2019_WAYBACK;build_methodist_chapel_aid.py:RWA_BREAKDOWN_SOURCES
https://web.archive.org/web/20210515024743id_/	archive	-	build_methodist_chapel_aid.py:-
https://web.archive.org/web/20210515024743id_/https://www.mcafundingforchurches.co.uk/sitefiles/resources/pdf/pillar3disclosures2020.pdf	archive	pdf	build_methodist_chapel_aid.py:-;build_methodist_chapel_aid.py:P3_2020_WAYBACK;build_methodist_chapel_aid.py:RWA_BREAKDOWN_SOURCES
https://web.archive.org/web/20210517002419id_/https://hodgebank.co.uk/wp-content/uploads/2020/02/Pillar-3-Disclosure-FY19-FINAL.pdf	archive	pdf	build_julian_hodge_bank.py:-;build_julian_hodge_bank.py:P3_2019_URL_ARCHIVE
https://web.archive.org/web/20210517004624id_/https://hodgebank.co.uk/wp-content/uploads/2019/04/jhb-pillar3-2018.pdf	archive	pdf	build_julian_hodge_bank.py:-;build_julian_hodge_bank.py:P3_2018_URL_ARCHIVE
https://web.archive.org/web/20210517011507id_/https://hodgebank.co.uk/wp-content/uploads/2021/02/1.-JHB-Financial-Statements.pdf	archive	pdf	build_julian_hodge_bank.py:-;build_julian_hodge_bank.py:AR2020_URL;build_julian_hodge_bank.py:STATEMENTS_SOURCES
https://web.archive.org/web/20210517014628id_/https://hodgebank.co.uk/wp-content/uploads/2020/02/FINAL-Julian-Hodge-Bank-Limited-FY18.pdf	archive	pdf	build_julian_hodge_bank.py:-;build_julian_hodge_bank.py:AR2018_URL;build_julian_hodge_bank.py:STATEMENTS_SOURCES
https://web.archive.org/web/20210627075317id_/https://www.credit-suisse.com/media/assets/corporate/docs/about-us/investor-relations/regulatory-disclosures/csi-pillar-3-disclosures-2018.pdf	archive	pdf	build_credit_suisse_international.py:-
https://web.archive.org/web/20210627075328id_/https://www.credit-suisse.com/media/assets/about-us/docs/investor-relations/financial-regulatory-disclosures/regulatory-disclosures/regulatory-disclosures-subsidiaries/csi-pillar-3-disclosures-2017.pdf	archive	pdf	build_credit_suisse_international.py:-
https://web.archive.org/web/20210627075334id_/https://www.credit-suisse.com/media/assets/corporate/docs/about-us/investor-relations/regulatory-disclosures/csi-pillar-3-disclosures-2020.pdf	archive	pdf	build_credit_suisse_international.py:-
https://web.archive.org/web/20210627075339id_/https://www.credit-suisse.com/media/assets/corporate/docs/about-us/investor-relations/regulatory-disclosures/csi-pillar-3-disclosures-2019.pdf	archive	pdf	build_credit_suisse_international.py:-
https://web.archive.org/web/20210627075342id_/https://www.credit-suisse.com/media/assets/corporate/docs/about-us/investor-relations/regulatory-disclosures/csi-pillar-3-disclosures-2015.pdf	archive	pdf	build_credit_suisse_international.py:-
https://web.archive.org/web/20210918132915id_/https://www.kleinworthambros.com/fileadmin/user_upload/kleinworthambros/2019_Pillar_3_Disclosure_KH.pdf	archive	pdf	build_union_bancaire_privee_uk.py:-;build_union_bancaire_privee_uk.py:P3_SOURCES
https://web.archive.org/web/20211015234304id_/https://www.fcebank.com/pdf/investor_center/2014_Pillar_3_Disclosure.pdf	archive	pdf	build_fce_bank.py:-;build_fce_bank.py:P3_2014_URL
https://web.archive.org/web/20220218072522id_/https://investors.natwestgroup.com/~/media/Files/R/RBS-IR-V2/results-center/18022022/nwh-pillar-3-supplement-fy-2021.pdf	archive	pdf	build_national_westminster_bank.py:-;build_national_westminster_bank.py:NWH_P3_2021_URL
https://web.archive.org/web/20220518000354id_/https://gibam.com/assets/2020-GIBUK-Pillar-3_Final.pdf	archive	pdf	build_gulf_international_bank_uk.py:-;build_gulf_international_bank_uk.py:P3_2020_URL;build_gulf_international_bank_uk.py:P3_CAPTURE_NOTE;build_gulf_international_bank_uk.py:RWA_BREAKDOWN_SOURCES
https://web.archive.org/web/20220518033330id_/https://hampdenandco.com/content/hampden/content/Hampden-Co-Pillar-3-disclosures-2020-for-Web.pdf	archive	pdf	build_hampden_co.py:-;build_hampden_co.py:P3_2020_URL
https://web.archive.org/web/20220519120942/https://www.bankofafricaunitedkingdom.co.uk/assets/239/BMCE___Pillar_III_VF___31122017.pdf	archive	pdf	build_bank_of_africa_uk.py:-;build_bank_of_africa_uk.py:P3_2017_WAYBACK
https://web.archive.org/web/20220519121800id_/https://www.bankofafricaunitedkingdom.co.uk/assets/0/BMCE___Pillar_3_disclosures____2015.pdf	archive	pdf	build_bank_of_africa_uk.py:-;build_bank_of_africa_uk.py:P3_2015_WAYBACK
https://web.archive.org/web/20220615085005id_/https://www.fcebank.com/pdf/investor_center/2011_Annual_FCEReport.pdf	archive	pdf	build_fce_bank.py:-;build_fce_bank.py:AR2011_OLD_URL;build_fce_bank.py:CASH_FLOW_SOURCES;build_fce_bank.py:STATEMENTS_SOURCES
https://web.archive.org/web/20220615085008id_/https://www.fcebank.com/pdf/investor_center/2017_Annual_Report.pdf	archive	pdf	build_fce_bank.py:-;build_fce_bank.py:AR2017_URL;build_fce_bank.py:ASSET_QUALITY_SOURCES;build_fce_bank.py:CASH_FLOW_SOURCES;build_fce_bank.py:STATEMENTS_SOURCES
https://web.archive.org/web/20220615085018id_/https://www.fcebank.com/pdf/investor_center/2015_annual_report.pdf	archive	pdf	build_fce_bank.py:-;build_fce_bank.py:AR2015_URL;build_fce_bank.py:ASSET_QUALITY_SOURCES;build_fce_bank.py:CASH_FLOW_SOURCES;build_fce_bank.py:STATEMENTS_SOURCES
https://web.archive.org/web/20220615085021id_/https://www.fcebank.com/pdf/investor_center/2014_annual_accts.pdf	archive	pdf	build_fce_bank.py:-;build_fce_bank.py:AR2014_URL;build_fce_bank.py:ASSET_QUALITY_SOURCES;build_fce_bank.py:CASH_FLOW_SOURCES;build_fce_bank.py:STATEMENTS_SOURCES
https://web.archive.org/web/20220615085027id_/https://www.fcebank.com/pdf/investor_center/2016_annual_report.pdf	archive	pdf	build_fce_bank.py:-;build_fce_bank.py:AR2016_URL;build_fce_bank.py:ASSET_QUALITY_SOURCES;build_fce_bank.py:CASH_FLOW_SOURCES;build_fce_bank.py:STATEMENTS_SOURCES
https://web.archive.org/web/20220615085039id_/https://www.fcebank.com/pdf/investor_center/2010_Annual_FCEReport.pdf	archive	pdf	build_fce_bank.py:-;build_fce_bank.py:AR2010_OLD_URL;build_fce_bank.py:CASH_FLOW_SOURCES;build_fce_bank.py:STATEMENTS_SOURCES
https://web.archive.org/web/20220615085046id_/https://www.fcebank.com/pdf/investor_center/2006_Annual_FCEReport.pdf	archive	pdf	build_fce_bank.py:-;build_fce_bank.py:AR2006_OLD_URL;build_fce_bank.py:CASH_FLOW_SOURCES;build_fce_bank.py:STATEMENTS_SOURCES
https://web.archive.org/web/20220615085056id_/https://www.fcebank.com/pdf/investor_center/2009_Annual_FCEReport.pdf	archive	pdf	build_fce_bank.py:-;build_fce_bank.py:AR2009_OLD_URL;build_fce_bank.py:CASH_FLOW_SOURCES;build_fce_bank.py:STATEMENTS_SOURCES
https://web.archive.org/web/20220615085100id_/https://www.fcebank.com/pdf/investor_center/2008_Annual_FCEReport.pdf	archive	pdf	build_fce_bank.py:-;build_fce_bank.py:AR2008_OLD_URL;build_fce_bank.py:CASH_FLOW_SOURCES;build_fce_bank.py:STATEMENTS_SOURCES
https://web.archive.org/web/20220615085110id_/https://www.fcebank.com/pdf/investor_center/2018_Annual_Report.pdf	archive	pdf	build_fce_bank.py:-;build_fce_bank.py:AR2018_URL;build_fce_bank.py:ASSET_QUALITY_SOURCES;build_fce_bank.py:CASH_FLOW_SOURCES;build_fce_bank.py:STATEMENTS_SOURCES
https://web.archive.org/web/20220615085139id_/https://www.fcebank.com/pdf/investor_center/2013_annual_accts.pdf	archive	pdf	build_fce_bank.py:-;build_fce_bank.py:AR2013_OLD_URL;build_fce_bank.py:CASH_FLOW_SOURCES;build_fce_bank.py:STATEMENTS_SOURCES
https://web.archive.org/web/20220615085141id_/https://www.fcebank.com/pdf/investor_center/2019_Annual_Report.pdf	archive	pdf	build_fce_bank.py:-;build_fce_bank.py:AR2019_URL;build_fce_bank.py:ASSET_QUALITY_SOURCES;build_fce_bank.py:CASH_FLOW_SOURCES;build_fce_bank.py:STATEMENTS_SOURCES
https://web.archive.org/web/20220615085155id_/https://www.fcebank.com/pdf/investor_center/2007_Annual_FCEReport.pdf	archive	pdf	build_fce_bank.py:-;build_fce_bank.py:AR2007_OLD_URL;build_fce_bank.py:CASH_FLOW_SOURCES;build_fce_bank.py:STATEMENTS_SOURCES
https://web.archive.org/web/20220615085358id_/https://www.fcebank.com/pdf/investor_center/2020_Annual_Report.pdf	archive	pdf	build_fce_bank.py:-;build_fce_bank.py:AR2020_URL;build_fce_bank.py:ASSET_QUALITY_SOURCES;build_fce_bank.py:CASH_FLOW_SOURCES;build_fce_bank.py:STATEMENTS_SOURCES
https://web.archive.org/web/20220620025258id_/https://hodgebank.co.uk/wp-content/uploads/2019/01/jhb-financial-statements-20151031.pdf	archive	pdf	build_julian_hodge_bank.py:-;build_julian_hodge_bank.py:AR2015_URL;build_julian_hodge_bank.py:CASH_FLOW_SOURCES;build_julian_hodge_bank.py:EXEMPTION_NOTE;build_julian_hodge_bank.py:STATEMENTS_SOURCES
https://web.archive.org/web/20220620025310id_/https://hodgebank.co.uk/wp-content/uploads/2019/01/jhb-pillar3-2017.pdf	archive	pdf	build_julian_hodge_bank.py:-;build_julian_hodge_bank.py:P3_2017_URL_ARCHIVE
https://web.archive.org/web/20220620025317id_/https://hodgebank.co.uk/wp-content/uploads/2019/01/jhb-financial-statements-20111031.pdf	archive	pdf	build_julian_hodge_bank.py:-;build_julian_hodge_bank.py:AR2011_URL_HD074;build_julian_hodge_bank.py:CASH_FLOW_SOURCES;build_julian_hodge_bank.py:HD074_NOTE
https://web.archive.org/web/20220620025318id_/https://hodgebank.co.uk/wp-content/uploads/2019/01/jhb-financial-statements-20161031-1.pdf	archive	pdf	build_julian_hodge_bank.py:-;build_julian_hodge_bank.py:AR2016_URL;build_julian_hodge_bank.py:STATEMENTS_SOURCES
https://web.archive.org/web/20220620025318id_/https://hodgebank.co.uk/wp-content/uploads/2019/01/jhb-financial-statements-20171031-1.pdf	archive	pdf	build_julian_hodge_bank.py:-;build_julian_hodge_bank.py:AR2017_URL;build_julian_hodge_bank.py:STATEMENTS_SOURCES
https://web.archive.org/web/20220620025323id_/https://hodgebank.co.uk/wp-content/uploads/2019/01/jhb-financial-statements-20131031.pdf	archive	pdf	build_julian_hodge_bank.py:-;build_julian_hodge_bank.py:AR2013_URL_HD074;build_julian_hodge_bank.py:CASH_FLOW_SOURCES;build_julian_hodge_bank.py:HD074_NOTE
https://web.archive.org/web/20220620025334id_/https://hodgebank.co.uk/wp-content/uploads/2019/01/jhb-financial-statements-20101031.pdf	archive	pdf	build_julian_hodge_bank.py:-;build_julian_hodge_bank.py:AR2010_URL_HD074;build_julian_hodge_bank.py:CASH_FLOW_SOURCES;build_julian_hodge_bank.py:HD074_NOTE
https://web.archive.org/web/20220620025335id_/https://hodgebank.co.uk/wp-content/uploads/2020/02/Julian-Hodge-Bank-Limited-Master-FINAL-EY-Signed-FY19.pdf	archive	pdf	build_julian_hodge_bank.py:-;build_julian_hodge_bank.py:AR2019_URL;build_julian_hodge_bank.py:STATEMENTS_SOURCES
https://web.archive.org/web/20220620025406id_/https://hodgebank.co.uk/wp-content/uploads/2019/01/jhb-pillar3-2016.pdf	archive	pdf	build_julian_hodge_bank.py:-;build_julian_hodge_bank.py:P3_2016_URL_ARCHIVE
https://web.archive.org/web/20220620025429id_/https://hodgebank.co.uk/wp-content/uploads/2019/01/jhb-pillar3-2015.pdf	archive	pdf	build_julian_hodge_bank.py:-;build_julian_hodge_bank.py:P3_2015_URL_ARCHIVE
https://web.archive.org/web/20220620025434id_/https://hodgebank.co.uk/wp-content/uploads/2019/01/jhb-pillar3-2014.pdf	archive	pdf	build_julian_hodge_bank.py:-;build_julian_hodge_bank.py:P3_2014_URL_ARCHIVE
https://web.archive.org/web/20220620025450id_/https://hodgebank.co.uk/wp-content/uploads/2021/02/2.-JHB-Pillar-III.pdf	archive	pdf	build_julian_hodge_bank.py:-;build_julian_hodge_bank.py:P3_2020_URL_ARCHIVE
https://web.archive.org/web/20220620025529id_/https://hodgebank.co.uk/wp-content/uploads/2019/01/jhb-financial-statements-20141031.pdf	archive	pdf	build_julian_hodge_bank.py:-;build_julian_hodge_bank.py:AR2014_URL;build_julian_hodge_bank.py:STATEMENTS_SOURCES
https://web.archive.org/web/20220620211159id_/https://www.fcebank.com/pdf/investor_center/2012_annual_report_account.pdf	archive	pdf	build_fce_bank.py:-;build_fce_bank.py:AR2012_OLD_URL;build_fce_bank.py:CASH_FLOW_SOURCES;build_fce_bank.py:STATEMENTS_SOURCES
https://web.archive.org/web/20220625084136id_/	archive	-	build_methodist_chapel_aid.py:-
https://web.archive.org/web/20220625084136id_/https://www.mcafundingforchurches.co.uk/sitefiles/resources/pdf/2021-pillar-3-disclosures.pdf	archive	pdf	build_methodist_chapel_aid.py:-;build_methodist_chapel_aid.py:P3_2021_WAYBACK;build_methodist_chapel_aid.py:RWA_BREAKDOWN_SOURCES
https://web.archive.org/web/20220703022837id_/https://www.providentfinancial.com/application/files/6516/1415/8644/provident-financial-plc-pillar-3-disclosures-2019.pdf	archive	pdf	build_vanquis.py:-;build_vanquis.py:P3_2019_URL
https://web.archive.org/web/20220703024108id_/https://www.providentfinancial.com/application/files/7916/1454/6790/pfg_pillar_3_report-2017.pdf	archive	pdf	build_vanquis.py:-;build_vanquis.py:P3_2017_URL
https://web.archive.org/web/20220703025345id_/https://www.providentfinancial.com/application/files/9516/1437/2735/2015-pillar-iii-disclosures-april-2015.pdf	archive	pdf	build_vanquis.py:-;build_vanquis.py:P3_2014_URL
https://web.archive.org/web/20220703030203id_/https://www.providentfinancial.com/application/files/4516/1454/6864/22746_pfg_pillar_3_report_2018-2.pdf	archive	pdf	build_vanquis.py:-;build_vanquis.py:P3_2018_URL
https://web.archive.org/web/20220703030607id_/https://www.providentfinancial.com/application/files/3716/2049/4304/Provident_Financial_plc_Pillar_3_Disclosures_2020.pdf	archive	pdf	build_vanquis.py:-;build_vanquis.py:P3_2020_URL
https://web.archive.org/web/20220703055435id_/https://www.providentfinancial.com/application/files/2416/1454/4505/pf-plc-2016-pillar-3-disclosures.pdf	archive	pdf	build_vanquis.py:-;build_vanquis.py:P3_2015_URL
https://web.archive.org/web/20221014171921id_/https://www.hsbc.com/-/files/hsbc/investors/hsbc-results/2019/annual/pdfs/hsbc-uk-bank-plc/200218-pillar-3-disclosures-31-december-2019.pdf	archive	pdf	build_hsbc_uk_bank_plc.py:-;build_hsbc_uk_bank_plc.py:P32019_URL
https://web.archive.org/web/20221124023931id_/https://assets.unity.co.uk/2022/08/PILLAR3-2020-Final.pdf	archive	pdf	build_unity_trust.py:-;build_unity_trust.py:P3_2020_URL;build_unity_trust.py:RWA_BREAKDOWN_SOURCES
https://web.archive.org/web/20221214093332id_/	archive	-	build_tsb.py:-
https://web.archive.org/web/20221214093332id_/https://www.tsb.co.uk/investors/results-and-reports/TSB-Significant-Subsidiary-Disclosures-2015.pdf	archive	pdf	build_tsb.py:-;build_tsb.py:P3_15_DEAD_URL_NOTE;build_tsb.py:P3_15_URL
https://web.archive.org/web/20230321070013id_/	archive	-	build_kingdom_bank.py:-
https://web.archive.org/web/20230321070013id_/https://www.kingdom.bank/wp-content/uploads/2021/03/5ee1ea4628eaae3b944cb122_Pillar-3-Disclosures-approved-14-May-2020.pdf	archive	pdf	build_kingdom_bank.py:-;build_kingdom_bank.py:P3_FY2019_URL
https://web.archive.org/web/20230329132856id_/https://gibam.com/assets/2021-GIBUK-Pillar-3_Final.pdf	archive	pdf	build_gulf_international_bank_uk.py:-;build_gulf_international_bank_uk.py:P3_2021_URL;build_gulf_international_bank_uk.py:RWA_BREAKDOWN_SOURCES
https://web.archive.org/web/20230329132856id_/https://gibam.com/assets/2021-GIBUK-Pillar-3_Final.pdf)	archive	-	build_gulf_international_bank_uk.py:-;build_gulf_international_bank_uk.py:P3_CAPTURE_NOTE
https://web.archive.org/web/20230330205458id_/https://www.smbcgroup.com/emea/images/SMBC/media/SMBC/pdf/disclosures/pillar3disclosures310317.pdf	archive	pdf	build_smbc.py:-;build_smbc.py:P3_2017_URL;build_smbc.py:RWA_SOURCES
https://web.archive.org/web/20230502054346id_/	archive	-	build_itau_bba_international.py:-
https://web.archive.org/web/20230502054346id_/https://www.itau.com.br/media/dam/m/58b090bc84eddb94/original/Pillar-3-2022.pdf	archive	pdf	build_itau_bba_international.py:-;build_itau_bba_international.py:PILLAR3_2022_WAYBACK
https://web.archive.org/web/20230502062443id_/	archive	-	build_itau_bba_international.py:-
https://web.archive.org/web/20230502062443id_/https://www.itau.com.br/content/dam/ibba/en/Pillar-3-2021.pdf	archive	pdf	build_itau_bba_international.py:-;build_itau_bba_international.py:PILLAR3_2021_WAYBACK
https://web.archive.org/web/20230807203320if_/	archive	-	build_cynergy_bank.py:-
https://web.archive.org/web/20230807203320if_/https://www.cynergybank.co.uk/media/bkhp10sd/cynergy-bank-2022-pillar-3-disclosures.pdf	archive	pdf	build_cynergy_bank.py:-;build_cynergy_bank.py:P3_2022_WAYBACK
https://web.archive.org/web/20230808000642if_/	archive	-	build_cynergy_bank.py:-
https://web.archive.org/web/20230808000642if_/https://www.cynergybank.co.uk/media/drcj252b/cynergy-bank-pillar-3-2021.pdf	archive	pdf	build_cynergy_bank.py:-;build_cynergy_bank.py:P3_2021_WAYBACK
https://web.archive.org/web/20230810043035id_/https://www.investors.aldermore.co.uk/system/files/uploads/financialdocs/pillar_3_disclosure_2011_0.pdf	archive	pdf	build_aldermore.py:-;build_aldermore.py:HIST_P3_NOTE;build_aldermore.py:P3_2011_URL;build_aldermore.py:RWA_BREAKDOWN_SOURCES
https://web.archive.org/web/20230811224731id_/https://www.investors.aldermore.co.uk/system/files/uploads/financialdocs/pillar_3_disclosure_2013_0.pdf	archive	pdf	build_aldermore.py:-;build_aldermore.py:HIST_P3_NOTE;build_aldermore.py:P3_2013_URL;build_aldermore.py:RWA_BREAKDOWN_SOURCES
https://web.archive.org/web/20230923163742id_/https://www.ubluk.com/media/1368/ubl-2022-pillar-3-final-published.pdf	archive	pdf	build_united_national.py:-;build_united_national.py:P3_2022_URL
https://web.archive.org/web/20231206074745id_/	archive	-	build_firstbank_uk.py:-
https://web.archive.org/web/20231206074745id_/https://www.fbnbank.co.uk/wp-content/uploads/2019/06/FBNUK_Pillar-3-Disclosures_2020.pdf	archive	pdf	build_firstbank_uk.py:-;build_firstbank_uk.py:P3_2020_URL;build_firstbank_uk.py:RWA_BREAKDOWN_SOURCES
https://web.archive.org/web/20231209144740/https://www.nbk.com/dam/jcr:19757e7d-4d03-40f8-bf39-63c995186e39/Pillar_III_Disclosures.pdf	archive	pdf	build_national_bank_of_kuwait_international.py:-;build_national_bank_of_kuwait_international.py:ARCHIVED_P3_NOTE
https://web.archive.org/web/20240217111133/https://www.nbk.com/dam/jcr:19757e7d-4d03-40f8-bf39-63c995186e39/Pillar_III_Disclosures.pdf	archive	pdf	build_national_bank_of_kuwait_international.py:-
https://web.archive.org/web/20240217111133/https://www.nbk.com/dam/jcr:19757e7d-4d03-40f8-bf39-63c995186e39/Pillar_III_Disclosures.pdf)	archive	-	build_national_bank_of_kuwait_international.py:-;build_national_bank_of_kuwait_international.py:ARCHIVED_P3_NOTE
https://web.archive.org/web/20240219211830id_/	archive	-	build_firstbank_uk.py:-
https://web.archive.org/web/20240219211830id_/https://www.fbnbank.co.uk/wp-content/uploads/2019/06/FirstBank-UK-Pillar-3-Dec-2022-V1.0.pdf	archive	pdf	build_firstbank_uk.py:-;build_firstbank_uk.py:P3_2022_URL
https://web.archive.org/web/20240223164517id_/https://gibam.com/assets/2022-GIBUK-Pillar-3-disclosures_VF.pdf	archive	pdf	build_gulf_international_bank_uk.py:-;build_gulf_international_bank_uk.py:P3_2022_URL;build_gulf_international_bank_uk.py:RWA_BREAKDOWN_SOURCES
https://web.archive.org/web/20240224223816id_/https://www.birminghambank.com/wp-content/uploads/Birmingham-Bank-Pillar-3-Disclosures-2022-final.pdf	archive	pdf	build_birmingham_bank.py:-;build_birmingham_bank.py:P3_2022_URL
https://web.archive.org/web/20240301085228/https://bkmandiri.co.uk/BMEL%20-%20Pillar%203%20%20Disclosures%2031st%20December%202016.pdf	archive	pdf	build_bank_mandiri_europe.py:-;build_bank_mandiri_europe.py:PILLAR3_2016_ARCHIVE_URL
https://web.archive.org/web/20240301085228/https://bkmandiri.co.uk/BMEL%20-%20Pillar%203%20%20Disclosures%2031st%20December%202016.pdf)	archive	-	build_bank_mandiri_europe.py:-
https://web.archive.org/web/20240517201255id_/https://mcafundingforchurches.co.uk/media/honer1yl/pillar3disclosures2022.pdf	archive	pdf	build_methodist_chapel_aid.py:-;build_methodist_chapel_aid.py:P3_2022_WAYBACK
https://web.archive.org/web/20240527034030id_/	archive	-	build_firstbank_uk.py:-
https://web.archive.org/web/20240527034030id_/https://www.fbnbank.co.uk/wp-content/uploads/2019/06/FirstBank-UK-Pillar-3-Dec-2023.pdf	archive	pdf	build_firstbank_uk.py:-;build_firstbank_uk.py:P3_2023_URL;build_firstbank_uk.py:RWA_BREAKDOWN_SOURCES
https://web.archive.org/web/20240527065243id_/https://www.smbcgroup.com/emea/images/SMBC/media/SMBC/pdf/disclosures/pillar3-31-03-15.pdf	archive	pdf	build_smbc.py:-;build_smbc.py:P3_2015_URL;build_smbc.py:RWA_SOURCES
https://web.archive.org/web/20240527070848id_/https://www.smbcgroup.com/emea/images/SMBC/media/SMBC/pdf/disclosures/pillar3disclosures310316.pdf	archive	pdf	build_smbc.py:-;build_smbc.py:P3_2016_URL;build_smbc.py:RWA_SOURCES
https://web.archive.org/web/20240527071545id_/https://www.smbcgroup.com/emea/images/SMBC/media/SMBC/pdf/disclosures/smbce-pillar3-2020.pdf	archive	pdf	build_smbc.py:-;build_smbc.py:P3_2020_URL;build_smbc.py:RWA_SOURCES
https://web.archive.org/web/20240527071821id_/https://www.smbcgroup.com/emea/images/SMBC/media/SMBC/pdf/disclosures/smbce-pillar3-20180331.pdf	archive	pdf	build_smbc.py:-;build_smbc.py:P3_2018_URL;build_smbc.py:RWA_SOURCES
https://web.archive.org/web/20240527071944id_/https://www.smbcgroup.com/emea/images/SMBC/media/SMBC/pdf/disclosures/smbce-pillar3-2019.pdf	archive	pdf	build_smbc.py:-;build_smbc.py:P3_2019_URL;build_smbc.py:RWA_SOURCES
https://web.archive.org/web/20240527084156id_/https://www.hsbc.com/-/files/hsbc/investors/hsbc-results/2020/annual/pdfs/hsbc-uk-bank-plc/210223-pillar-3-disclosures-at-31-december-2020.pdf	archive	pdf	build_hsbc_uk_bank_plc.py:-;build_hsbc_uk_bank_plc.py:P32020_URL
https://web.archive.org/web/20240612221125id_/https://www.smbcgroup.com/emea/images/SMBC/media/SMBC/pdf/disclosures/smbcbi-annual-report-2021.pdf	archive	pdf	build_smbc.py:-;build_smbc.py:AQ_SOURCES;build_smbc.py:AR2021_URL;build_smbc.py:BS_SOURCES;build_smbc.py:CASH_FLOW_SOURCES;build_smbc.py:EQ_SOURCES;build_smbc.py:IS_SOURCES
https://web.archive.org/web/20240617063554id_/	archive	-	build_kingdom_bank.py:-
https://web.archive.org/web/20240617063554id_/https://www.kingdom.bank/wp-content/uploads/2022/06/Pillar-3-Disclosures-2021-approved-9-June-2022-clean-v2.pdf	archive	pdf	build_kingdom_bank.py:-;build_kingdom_bank.py:P3_FY2021_URL
https://web.archive.org/web/20240701022732id_/	archive	-	build_kingdom_bank.py:-
https://web.archive.org/web/20240701022732id_/https://www.kingdom.bank/wp-content/uploads/2021/07/Pillar-3-Disclosures-approved-3-June-2021-v2.pdf	archive	pdf	build_kingdom_bank.py:-;build_kingdom_bank.py:P3_FY2020_URL
https://web.archive.org/web/20240701160935id_/https://www.smbcgroup.com/emea/images/SMBC/media/SMBC/pdf/disclosures/pillar3-31mar14.pdf	archive	pdf	build_smbc.py:-;build_smbc.py:P3_2014_URL;build_smbc.py:RWA_SOURCES
https://web.archive.org/web/20240706060918id_/https://www.kleinworthambros.com/fileadmin/user_upload/kleinworthambros/Important_information/2021_KH_Pillar_3_Disclosure.pdf)	archive	-	build_union_bancaire_privee_uk.py:-;build_union_bancaire_privee_uk.py:P3_SOURCES
https://web.archive.org/web/20240711230833id_/	archive	-	build_philippine_national_bank_europe.py:-
https://web.archive.org/web/20240711230833id_/https://www.pnb.com.ph/europe/images/stories/docs/Pillar3_Disclosures_for_2019.pdf	archive	pdf	build_philippine_national_bank_europe.py:-;build_philippine_national_bank_europe.py:P3_2019_URL;build_philippine_national_bank_europe.py:P3_SOURCES
https://web.archive.org/web/20240712011133id_/	archive	-	build_philippine_national_bank_europe.py:-
https://web.archive.org/web/20240712011133id_/https://www.pnb.com.ph/europe/images/stories/docs/Pillar3_Disclosures_for_2017.pdf	archive	pdf	build_philippine_national_bank_europe.py:-;build_philippine_national_bank_europe.py:P3_2017_URL;build_philippine_national_bank_europe.py:P3_SOURCES
https://web.archive.org/web/20240712094621id_/https://www.smbcgroup.com/emea/images/SMBC/media/Notices-Reporting/Corporate%20Disclosures/smbcbi-pillar3-2022.pdf	archive	pdf	build_smbc.py:-;build_smbc.py:P3_2022_URL;build_smbc.py:RWA_SOURCES
https://web.archive.org/web/20240713140930/https://www.paragonbank.co.uk/resources/paragon-group/documents/reports-presentations/2022/pbg_2021_pillar_iii_disclosures	archive	-	build_paragon.py:-;build_paragon.py:RWA_BREAKDOWN_SOURCES
https://web.archive.org/web/20240714131343id_/	archive	-	build_arab_bank_europe.py:-
https://web.archive.org/web/20240714131343id_/https://www.eabplc.com/downloads/Pillar3.pdf	archive	pdf	build_arab_bank_europe.py:-;build_arab_bank_europe.py:AQ_SOURCES;build_arab_bank_europe.py:BS_SOURCES;build_arab_bank_europe.py:CASH_FLOW_SOURCES;build_arab_bank_europe.py:ENTITY_NOTE;build_arab_bank_europe.py:EQ_SOURCES;build_arab_bank_europe.py:IS_SOURCES;build_arab_bank_europe.py:PILLAR3_2022_URL;build_arab_bank_europe.py:PILLAR3_SOURCES
https://web.archive.org/web/20240714135652id_/	archive	-	build_arab_bank_europe.py:-
https://web.archive.org/web/20240714135652id_/https://www.eabplc.com/downloads/202304_EABAnnualReport_v7_144ppi.pdf	archive	pdf	build_arab_bank_europe.py:-;build_arab_bank_europe.py:AQ_SOURCES;build_arab_bank_europe.py:AR2022_URL;build_arab_bank_europe.py:BS_SOURCES;build_arab_bank_europe.py:CASH_FLOW_SOURCES;build_arab_bank_europe.py:EQ_SOURCES;build_arab_bank_europe.py:IS_SOURCES
https://web.archive.org/web/20240718195901id_/	archive	-	build_firstbank_uk.py:-
https://web.archive.org/web/20240718195901id_/https://www.fbnbank.co.uk/wp-content/uploads/2019/06/FBNUK-Pillar-3-Disclosures_-2021.pdf	archive	pdf	build_firstbank_uk.py:-;build_firstbank_uk.py:P3_2021_URL;build_firstbank_uk.py:RWA_BREAKDOWN_SOURCES
https://web.archive.org/web/20240723091812/https://www.fcebank.com/pdf/investor_center/2022/FCE%20Bank%20PLC%20-%20Annual%20Pillar%203%20%20Report.pdf)	archive	-	build_fce_bank.py:-;build_fce_bank.py:RWA_BREAKDOWN_NOTE
https://web.archive.org/web/20240807151122id_/	archive	-	build_philippine_national_bank_europe.py:-
https://web.archive.org/web/20240807151122id_/https://pnb-website.s3-ap-southeast-1.amazonaws.com/uploads/docs/Pillar3_Disclosures.pdf	archive	pdf	build_philippine_national_bank_europe.py:-;build_philippine_national_bank_europe.py:P3_2023_URL;build_philippine_national_bank_europe.py:P3_SOURCES
https://web.archive.org/web/20240812211731id_/	archive	-	build_itau_bba_international.py:-
https://web.archive.org/web/20240812211731id_/https://www.itau.com.br/media/dam/m/11e1e216dd5df1fd/original/Pillar-3-2023.pdf	archive	pdf	build_itau_bba_international.py:-;build_itau_bba_international.py:PILLAR3_2023_WAYBACK
https://web.archive.org/web/20240830044143/https://www.paragonbankinggroup.co.uk/resources/paragon-group/documents/reports-presentations/2022/pbg_2022_pillar_iii_disclosures	archive	-	build_paragon.py:-;build_paragon.py:RWA_BREAKDOWN_SOURCES
https://web.archive.org/web/20240830064955/https://www.paragonbankinggroup.co.uk/resources/paragon-group/documents/reports-presentations/2023/2023-pillar-iii	archive	-	build_paragon.py:-;build_paragon.py:RWA_BREAKDOWN_SOURCES
https://web.archive.org/web/2024id_/https://www.credit-suisse.com/media/assets/corporate/docs/about-us/investor-relations/regulatory-disclosures/csi-pillar-3-disclosures-2021.pdf	archive	pdf	build_credit_suisse_international.py:-
https://web.archive.org/web/2024id_/https://www.credit-suisse.com/media/assets/corporate/docs/about-us/investor-relations/regulatory-disclosures/csi-pillar-3-disclosures-2022.pdf	archive	pdf	build_credit_suisse_international.py:-
https://web.archive.org/web/20250407005711id_/	archive	-	build_methodist_chapel_aid.py:-
https://web.archive.org/web/20250407005711id_/https://www.mcafundingforchurches.co.uk/media/ngqlqg5o/pillar-3-disclosures-2023.pdf	archive	pdf	build_methodist_chapel_aid.py:-;build_methodist_chapel_aid.py:P3_2023_WAYBACK;build_methodist_chapel_aid.py:RWA_BREAKDOWN_SOURCES
https://web.archive.org/web/20250726151714id_/https://www.ubluk.com/media/pqqda2ng/pillar-iii-disclosure-2021.pdf	archive	pdf	build_united_national.py:-;build_united_national.py:P3_2021_URL
https://web.archive.org/web/20250726224104/https://www.charitybank.org/wp-content/uploads/2024/10/PILLAR-3-disclosures-2021-Final.pdf	archive	pdf	build_charity_bank.py:-;build_charity_bank.py:P3_2021_URL
https://web.archive.org/web/20250802155220id_/https://www.ubluk.com/media/o0bp44wd/pillar-iii-disclosure-2017.pdf	archive	pdf	build_united_national.py:-;build_united_national.py:P3_2017_URL
https://web.archive.org/web/20250803030355id_/https://www.ubluk.com/media/xq1lvuuj/pillar-iii-disclosure-2020.pdf	archive	pdf	build_united_national.py:-;build_united_national.py:P3_2020_URL
https://web.archive.org/web/20250804025501id_/https://www.ubluk.com/media/sqgdszjz/pillar-iii-disclosure-2019.pdf	archive	pdf	build_united_national.py:-;build_united_national.py:P3_2019_URL
https://web.archive.org/web/20250804031750id_/https://www.ubluk.com/media/5avboizc/pillar-iii-disclosure-2018.pdf	archive	pdf	build_united_national.py:-;build_united_national.py:P3_2018_URL
https://web.archive.org/web/20250805064645id_/https://www.ubluk.com/media/sp5brt0v/pillar-iii-disclosure-2016.pdf	archive	pdf	build_united_national.py:-;build_united_national.py:P3_2016_URL
https://web.archive.org/web/20250805161700/https://www.charitybank.org/wp-content/uploads/2024/10/PILLAR-3-disclosures-2022-FINAL.pdf	archive	pdf	build_charity_bank.py:-;build_charity_bank.py:P3_2022_URL;build_charity_bank.py:RWA_BREAKDOWN_SOURCES
https://web.archive.org/web/20250805183352id_/	archive	-	build_arab_bank_europe.py:-
https://web.archive.org/web/20250805183352id_/https://www.eabplc.com/downloads/202502_EABAnnualReport_v3.pdf	archive	pdf	build_arab_bank_europe.py:-;build_arab_bank_europe.py:AQ_SOURCES;build_arab_bank_europe.py:AR2024_URL;build_arab_bank_europe.py:BS_SOURCES;build_arab_bank_europe.py:CASH_FLOW_SOURCES;build_arab_bank_europe.py:EQ_SOURCES;build_arab_bank_europe.py:IS_SOURCES
https://web.archive.org/web/20250809165738/https://www.charitybank.org/wp-content/uploads/2024/10/PILLAR-3-disclosures-2023.pdf	archive	pdf	build_charity_bank.py:-;build_charity_bank.py:P3_2023_URL;build_charity_bank.py:RWA_BREAKDOWN_SOURCES
https://web.archive.org/web/20250913035253id_/	archive	-	build_united_trust_bank.py:-
https://web.archive.org/web/20250913035253id_/https://www.utbank.co.uk/wp-content/uploads/2025/03/UTB-Partners-Pillar-3-Disclosure-2024.pdf	archive	pdf	build_united_trust_bank.py:-;build_united_trust_bank.py:P3_DEAD_URL_NOTE
https://web.archive.org/web/20251203042809id_/	archive	-	build_firstbank_uk.py:-
https://web.archive.org/web/20251203042809id_/https://www.fbnbank.co.uk/wp-content/uploads/2025/09/FirstBank-UK-Pillar-3-Dec-2024-1.pdf	archive	pdf	build_firstbank_uk.py:-;build_firstbank_uk.py:P3_2024_URL;build_firstbank_uk.py:RWA_BREAKDOWN_SOURCES
https://web.archive.org/web/2025id_/	archive	-	build_credit_suisse_international.py:-
https://web.archive.org/web/20260118042750id_/https://www.alphabanklondon.co.uk/sites/default/files/2025-10/ABL%20Financial%20Statements%202021%20Final%20contents%20page%20fixed.pdf	archive	pdf	build_alpha_bank_london.py:-;build_alpha_bank_london.py:AR21_URL
https://web.archive.org/web/20260203152658/https://www.paragonbankinggroup.co.uk/resources/paragon-group/documents/reports-presentations/2025/2025-pillar--iii	archive	-	build_paragon.py:-;build_paragon.py:RWA_BREAKDOWN_SOURCES
https://wp-dfcapital-investors-2020.s3.eu-west-2.amazonaws.com/media/2021/04/21065603/Distribution-Finance-Capital-Holdings-plc-Pillar-3-31-December-2020.pdf	live	pdf	build_df_capital.py:-;build_df_capital.py:P3_2020_URL
https://wp-dfcapital-investors-2020.s3.eu-west-2.amazonaws.com/media/2021/04/21070044/Annual-report-and-accounts-Year-end-2020-Final-compressed.pdf	live	pdf	build_df_capital.py:-;build_df_capital.py:AR2020_URL;build_df_capital.py:CASH_FLOW_SOURCES;build_df_capital.py:STATEMENTS_SOURCES
https://wp-dfcapital-investors-2020.s3.eu-west-2.amazonaws.com/media/2022/04/DF-Capital-Pillar-III_Dec-2021-Final.pdf	live	pdf	build_df_capital.py:-;build_df_capital.py:P3_2021_URL
https://wp-dfcapital-investors-2020.s3.eu-west-2.amazonaws.com/media/2022/05/Annual-report-and-accounts-year-end-2021.pdf	live	pdf	build_df_capital.py:-;build_df_capital.py:AR2021_URL;build_df_capital.py:CASH_FLOW_SOURCES;build_df_capital.py:STATEMENTS_SOURCES
https://wp-dfcapital-investors-2020.s3.eu-west-2.amazonaws.com/media/2023/04/Pillar-3-Disclosures-31-December-2022.pdf	live	pdf	build_df_capital.py:-;build_df_capital.py:P3_2022_URL
https://wp-dfcapital-investors-2020.s3.eu-west-2.amazonaws.com/media/2024/04/DF-Capital-Annual-Report-and-Accounts-year-ending-2023-1.pdf	live	pdf	build_df_capital.py:-;build_df_capital.py:AR2023_URL;build_df_capital.py:CASH_FLOW_SOURCES;build_df_capital.py:STATEMENTS_SOURCES
https://wp-dfcapital-investors-2020.s3.eu-west-2.amazonaws.com/media/2024/04/DF-Capital-Pillar-III_2024-FINAL.pdf	live	pdf	build_df_capital.py:-;build_df_capital.py:P3_2023_URL
https://wp-dfcapital-investors-2020.s3.eu-west-2.amazonaws.com/media/2025/04/Distribution-Finance-Capital-Holdings-plc-Pillar-3-Disclosures-at-31-December-2024.pdf	live	pdf	build_df_capital.py:-;build_df_capital.py:CASH_FLOW_SOURCES;build_df_capital.py:ENTITY_NOTE;build_df_capital.py:P3_2024_URL;build_df_capital.py:STATEMENTS_SOURCES
https://wp-dfcapital-investors-2020.s3.eu-west-2.amazonaws.com/media/2026/03/DF-Capital-Annual-Report-and-Accounts-year-ending-2025.pdf	live	pdf	build_df_capital.py:-;build_df_capital.py:AR2025_URL;build_df_capital.py:CASH_FLOW_SOURCES;build_df_capital.py:ENTITY_NOTE;build_df_capital.py:STATEMENTS_SOURCES
https://wp-dfcapital-investors-2020.s3.eu-west-2.amazonaws.com/media/2026/03/DF-Capital-Pillar-III-2025.pdf	live	pdf	build_df_capital.py:-;build_df_capital.py:P3_2025_URL
https://wp-dfcapital-investors-2020.s3.eu-west-2.amazonaws.com/media/2026/03/DF-Capital-Pillar-III-2025.pdf)	live	-	build_df_capital.py:-;build_df_capital.py:CASH_FLOW_SOURCES;build_df_capital.py:ENTITY_NOTE;build_df_capital.py:STATEMENTS_SOURCES
https://www.aib.ie/content/dam/frontdoor/investorrelations/docs/resultscentre/annualreport/2024/aib-group-uk-plc-annual-financial-report-2024.pdf	live	pdf	build_aib_uk.py:-;build_aib_uk.py:AR2024_URL;build_aib_uk.py:BALANCE_SHEET_SOURCES;build_aib_uk.py:RWA_BREAKDOWN_SOURCES
https://www.aib.ie/content/dam/frontdoor/investorrelations/docs/resultscentre/annualreport/2025/aib-group-uk-plc-annual-financial-report-2025.pdf	live	pdf	build_aib_uk.py:-;build_aib_uk.py:AR2025_URL;build_aib_uk.py:ASSET_QUALITY_SOURCES;build_aib_uk.py:BALANCE_SHEET_SOURCES;build_aib_uk.py:EQUITY_CHANGES_SOURCES;build_aib_uk.py:INCOME_STATEMENT_SOURCES;build_aib_uk.py:RWA_BREAKDOWN_SOURCES
https://www.aldermore.co.uk/media/0wylhhas/pillar-3-fy-2026-aldermore-group.pdf	live	pdf	build_aldermore.py:-;build_aldermore.py:P3_2026_URL;build_aldermore.py:RWA_BREAKDOWN_SOURCES
https://www.aldermore.co.uk/media/2prbumkj/aldermore-group-plc-pillar-3-disclosure-document-at-30-june-2019.pdf	live	pdf	build_aldermore.py:-;build_aldermore.py:P3_2019_URL;build_aldermore.py:RWA_BREAKDOWN_SOURCES
https://www.aldermore.co.uk/media/hnhpw03l/pillar-3-2022_0.pdf	live	pdf	build_aldermore.py:-;build_aldermore.py:P3_2022_URL;build_aldermore.py:RWA_BREAKDOWN_SOURCES
https://www.aldermore.co.uk/media/jkkdbgnu/aldermore-group-plc-2024-pillar-3-disclosures.pdf	live	pdf	build_aldermore.py:-;build_aldermore.py:P3_2024_URL;build_aldermore.py:RWA_BREAKDOWN_SOURCES
https://www.aldermore.co.uk/media/ot5axgnp/pillar-3-disclosure-dec-2015.pdf	live	pdf	build_aldermore.py:-;build_aldermore.py:P3_2015_URL;build_aldermore.py:RWA_BREAKDOWN_SOURCES
https://www.aldermore.co.uk/media/sgufisw5/aldermore-group-plc-2025-pillar-3-disclosures.pdf	live	pdf	build_aldermore.py:-;build_aldermore.py:P3_2025_URL;build_aldermore.py:RWA_BREAKDOWN_SOURCES
https://www.aldermore.co.uk/media/tsybnoau/ara-fy-2026-aldermore-group.pdf	live	pdf	build_aldermore.py:-;build_aldermore.py:ARA_2026_URL
https://www.aldermore.co.uk/media/xx1fg0me/half-year-pillar-3-disclosures-31-dec-2025.pdf	live	pdf	build_aldermore.py:-;build_aldermore.py:INTERIM_P3_2025_URL
https://www.allica.bank/hubfs/Allica%20Bank%20Limited_Pillar%203%20Report%20_Year-ended%2031%20December%202023.pdf	live	pdf	build_allica.py:-;build_allica.py:P3_2023_URL;build_allica.py:RWA_BREAKDOWN_SOURCES
https://www.allica.bank/hubfs/Allica-Bank_Annual-report_2023.pdf	live	pdf	build_allica.py:-;build_allica.py:AR2023_URL;build_allica.py:ASSET_QUALITY_SOURCES;build_allica.py:BALANCE_SHEET_SOURCES;build_allica.py:CASH_FLOW_SOURCES;build_allica.py:ENTITY_NOTE;build_allica.py:EQUITY_CHANGES_SOURCES;build_allica.py:INCOME_STATEMENT_SOURCES
https://www.allica.bank/hubfs/pdf/Pillar-3-Report-2024_Allica.pdf	live	pdf	build_allica.py:-;build_allica.py:P3_2024_URL;build_allica.py:RWA_BREAKDOWN_SOURCES
https://www.allica.bank/hubfs/pdf/Pillar-3-Report-2025_Allica.pdf	live	pdf	build_allica.py:-;build_allica.py:P3_2025_URL;build_allica.py:RWA_BREAKDOWN_SOURCES
https://www.allica.bank/hubfs/pdf/allica-bank_annual-report-2025.pdf	live	pdf	build_allica.py:-;build_allica.py:AR2025_URL;build_allica.py:ASSET_QUALITY_SOURCES;build_allica.py:BALANCE_SHEET_SOURCES;build_allica.py:CASH_FLOW_SOURCES;build_allica.py:ENTITY_NOTE;build_allica.py:EQUITY_CHANGES_SOURCES;build_allica.py:INCOME_STATEMENT_SOURCES
https://www.allica.bank/hubfs/pdf/web/investor-relations/Allica_Bank-Annual_Report-2022.pdf	live	pdf	build_allica.py:-;build_allica.py:AR2022_URL;build_allica.py:ASSET_QUALITY_SOURCES;build_allica.py:BALANCE_SHEET_SOURCES;build_allica.py:CASH_FLOW_SOURCES;build_allica.py:ENTITY_NOTE;build_allica.py:EQUITY_CHANGES_SOURCES;build_allica.py:INCOME_STATEMENT_SOURCES
https://www.allica.bank/hubfs/pdf/web/investor-relations/Allica_Bank_Pillar_3_disclosure_2020.pdf	live	pdf	build_allica.py:-;build_allica.py:P3_2020_URL;build_allica.py:RWA_BREAKDOWN_SOURCES
https://www.allica.bank/hubfs/pdf/web/investor-relations/Allica_Bank_Pillar_3_disclosure_2022.pdf	live	pdf	build_allica.py:-;build_allica.py:P3_2022_URL;build_allica.py:RWA_BREAKDOWN_SOURCES
https://www.alphabanklondon.co.uk/sites/default/files/2025-10/ABL%20Financial%20Statements%202019.pdf	live	pdf	build_alpha_bank_london.py:-;build_alpha_bank_london.py:AR19_URL;build_alpha_bank_london.py:ASSET_QUALITY_SOURCES;build_alpha_bank_london.py:BALANCE_SHEET_SOURCES;build_alpha_bank_london.py:CASH_FLOW_SOURCES;build_alpha_bank_london.py:ENTITY_NOTE;build_alpha_bank_london.py:EQUITY_CHANGES_SOURCES;build_alpha_bank_london.py:INCOME_STATEMENT_SOURCES;build_alpha_bank_london.py:LINK_PROVENANCE;build_alpha_bank_london.py:RWA_BREAKDOWN_SOURCES
https://www.alphabanklondon.co.uk/sites/default/files/2025-10/ABL-Financial-Statements-2020.pdf	live	pdf	build_alpha_bank_london.py:-;build_alpha_bank_london.py:AR20_URL;build_alpha_bank_london.py:ASSET_QUALITY_SOURCES;build_alpha_bank_london.py:BALANCE_SHEET_SOURCES;build_alpha_bank_london.py:CASH_FLOW_SOURCES;build_alpha_bank_london.py:ENTITY_NOTE;build_alpha_bank_london.py:EQUITY_CHANGES_SOURCES;build_alpha_bank_london.py:INCOME_STATEMENT_SOURCES;build_alpha_bank_london.py:LINK_PROVENANCE;build_alpha_bank_london.py:RWA_BREAKDOWN_SOURCES
https://www.alrayanbank.co.uk/sites/default/files/media/file-uploads/2021-07/2020_pillar_3_disclosures_-_final.pdf	live	pdf	build_alrayan.py:-;build_alrayan.py:P3_2020_URL
https://www.alrayanbank.co.uk/sites/default/files/media/file-uploads/2022-10/inv-rep-2021-pillar-3.pdf	live	pdf	build_alrayan.py:-;build_alrayan.py:P3_2021_URL
https://www.alrayanbank.co.uk/sites/default/files/media/file-uploads/2024-08/pb7703_al_rayan_pillar_3_disclosures_2023_v2.pdf	live	pdf	build_alrayan.py:-;build_alrayan.py:P3_2023_URL
https://www.alrayanbank.co.uk/sites/default/files/media/file-uploads/2025-04/04a_-_arb_financial_statements_fy_31-12-2024_-_signed_ey.cleaned.pdf	live	pdf	build_alrayan.py:-;build_alrayan.py:AR2024_URL;build_alrayan.py:CASH_FLOW_SOURCES
https://www.alrayanbank.co.uk/sites/default/files/media/file-uploads/2025-09/alrayan_pillar_3_disclosures_2024_web_-_010925.pdf	live	pdf	build_alrayan.py:-;build_alrayan.py:P3_2024_URL
https://www.alrayanbank.co.uk/sites/default/files/media/file-uploads/2026-09/pb8084_alrayan_pillar_3_disclosures_2025.pdf	live	pdf	build_alrayan.py:-;build_alrayan.py:P3_2025_URL
https://www.arbuthnotlatham.co.uk/sites/default/files/documents/ABG-Pillar-3-Disclosures-2026-Interim.pdf	live	pdf	build_arbuthnot_latham.py:-;build_arbuthnot_latham.py:P3_H1_2026_URL
https://www.arbuthnotlatham.co.uk/sites/default/files/documents/ABG_Pillar_3_Disclosures_2021_Annual.pdf	live	pdf	build_arbuthnot_latham.py:-;build_arbuthnot_latham.py:P3_2021_URL
https://www.arbuthnotlatham.co.uk/sites/default/files/documents/ABG_Pillar_3_Disclosures_2022_Final.pdf	live	pdf	build_arbuthnot_latham.py:-;build_arbuthnot_latham.py:P3_2022_URL
https://www.arbuthnotlatham.co.uk/sites/default/files/documents/ABG_Pillar_3_Disclosures_2023_Final.pdf	live	pdf	build_arbuthnot_latham.py:-;build_arbuthnot_latham.py:P3_2023_URL
https://www.arbuthnotlatham.co.uk/sites/default/files/documents/ABG_Report_and_Accounts_Final_2017.pdf	live	pdf	build_arbuthnot_latham.py:-;build_arbuthnot_latham.py:AR2017_URL
https://www.arbuthnotlatham.co.uk/sites/default/files/documents/ABG_Report_and_Accounts_Final_2017.pdf)	live	-	build_arbuthnot_latham.py:-;build_arbuthnot_latham.py:BALANCE_SHEET_SOURCES;build_arbuthnot_latham.py:FY2017_BASIS_NOTE;build_arbuthnot_latham.py:INCOME_STATEMENT_SOURCES
https://www.arbuthnotlatham.co.uk/sites/default/files/documents/abg-pillar-3-disclosures-december-24.pdf	live	pdf	build_arbuthnot_latham.py:-;build_arbuthnot_latham.py:P3_2024_URL
https://www.atombank.co.uk/~/docs/atom-holdco-limited-pillar-3.pdf	live	pdf	build_atom_bank.py:-;build_atom_bank.py:P3_FY24_URL
https://www.atombank.co.uk/~/docs/pillar-3-disclosures-20-21.pdf	live	pdf	build_atom_bank.py:-;build_atom_bank.py:P3_FY21_URL
https://www.atombank.co.uk/~/docs/pillar-3-disclosures-21-22.pdf	live	pdf	build_atom_bank.py:-;build_atom_bank.py:P3_FY22_URL;build_atom_bank.py:RWA_BREAKDOWN_SOURCES
https://www.atombank.co.uk/~/docs/pillar-3-disclosures-22-23.pdf	live	pdf	build_atom_bank.py:-;build_atom_bank.py:P3_FY23_URL;build_atom_bank.py:RWA_BREAKDOWN_SOURCES
https://www.atombank.co.uk/~/docs/pillar-3-disclosures-24-25.pdf	live	pdf	build_atom_bank.py:-;build_atom_bank.py:P3_FY25_URL;build_atom_bank.py:RWA_BREAKDOWN_SOURCES
https://www.bank-abc.com/en/CountrySites/Europe/London/Financial-Info/Basel%20Pillars/ABCIB%20Pillar%203%20final%20Board%202024%20.pdf	live	pdf	build_abc_international_bank.py:-;build_abc_international_bank.py:P3_2024_URL;build_abc_international_bank.py:RWA_BREAKDOWN_SOURCES
https://www.bank-abc.com/en/CountrySites/Europe/London/Financial-Info/Basel%20Pillars/ABCIB-Pillar3Disclosure-2020.pdf	live	pdf	build_abc_international_bank.py:-;build_abc_international_bank.py:P3_2020_URL;build_abc_international_bank.py:RWA_BREAKDOWN_SOURCES
https://www.bank-abc.com/en/CountrySites/Europe/London/Financial-Info/Basel%20Pillars/ABCIB-Pillar3Disclosure-2021.pdf	live	pdf	build_abc_international_bank.py:-;build_abc_international_bank.py:P3_2021_URL
https://www.bank-abc.com/en/CountrySites/Europe/London/Financial-Info/Basel%20Pillars/ABCIB-Pillar3Disclosure-2022.pdf	live	pdf	build_abc_international_bank.py:-;build_abc_international_bank.py:P3_2022_URL
https://www.bank-abc.com/en/CountrySites/Europe/London/Financial-Info/Basel%20Pillars/ABCIB-Pillar3Disclosure2019-postBRC.pdf	live	pdf	build_abc_international_bank.py:-;build_abc_international_bank.py:P3_2019_URL;build_abc_international_bank.py:RWA_BREAKDOWN_SOURCES
https://www.bank-abc.com/en/CountrySites/Europe/London/Financial-Info/Basel%20Pillars/BH2407109%20-%20Bank%20ABC%20Pillar%203%20Disclosures%202023%20-%20Final%20website%20version.pdf	live	pdf	build_abc_international_bank.py:-;build_abc_international_bank.py:P3_2023_URL
https://www.bank-abc.com/en/CountrySites/Europe/London/Financial-Info/Basel%20Pillars/Bank-ABC-IB-Pillar-Report-2025.pdf	live	pdf	build_abc_international_bank.py:-;build_abc_international_bank.py:P3_2025_URL;build_abc_international_bank.py:RWA_BREAKDOWN_SOURCES
https://www.bank-abc.com/en/CountrySites/Europe/London/Financial-Info/Basel%20Pillars/Pillar-3-Disclosure-2018.pdf	live	pdf	build_abc_international_bank.py:-;build_abc_international_bank.py:P3_2017_URL;build_abc_international_bank.py:RWA_BREAKDOWN_SOURCES
https://www.bank-abc.com/en/CountrySites/Europe/London/Financial-Info/Basel%20Pillars/Pillar-3-Disclosure_2018.pdf	live	pdf	build_abc_international_bank.py:-;build_abc_international_bank.py:P3_2018_URL;build_abc_international_bank.py:RWA_BREAKDOWN_SOURCES
https://www.bank-abc.com/en/ShareholderRelations/Annual%20Reports/ABC%20IB%20Annual%20Report%202024%20_%20Spreads%20for%20web.pdf	live	pdf	build_abc_international_bank.py:-;build_abc_international_bank.py:AR2023_URL;build_abc_international_bank.py:AR2024_URL;build_abc_international_bank.py:ASSET_QUALITY_SOURCES;build_abc_international_bank.py:BALANCE_SHEET_SOURCES;build_abc_international_bank.py:CASH_FLOW_SOURCES;build_abc_international_bank.py:EQUITY_CHANGES_SOURCES;build_abc_international_bank.py:EXEMPTION_NOTE;build_abc_international_bank.py:INCOME_STATEMENT_SOURCES
https://www.bank-abc.com/en/ShareholderRelations/Annual%20Reports/ABCIB%20Annual%20Report%202014.pdf	live	pdf	build_abc_international_bank.py:-;build_abc_international_bank.py:AR2014_URL;build_abc_international_bank.py:ASSET_QUALITY_SOURCES;build_abc_international_bank.py:BALANCE_SHEET_SOURCES;build_abc_international_bank.py:EQUITY_CHANGES_SOURCES;build_abc_international_bank.py:INCOME_STATEMENT_SOURCES
https://www.bank-abc.com/en/ShareholderRelations/Annual%20Reports/ABCIB%20Annual%20Report%202019.pdf	live	pdf	build_abc_international_bank.py:-;build_abc_international_bank.py:AR2019_URL;build_abc_international_bank.py:ASSET_QUALITY_SOURCES;build_abc_international_bank.py:BALANCE_SHEET_SOURCES;build_abc_international_bank.py:EQUITY_CHANGES_SOURCES;build_abc_international_bank.py:INCOME_STATEMENT_SOURCES
https://www.bank-abc.com/en/ShareholderRelations/Annual%20Reports/ABCIB%20Annual%20Report%202022.pdf	live	pdf	build_abc_international_bank.py:-;build_abc_international_bank.py:AR2022B_URL;build_abc_international_bank.py:AR2022_URL;build_abc_international_bank.py:ASSET_QUALITY_SOURCES;build_abc_international_bank.py:BALANCE_SHEET_SOURCES;build_abc_international_bank.py:EQUITY_CHANGES_SOURCES;build_abc_international_bank.py:INCOME_STATEMENT_SOURCES;build_abc_international_bank.py:RWA_BREAKDOWN_SOURCES
https://www.bank-abc.com/en/ShareholderRelations/Annual%20Reports/ABCIB_Annual_Report_2020.pdf	live	pdf	build_abc_international_bank.py:-;build_abc_international_bank.py:AR2020_URL;build_abc_international_bank.py:ASSET_QUALITY_SOURCES;build_abc_international_bank.py:BALANCE_SHEET_SOURCES;build_abc_international_bank.py:EQUITY_CHANGES_SOURCES;build_abc_international_bank.py:INCOME_STATEMENT_SOURCES
https://www.bank-abc.com/en/ShareholderRelations/Annual%20Reports/Bank%20ABC%20Europe%202018%20Annual%20Report.pdf	live	pdf	build_abc_international_bank.py:-;build_abc_international_bank.py:AR2018_URL
https://www.bankofafricaunitedkingdom.co.uk/finances.html	live	-	build_bank_of_africa_uk.py:-;build_bank_of_africa_uk.py:BOA_FINANCES_URL
https://www.bankofafricaunitedkingdom.co.uk/pdfs/finances/BMCE___Pillar_3_disclosures____2015.pdf	live	pdf	build_bank_of_africa_uk.py:-;build_bank_of_africa_uk.py:P3_2015_URL
https://www.bankofafricaunitedkingdom.co.uk/pdfs/finances/BMCE___Pillar_III_VF___31122017.pdf	live	pdf	build_bank_of_africa_uk.py:-;build_bank_of_africa_uk.py:P3_2017_URL;build_bank_of_africa_uk.py:RWA_BREAKDOWN_SOURCES
https://www.bankofafricaunitedkingdom.co.uk/pdfs/finances/BOA_UK_Pillar_III_2022.pdf	live	pdf	build_bank_of_africa_uk.py:-;build_bank_of_africa_uk.py:P3_2022_URL;build_bank_of_africa_uk.py:RWA_BREAKDOWN_SOURCES
https://www.bankofafricaunitedkingdom.co.uk/pdfs/finances/Pillar3-Disclosures-2023.pdf	live	pdf	build_bank_of_africa_uk.py:-;build_bank_of_africa_uk.py:P3_2023_URL;build_bank_of_africa_uk.py:RWA_BREAKDOWN_SOURCES
https://www.bankofafricaunitedkingdom.co.uk/pdfs/finances/Pillar3-Disclosures-2024.pdf	live	pdf	build_bank_of_africa_uk.py:-;build_bank_of_africa_uk.py:P3_2024_URL;build_bank_of_africa_uk.py:RWA_BREAKDOWN_SOURCES
https://www.bankofafricaunitedkingdom.co.uk/pdfs/finances/Pillar3-Disclosures-2024.pdf)	live	-	build_bank_of_africa_uk.py:-
https://www.bankofbeirut.co.uk/Content/Uploads/AnnualReport/Annual%20Report%20and%20Financial%20Statements%202023%20-%20for%20publishing240429124230700~.pdf	live	pdf	build_bank_of_beirut_uk.py:-;build_bank_of_beirut_uk.py:AR2023_URL;build_bank_of_beirut_uk.py:ASSET_QUALITY_SOURCES;build_bank_of_beirut_uk.py:CASH_FLOW_SOURCES;build_bank_of_beirut_uk.py:STATEMENT_SOURCES
https://www.bankofbeirut.co.uk/Content/Uploads/AnnualReport/Annual%20Report%20and%20Financial%20Statements%202024%20-%20Final%20-%20for%20publishing250506021233950~.pdf	live	pdf	build_bank_of_beirut_uk.py:-;build_bank_of_beirut_uk.py:AR2024_URL
https://www.bankofbeirut.co.uk/Content/uploads/Announcement/Bank_of_Beirut_UK_Ltd_-_Pillar_III_Disclosures_-_31DEC2022_-_Final.pdf	live	pdf	build_bank_of_beirut_uk.py:-;build_bank_of_beirut_uk.py:P3_2022_URL;build_bank_of_beirut_uk.py:RWA_BREAKDOWN_SOURCES
https://www.bankofbeirut.co.uk/Content/uploads/Announcement/Bank_of_Beirut_UK_Ltd_-_Pillar_III_Disclosures_-_31_December_2023.pdf	live	pdf	build_bank_of_beirut_uk.py:-;build_bank_of_beirut_uk.py:P3_2023_URL;build_bank_of_beirut_uk.py:RWA_BREAKDOWN_SOURCES
https://www.bankofbeirut.co.uk/Content/uploads/Announcement/bob-disclosures3-2024.pdf	live	pdf	build_bank_of_beirut_uk.py:-;build_bank_of_beirut_uk.py:P3_2024_URL
https://www.bankofbeirut.co.uk/Content/uploads/AnnualReport/Annual_Report_and_Financial_Statements_2025_-_for_publishing.pdf	live	pdf	build_bank_of_beirut_uk.py:-;build_bank_of_beirut_uk.py:AR2025_URL;build_bank_of_beirut_uk.py:ASSET_QUALITY_SOURCES;build_bank_of_beirut_uk.py:CASH_FLOW_SOURCES;build_bank_of_beirut_uk.py:STATEMENT_SOURCES
https://www.bankofbeirut.co.uk/Content/uploads/AnnualReport/Bank_of_beirut_UK_Annual_Report_-_2021_.pdf	live	pdf	build_bank_of_beirut_uk.py:-;build_bank_of_beirut_uk.py:AR2021_URL;build_bank_of_beirut_uk.py:ASSET_QUALITY_SOURCES;build_bank_of_beirut_uk.py:CASH_FLOW_SOURCES;build_bank_of_beirut_uk.py:STATEMENT_SOURCES
https://www.bankofbeirut.co.uk/Content/uploads/PillarDisclosure/Bank_of_Beirut_UK_Ltd_-_Pillar_III_Disclosures_-_31_December_2025.pdf	live	pdf	build_bank_of_beirut_uk.py:-;build_bank_of_beirut_uk.py:P3_2025_URL;build_bank_of_beirut_uk.py:RWA_BREAKDOWN_SOURCES
https://www.bankofbeirut.co.uk/content/uploads/AnnualReport/bankofbeirut-uk2017-annualreport180614103530638~.pdf	live	pdf	build_bank_of_beirut_uk.py:-;build_bank_of_beirut_uk.py:AR2017_URL;build_bank_of_beirut_uk.py:CASH_FLOW_SOURCES;build_bank_of_beirut_uk.py:STATEMENT_SOURCES
https://www.bankofceylon.co.uk/downloads/corporate/BOCUK_Financial_statements_2022.pdf	live	pdf	build_bank_of_ceylon_uk.py:-
https://www.bankofceylon.co.uk/downloads/corporate/BOCUK_Pillar%203%20Disclosures%2031%20December%202018.pdf	live	pdf	build_bank_of_ceylon_uk.py:-;build_bank_of_ceylon_uk.py:P3_2018_URL;build_bank_of_ceylon_uk.py:RWA_BREAKDOWN_SOURCES
https://www.bankofceylon.co.uk/downloads/corporate/BOCUK_Pillar%203%20Disclosures%2031%20December%202019.pdf	live	pdf	build_bank_of_ceylon_uk.py:-;build_bank_of_ceylon_uk.py:P3_2019_URL;build_bank_of_ceylon_uk.py:RWA_BREAKDOWN_SOURCES
https://www.bankofceylon.co.uk/downloads/corporate/BOCUK_Pillar%203%20Disclosures%2031%20December%202020.pdf	live	pdf	build_bank_of_ceylon_uk.py:-;build_bank_of_ceylon_uk.py:P3_2020_URL;build_bank_of_ceylon_uk.py:RWA_BREAKDOWN_SOURCES
https://www.bankofceylon.co.uk/downloads/corporate/BOCUK_Pillar%203%20Disclosures%2031%20December%202021.pdf	live	pdf	build_bank_of_ceylon_uk.py:-;build_bank_of_ceylon_uk.py:P3_2021_URL;build_bank_of_ceylon_uk.py:RWA_BREAKDOWN_SOURCES
https://www.bankofceylon.co.uk/downloads/corporate/BOCUK_Pillar%203%20Disclosures%2031%20December%202024.pdf	live	pdf	build_bank_of_ceylon_uk.py:-;build_bank_of_ceylon_uk.py:P3_2024_URL;build_bank_of_ceylon_uk.py:RWA_BREAKDOWN_SOURCES
https://www.bankofceylon.co.uk/downloads/corporate/BOCUK_Pillar%203%20Disclosures%2031%20December%202025.pdf	live	pdf	build_bank_of_ceylon_uk.py:-;build_bank_of_ceylon_uk.py:P3_2025_URL;build_bank_of_ceylon_uk.py:RWA_BREAKDOWN_SOURCES
https://www.bankofchina.com/uk/aboutus/ab5/202303/P020230315381669571541.pdf	live	pdf	build_bank_of_china_uk.py:-;build_bank_of_china_uk.py:P3_2021_URL;build_bank_of_china_uk.py:RWA_BREAKDOWN_SOURCES
https://www.bankofchina.com/uk/aboutus/ab5/202310/P020231026347190320350.pdf	live	pdf	build_bank_of_china_uk.py:-;build_bank_of_china_uk.py:P3_2022_URL;build_bank_of_china_uk.py:RWA_BREAKDOWN_SOURCES
https://www.bankofchina.com/uk/aboutus/ab5/202410/P020241008402737321677.pdf	live	pdf	build_bank_of_china_uk.py:-;build_bank_of_china_uk.py:P3_2023_URL;build_bank_of_china_uk.py:RWA_BREAKDOWN_SOURCES
https://www.bankofchina.com/uk/aboutus/ab5/202507/P020250718380587744231.pdf	live	pdf	build_bank_of_china_uk.py:-;build_bank_of_china_uk.py:P3_2024_URL;build_bank_of_china_uk.py:RWA_BREAKDOWN_SOURCES
https://www.bankofengland.co.uk/-/media/boe/files/prudential-regulation/authorisations/waivers-and-modifications-of-rules/consolidated-waivers-pra-firms.csv	live	-	build_arab_bank_europe.py:-;build_arab_bank_europe.py:RWA_NOT_DISCLOSED_NOTE;build_birmingham_bank.py:-;build_caf_bank.py:-;build_caf_bank.py:ASSET_QUALITY_SOURCES;build_caf_bank.py:CASH_FLOW_SOURCES;build_caf_bank.py:ENTITY_NOTE;build_caf_bank.py:STATEMENTS_SOURCES;build_castle_trust.py:-;build_charity_bank.py:-;build_charity_bank.py:PILLAR3_NOTE;build_charity_bank.py:PRA_WAIVERS_CSV;build_charity_bank.py:RWA_BREAKDOWN_SOURCES;build_cynergy_bank.py:-;build_df_capital.py:-;build_df_capital.py:CASH_FLOW_SOURCES;build_df_capital.py:ENTITY_NOTE;build_df_capital.py:STATEMENTS_SOURCES;build_griffin_bank.py:-;build_kingdom_bank.py:-;build_kingdom_bank.py:NOT_DISCLOSED_NOTE;build_kingdom_bank.py:PRA_WAIVERS_URL;build_kroo_bank.py:-;build_methodist_chapel_aid.py:-;build_methodist_chapel_aid.py:PRA_WAIVERS_CSV;build_methodist_chapel_aid.py:SDDT_NOTE;build_oxbury.py:-;build_perenna.py:-;build_philippine_national_bank_europe.py:-;build_philippine_national_bank_europe.py:P3_SOURCES;build_secure_trust.py:-;build_secure_trust.py:SDDT_NSFR_NOTE;build_streambank.py:-;build_this_bank.py:-;build_vanquis.py:-;build_vida.py:-
https://www.bankofengland.co.uk/-/media/boe/files/prudential-regulation/authorisations/waivers-and-modifications-of-rules/consolidated-waivers-pra-firms.csv)	live	-	build_cambridge_and_counties.py:-;build_cambridge_and_counties.py:ASSET_QUALITY_SOURCES;build_cambridge_and_counties.py:CASH_FLOW_SOURCES;build_cambridge_and_counties.py:ENTITY_NOTE;build_cambridge_and_counties.py:RWA_BREAKDOWN_SOURCES;build_cambridge_and_counties.py:STATEMENTS_SOURCES;build_chetwood.py:-;build_chetwood.py:FY2024_GAP_NOTE;build_julian_hodge_bank.py:-;build_julian_hodge_bank.py:BASIS_NOTE;build_monument_bank.py:-;build_monument_bank.py:P3_SOURCES;build_triodos.py:-;build_triodos.py:ASSET_QUALITY_SOURCES;build_triodos.py:BALANCE_SHEET_SOURCES;build_triodos.py:CASH_FLOW_SOURCES;build_triodos.py:ENTITY_NOTE;build_triodos.py:RWA_BREAKDOWN_SOURCES;build_triodos.py:STATEMENTS_SOURCES
https://www.bankofengland.co.uk/-/media/boe/files/prudential-regulation/policy-statement/2021/october/ps2121.pdf	live	pdf	build_aib_uk.py:-
https://www.bankofengland.co.uk/-/media/boe/files/prudential-regulation/regulatory-action/2026/final-notice-bol-and-oplyse-holdings-limited.pdf	live	pdf	build_bank_of_london.py:-;build_bank_of_london.py:ASSET_QUALITY_SOURCES;build_bank_of_london.py:BALANCE_SHEET_SOURCES;build_bank_of_london.py:CASH_FLOW_SOURCES;build_bank_of_london.py:CET1_CAPITAL_SOURCES;build_bank_of_london.py:EQUITY_CHANGES_SOURCES;build_bank_of_london.py:INCOME_STATEMENT_SOURCES;build_bank_of_london.py:NOT_DISCLOSED_SOURCES;build_bank_of_london.py:PRA_NOTICE_URL;build_bank_of_london.py:REGULATORY_NOTE
https://www.bankofengland.co.uk/prudential-regulation/authorisations/which-firms-does-the-pra-regulate	live	-	build_schroder.py:-;build_schroder.py:CASH_SOURCES;build_schroder.py:PRA_URL;build_schroder.py:STATEMENTS_SOURCES;build_weatherbys.py:-;build_weatherbys.py:PRA_URL
https://www.bankofirelanduk.com/app/uploads/2017/04/Annual-Report-UK-2021.pdf	live	pdf	build_bank_of_ireland.py:-;build_bank_of_ireland.py:AR2021_URL;build_bank_of_ireland.py:ASSET_QUALITY_SOURCES;build_bank_of_ireland.py:BALANCE_SHEET_SOURCES;build_bank_of_ireland.py:CASH_FLOW_SOURCES;build_bank_of_ireland.py:EQUITY_CHANGES_SOURCES;build_bank_of_ireland.py:INCOME_STATEMENT_SOURCES
https://www.bankofirelanduk.com/app/uploads/BOI-UK-Annual-Report-2022.pdf	live	pdf	build_bank_of_ireland.py:-;build_bank_of_ireland.py:AR2022_URL;build_bank_of_ireland.py:ASSET_QUALITY_SOURCES;build_bank_of_ireland.py:BALANCE_SHEET_SOURCES;build_bank_of_ireland.py:CASH_FLOW_SOURCES;build_bank_of_ireland.py:EQUITY_CHANGES_SOURCES;build_bank_of_ireland.py:INCOME_STATEMENT_SOURCES
https://www.bankofirelanduk.com/app/uploads/annual-report_2025_boi-uk.pdf	live	pdf	build_bank_of_ireland.py:-;build_bank_of_ireland.py:AR2025_URL;build_bank_of_ireland.py:ASSET_QUALITY_SOURCES;build_bank_of_ireland.py:BALANCE_SHEET_SOURCES;build_bank_of_ireland.py:CASH_FLOW_SOURCES;build_bank_of_ireland.py:EQUITY_CHANGES_SOURCES;build_bank_of_ireland.py:INCOME_STATEMENT_SOURCES
https://www.banksepah.co.uk/uploads/documents/Pillar-3-Disclosures-31-March-2021.pdf	live	pdf	build_bank_sepah_international.py:-;build_bank_sepah_international.py:P3_2021_URL
https://www.banksepah.co.uk/uploads/documents/Pillar3Disclosureasat31March2025.pdf	live	pdf	build_bank_sepah_international.py:-;build_bank_sepah_international.py:P3_2025_URL
https://www.banksepah.co.uk/uploads/documents/Pillar3Disclosuresasat31March2024.pdf	live	pdf	build_bank_sepah_international.py:-;build_bank_sepah_international.py:P3_2024_URL
https://www.banksepah.co.uk/uploads/documents/Pillar_3_Disclosures_31_March_2022.pdf	live	pdf	build_bank_sepah_international.py:-;build_bank_sepah_international.py:P3_2022_URL
https://www.banksepah.co.uk/uploads/documents/Pillar_3_Disclosures_31_March_2023.pdf	live	pdf	build_bank_sepah_international.py:-;build_bank_sepah_international.py:P3_2023_URL
https://www.birminghambank.com/hubfs/Birmingham%20Bank%202024%20Theme/PDFs/09i-Pillar-3-Disclosures-Report-as-at-140425.pdf	live	pdf	build_birmingham_bank.py:-;build_birmingham_bank.py:P3_URL
https://www.birminghambank.com/wp-content/uploads/Birmingham-Bank-Pillar-3-Disclosures-2022-final.pdf	live	pdf	build_birmingham_bank.py:-;build_birmingham_bank.py:P3_2023_URL
https://www.bkmandiri.co.uk/media/2024/12/BMEL-Annual-Report-2021.pdf	live	pdf	build_bank_mandiri_europe.py:-;build_bank_mandiri_europe.py:SITE_AR2021_URL
https://www.bkmandiri.co.uk/media/2024/12/BMEL-Annual-Report-2022.pdf	live	pdf	build_bank_mandiri_europe.py:-;build_bank_mandiri_europe.py:SITE_AR2022_URL
https://www.bkmandiri.co.uk/media/2024/12/BMEL-Annual-Report-2023.pdf	live	pdf	build_bank_mandiri_europe.py:-;build_bank_mandiri_europe.py:SITE_AR2023_URL
https://www.bkmandiri.co.uk/media/2025/04/BMEL-Annual-Report-2024.pdf	live	pdf	build_bank_mandiri_europe.py:-;build_bank_mandiri_europe.py:SITE_AR2024_URL
https://www.bkmandiri.co.uk/media/2026/04/BMEL-Annual-Report-2025.pdf	live	pdf	build_bank_mandiri_europe.py:-;build_bank_mandiri_europe.py:SITE_AR2025_URL
https://www.blme.com/media/1356/2014-pillar-iii-disclosures.pdf	live	pdf	build_blme.py:-;build_blme.py:P32014_URL
https://www.blme.com/media/1454/2015-pillar-iii-disclosures-blme-plc.pdf	live	pdf	build_blme.py:-;build_blme.py:P32015_URL
https://www.blme.com/media/1498/blme-plc-financial-statements-31-december-2015.pdf	live	pdf	build_blme.py:-;build_blme.py:CASH_FLOW_SOURCES;build_blme.py:FS2015_URL;build_blme.py:INVESTMENT_SECURITIES_BREAKDOWN_NOTE;build_blme.py:STATEMENTS_SOURCES
https://www.blme.com/media/1539/2016-financial-statements-blme-plc.pdf	live	pdf	build_blme.py:-;build_blme.py:CASH_FLOW_SOURCES;build_blme.py:FS2016_URL;build_blme.py:STATEMENTS_SOURCES
https://www.blme.com/media/1547/pillar-iii-2016-disclosures-blme-plc.pdf	live	pdf	build_blme.py:-;build_blme.py:P32016_URL;build_blme.py:RWA_SOURCES
https://www.blme.com/media/1630/2014-financial-statements-blme-plc.pdf	live	pdf	build_blme.py:-;build_blme.py:CASH_FLOW_SOURCES;build_blme.py:FS2014_URL;build_blme.py:RWA_SOURCES;build_blme.py:STATEMENTS_SOURCES
https://www.blme.com/media/1634/2017-financial-statements-blme-plc.pdf	live	pdf	build_blme.py:-;build_blme.py:CASH_FLOW_SOURCES;build_blme.py:FS2017_URL;build_blme.py:INVESTMENT_SECURITIES_BREAKDOWN_NOTE;build_blme.py:STATEMENTS_SOURCES
https://www.blme.com/media/1649/2017-pillar-3-disclosure.pdf	live	pdf	build_blme.py:-;build_blme.py:P32017_URL;build_blme.py:RWA_SOURCES
https://www.blme.com/media/1722/2018-financial-statements-blme-plc.pdf	live	pdf	build_blme.py:-;build_blme.py:CASH_FLOW_SOURCES;build_blme.py:FS2018_URL;build_blme.py:STATEMENTS_SOURCES
https://www.blme.com/media/1728/2018-pillar-iii-disclosure.pdf	live	pdf	build_blme.py:-;build_blme.py:P32018_URL;build_blme.py:RWA_SOURCES
https://www.blme.com/media/1852/blme-plc-financial-statements-31-december-2019.pdf	live	pdf	build_blme.py:-;build_blme.py:CASH_FLOW_SOURCES;build_blme.py:FS2019_URL;build_blme.py:INVESTMENT_SECURITIES_BREAKDOWN_NOTE;build_blme.py:STATEMENTS_SOURCES
https://www.blme.com/media/1858/2019-pillar-iii-disclosure.pdf	live	pdf	build_blme.py:-;build_blme.py:P32019_URL;build_blme.py:RWA_SOURCES
https://www.blme.com/media/1911/2020-financial-statements-blme-plc.pdf	live	pdf	build_blme.py:-;build_blme.py:CASH_FLOW_SOURCES;build_blme.py:FS2020_URL;build_blme.py:STATEMENTS_SOURCES
https://www.blme.com/media/1921/pillar-3-disclosure-2020.pdf	live	pdf	build_blme.py:-;build_blme.py:P32020_URL;build_blme.py:RWA_SOURCES
https://www.blme.com/media/1964/blme-plc-fin-stats-31-december-2021-for-website.pdf	live	pdf	build_blme.py:-;build_blme.py:CASH_FLOW_SOURCES;build_blme.py:FS2021_URL;build_blme.py:INVESTMENT_SECURITIES_BREAKDOWN_NOTE;build_blme.py:STATEMENTS_SOURCES
https://www.blme.com/media/1997/2021-pillar-iii-disclosure.pdf	live	pdf	build_blme.py:-;build_blme.py:P32021_URL;build_blme.py:RWA_SOURCES
https://www.blme.com/media/2014/blme-plc-financial-statements-31-december-2022.pdf	live	pdf	build_blme.py:-;build_blme.py:CASH_FLOW_SOURCES;build_blme.py:FS2022_URL;build_blme.py:STATEMENTS_SOURCES
https://www.blme.com/media/2017/2022-pillar-iii-disclosure.pdf	live	pdf	build_blme.py:-;build_blme.py:P32022_URL;build_blme.py:RWA_SOURCES
https://www.blme.com/media/2j5fy4tv/blme-plc-financial-statements-31-december-2023.pdf	live	pdf	build_blme.py:-;build_blme.py:CASH_FLOW_SOURCES;build_blme.py:FS2023_URL;build_blme.py:INVESTMENT_SECURITIES_BREAKDOWN_NOTE;build_blme.py:STATEMENTS_SOURCES
https://www.blme.com/media/fluobg0d/2023-pillar-iii-disclosure.pdf	live	pdf	build_blme.py:-;build_blme.py:P32023_URL;build_blme.py:RWA_SOURCES
https://www.blme.com/media/jf2dbyrm/2025-pillar-iii-disclosure.pdf	live	pdf	build_blme.py:-;build_blme.py:P32025_URL;build_blme.py:RWA_SOURCES
https://www.blme.com/media/mhantsoh/2024-pillar-iii-disclosure.pdf	live	pdf	build_blme.py:-;build_blme.py:P32024_URL;build_blme.py:RWA_SOURCES
https://www.blme.com/media/rneds5db/blme-plc-financial-statements-31-december-2024.pdf	live	pdf	build_blme.py:-;build_blme.py:CASH_FLOW_SOURCES;build_blme.py:FS2024_URL;build_blme.py:STATEMENTS_SOURCES
https://www.blme.com/media/z0jd2sah/blme-plc-financial-statements-31-december-2025.pdf	live	pdf	build_blme.py:-;build_blme.py:CASH_FLOW_SOURCES;build_blme.py:FS2025_URL;build_blme.py:INVESTMENT_SECURITIES_BREAKDOWN_NOTE;build_blme.py:STATEMENTS_SOURCES
https://www.bnymellon.com/content/dam/bnymellon/documents/pdf/investor-relations/Signed-2025-BNYMIL-Financial-Statements.pdf	live	pdf	build_bny_mellon.py:-;build_bny_mellon.py:CASH_FLOW_SOURCES;build_bny_mellon.py:EXEMPTION_NOTE;build_bny_mellon.py:FS2025_URL;build_bny_mellon.py:INVESTMENT_SECURITIES_NOTE;build_bny_mellon.py:STATEMENTS_SOURCES
https://www.bnymellon.com/content/dam/bnymellon/documents/pdf/investor-relations/bnymil-financial-statement-2023.pdf	live	pdf	build_bny_mellon.py:-;build_bny_mellon.py:CASH_FLOW_SOURCES;build_bny_mellon.py:EXEMPTION_NOTE;build_bny_mellon.py:FS2023_URL;build_bny_mellon.py:INVESTMENT_SECURITIES_NOTE;build_bny_mellon.py:STATEMENTS_SOURCES
https://www.bnymellon.com/content/dam/bnymellon/documents/pdf/investor-relations/the-bank-of-new-york-mellon-international-limited-2016-pillar-3-disclosure.pdf	live	pdf	build_bny_mellon.py:-;build_bny_mellon.py:P3_2016_URL;build_bny_mellon.py:RWA_SOURCES
https://www.bnymellon.com/content/dam/bnymellon/documents/pdf/investor-relations/the-bank-of-new-york-mellon-international-limited-2017-pillar-3-disclosure.pdf	live	pdf	build_bny_mellon.py:-;build_bny_mellon.py:P3_2017_URL;build_bny_mellon.py:RWA_SOURCES
https://www.bnymellon.com/content/dam/bnymellon/documents/pdf/investor-relations/the-bank-of-new-york-mellon-international-limited-2018-pillar-3-disclosure.pdf	live	pdf	build_bny_mellon.py:-;build_bny_mellon.py:P3_2018_URL;build_bny_mellon.py:RWA_SOURCES
https://www.bnymellon.com/content/dam/bnymellon/documents/pdf/investor-relations/the-bank-of-new-york-mellon-international-limited-2019-pillar-3-disclosure.pdf	live	pdf	build_bny_mellon.py:-;build_bny_mellon.py:P3_2019_URL;build_bny_mellon.py:RWA_SOURCES
https://www.bnymellon.com/content/dam/bnymellon/documents/pdf/investor-relations/the-bank-of-new-york-mellon-international-limited-2020-pillar-3-disclosure.pdf	live	pdf	build_bny_mellon.py:-;build_bny_mellon.py:P3_2020_URL;build_bny_mellon.py:RWA_SOURCES
https://www.bnymellon.com/content/dam/bnymellon/documents/pdf/investor-relations/the-bank-of-new-york-mellon-international-limited-2021-pillar-3-disclosure.pdf	live	pdf	build_bny_mellon.py:-;build_bny_mellon.py:P3_2021_URL;build_bny_mellon.py:RWA_SOURCES
https://www.bnymellon.com/content/dam/bnymellon/documents/pdf/investor-relations/the-bank-of-new-york-mellon-international-limited-2022-pillar-3-disclosure.pdf	live	pdf	build_bny_mellon.py:-;build_bny_mellon.py:P3_2022_URL;build_bny_mellon.py:RWA_SOURCES
https://www.bnymellon.com/content/dam/bnymellon/documents/pdf/investor-relations/the-bank-of-new-york-mellon-international-limited-2023-pillar-3-disclosure.pdf	live	pdf	build_bny_mellon.py:-;build_bny_mellon.py:P3_2023_URL;build_bny_mellon.py:RWA_SOURCES
https://www.bnymellon.com/content/dam/bnymellon/documents/pdf/investor-relations/the-bank-of-new-york-mellon-international-limited-2024-pillar-3-disclosure.pdf	live	pdf	build_bny_mellon.py:-;build_bny_mellon.py:P3_2024_URL;build_bny_mellon.py:RWA_SOURCES
https://www.bnymellon.com/content/dam/bnymellon/documents/pdf/investor-relations/the-bank-of-new-york-mellon-international-limited-2025-pillar-3-disclosure.pdf	live	pdf	build_bny_mellon.py:-;build_bny_mellon.py:P3_2025_URL;build_bny_mellon.py:RWA_SOURCES
https://www.cafonline.org/docs/default-source/about-us-about-caf-bank/cafbank_pillar3_disclosure_2921d_250920.pdf	live	pdf	build_caf_bank.py:-;build_caf_bank.py:P3_2020_URL;build_caf_bank.py:PILLAR3_SOURCES
https://www.cafonline.org/docs/default-source/about-us-governance/caf_bank_pillar3_2021.pdf	live	pdf	build_caf_bank.py:-;build_caf_bank.py:P3_2021_URL;build_caf_bank.py:PILLAR3_SOURCES
https://www.cafonline.org/docs/default-source/about-us-governance/caf_bank_pillar3_2022.pdf	live	pdf	build_caf_bank.py:-;build_caf_bank.py:P3_2022_URL;build_caf_bank.py:PILLAR3_SOURCES
https://www.cafonline.org/docs/default-source/about-us-governance/caf_bank_pillar_ar_2023.pdf	live	pdf	build_caf_bank.py:-;build_caf_bank.py:P3_2023_URL;build_caf_bank.py:PILLAR3_SOURCES
https://www.cafonline.org/docs/default-source/annual-reports/caf-bank-pillar-3-disclosure-2023_2024.pdf	live	pdf	build_caf_bank.py:-;build_caf_bank.py:P3_2024_URL;build_caf_bank.py:PILLAR3_SOURCES
https://www.cafonline.org/home/caf-bank/about-us/legal-information/pillar-3-disclosure	live	-	build_caf_bank.py:-;build_caf_bank.py:ASSET_QUALITY_SOURCES;build_caf_bank.py:CASH_FLOW_SOURCES;build_caf_bank.py:ENTITY_NOTE;build_caf_bank.py:STATEMENTS_SOURCES
https://www.castletrust.co.uk/wp-content/uploads/	live	-	build_castle_trust.py:-;build_castle_trust.py:URL_PROVENANCE_NOTE
https://www.castletrust.co.uk/wp-content/uploads/2025/05/Pillar-3-Document.pdf	live	pdf	build_castle_trust.py:-;build_castle_trust.py:P3_2024_DUPLICATE_URL;build_castle_trust.py:URL_PROVENANCE_NOTE
https://www.castletrust.co.uk/wp-content/uploads/fy-30-sept-2020-ctb-pillar-3-disclosures.pdf	live	pdf	build_castle_trust.py:-;build_castle_trust.py:P3_2020_URL
https://www.castletrust.co.uk/wp-content/uploads/fy-30-sept-2021-ctb-pillar-3-disclosures.pdf	live	pdf	build_castle_trust.py:-;build_castle_trust.py:P3_2021_URL
https://www.castletrust.co.uk/wp-content/uploads/fy-30-sept-2022-ctb-pillar-3-disclosures.pdf	live	pdf	build_castle_trust.py:-;build_castle_trust.py:P3_2022_URL
https://www.castletrust.co.uk/wp-content/uploads/fy-30-sept-2023-ctb-pillar-3-disclosures.pdf	live	pdf	build_castle_trust.py:-;build_castle_trust.py:P3_2023_URL
https://www.castletrust.co.uk/wp-content/uploads/fy-30_sept-2024-ctb-pillar-3-disclosures.pdf	live	pdf	build_castle_trust.py:-;build_castle_trust.py:P3_2024_URL
https://www.castletrust.co.uk/wp-content/uploads/fy-30_sept-2025-ctb-pillar-3-disclosures.pdf	live	pdf	build_castle_trust.py:-;build_castle_trust.py:P3_2025_URL
https://www.charitybank.org/wp-content/uploads/2024/10/Charity-Bank-Annual-Accounts-2023.pdf	live	pdf	build_charity_bank.py:-;build_charity_bank.py:AR2023_URL;build_charity_bank.py:ASSET_QUALITY_SOURCES;build_charity_bank.py:CASH_FLOW_SOURCES;build_charity_bank.py:STATEMENTS_SOURCES
https://www.charitybank.org/wp-content/uploads/2024/10/Charity-Bank-Annual-Accounts-2023.pdf)	live	-	build_charity_bank.py:-;build_charity_bank.py:PILLAR3_NOTE;build_charity_bank.py:RWA_BREAKDOWN_SOURCES
https://www.charitybank.org/wp-content/uploads/2025/06/Charity-Bank-2024-Annual-Report-signed.pdf	live	pdf	build_charity_bank.py:-;build_charity_bank.py:AR2024_URL;build_charity_bank.py:ASSET_QUALITY_SOURCES;build_charity_bank.py:CASH_FLOW_SOURCES;build_charity_bank.py:PILLAR3_NOTE;build_charity_bank.py:RWA_BREAKDOWN_SOURCES;build_charity_bank.py:STATEMENTS_SOURCES
https://www.charitybank.org/wp-content/uploads/2026/06/Charity-Bank-2025-Annual-Report-signed.pdf	live	pdf	build_charity_bank.py:-;build_charity_bank.py:AR2025_URL;build_charity_bank.py:ASSET_QUALITY_SOURCES;build_charity_bank.py:CASH_FLOW_SOURCES;build_charity_bank.py:RWA_BREAKDOWN_SOURCES;build_charity_bank.py:STATEMENTS_SOURCES
https://www.charitybank.org/wp-content/uploads/2026/06/Charity-Bank-2025-Annual-Report-signed.pdf)	live	-	build_charity_bank.py:-;build_charity_bank.py:PILLAR3_NOTE;build_charity_bank.py:RWA_BREAKDOWN_SOURCES
https://www.citigroup.com/global/investors/other-regulatory-filings	live	-	build_citibank_uk.py:-;build_citibank_uk.py:P3_SOURCES;build_citibank_uk.py:REG_URL;build_citibank_uk.py:RWA_SOURCES
https://www.citigroup.com/rcs/citigpa/akpublic/storage/public/b3p3d211231_uk.pdf	live	pdf	build_citibank_uk.py:-;build_citibank_uk.py:P3_2021_URL;build_citibank_uk.py:P3_SOURCES;build_citibank_uk.py:RWA_SOURCES
https://www.citigroup.com/rcs/citigpa/storage/public/b3p3d191231_uk.pdf	live	pdf	build_citibank_uk.py:-;build_citibank_uk.py:P3_2019_URL;build_citibank_uk.py:P3_SOURCES;build_citibank_uk.py:RWA_SOURCES
https://www.citigroup.com/rcs/citigpa/storage/public/b3p3d201231_uk.pdf	live	pdf	build_citibank_uk.py:-;build_citibank_uk.py:P3_2020_URL;build_citibank_uk.py:P3_SOURCES;build_citibank_uk.py:RWA_SOURCES
https://www.citigroup.com/rcs/citigpa/storage/public/b3p3d231231_uk.pdf	live	pdf	build_citibank_uk.py:-;build_citibank_uk.py:P3_2023_URL;build_citibank_uk.py:P3_SOURCES;build_citibank_uk.py:RWA_SOURCES
https://www.citigroup.com/rcs/citigpa/storage/public/citibank-uk-limited-annual-fs-2024.pdf	live	pdf	build_citibank_uk.py:-;build_citibank_uk.py:ASSET_QUALITY_SOURCES;build_citibank_uk.py:EXEMPTION_NOTE;build_citibank_uk.py:FS_2024_URL;build_citibank_uk.py:P3_SOURCES;build_citibank_uk.py:STATEMENTS_SOURCES
https://www.co-operativebank.co.uk/assets/pdf/bank/investorrelations/2015-Pillar-3-Disclosures.pdf	live	pdf	build_coop_bank.py:-;build_coop_bank.py:P3_2015_URL;build_coop_bank.py:RWA_BREAKDOWN_SOURCES
https://www.co-operativebank.co.uk/assets/pdf/bank/investorrelations/2016-Pillar-3.pdf	live	pdf	build_coop_bank.py:-;build_coop_bank.py:P3_2016_URL;build_coop_bank.py:RWA_BREAKDOWN_SOURCES
https://www.co-operativebank.co.uk/assets/pdf/bank/investorrelations/2017-annual-report-and-accounts.pdf	live	pdf	build_coop_bank.py:-;build_coop_bank.py:AR2017_URL;build_coop_bank.py:ASSET_QUALITY_SOURCES;build_coop_bank.py:CASH_FLOW_SOURCES;build_coop_bank.py:PL_SOURCES;build_coop_bank.py:STATEMENTS_SOURCES
https://www.co-operativebank.co.uk/assets/pdf/bank/investorrelations/2017-pillar-3-disclosures.pdf	live	pdf	build_coop_bank.py:-;build_coop_bank.py:P3_2017_URL;build_coop_bank.py:RWA_BREAKDOWN_SOURCES
https://www.co-operativebank.co.uk/assets/pdf/bank/investorrelations/2018-annual-report-and-accounts.pdf	live	pdf	build_coop_bank.py:-;build_coop_bank.py:AR2018_URL;build_coop_bank.py:ASSET_QUALITY_SOURCES;build_coop_bank.py:CASH_FLOW_SOURCES;build_coop_bank.py:PL_SOURCES;build_coop_bank.py:STATEMENTS_SOURCES
https://www.co-operativebank.co.uk/assets/pdf/bank/investorrelations/2018-pillar-3-disclosures.pdf	live	pdf	build_coop_bank.py:-;build_coop_bank.py:P3_2018_URL;build_coop_bank.py:RWA_BREAKDOWN_SOURCES
https://www.co-operativebank.co.uk/assets/pdf/bank/investorrelations/2019-pillar-3-disclosures.pdf	live	pdf	build_coop_bank.py:-;build_coop_bank.py:P3_2019_URL;build_coop_bank.py:RWA_BREAKDOWN_SOURCES
https://www.co-operativebank.co.uk/assets/pdf/bank/investorrelations/2020-annual-report-and-accounts.pdf	live	pdf	build_coop_bank.py:-;build_coop_bank.py:AR2020_URL;build_coop_bank.py:CASH_FLOW_SOURCES;build_coop_bank.py:PL_SOURCES;build_coop_bank.py:STATEMENTS_SOURCES
https://www.co-operativebank.co.uk/assets/pdf/bank/investorrelations/annual-report.pdf	live	pdf	build_coop_bank.py:-;build_coop_bank.py:AR2014_URL;build_coop_bank.py:ASSET_QUALITY_SOURCES;build_coop_bank.py:CASH_FLOW_SOURCES;build_coop_bank.py:PL_SOURCES;build_coop_bank.py:STATEMENTS_SOURCES
https://www.co-operativebank.co.uk/assets/pdf/bank/investorrelations/annualreports/2016-Annual-Report.pdf	live	pdf	build_coop_bank.py:-;build_coop_bank.py:AR2016_URL;build_coop_bank.py:ASSET_QUALITY_SOURCES;build_coop_bank.py:CASH_FLOW_SOURCES;build_coop_bank.py:PL_SOURCES;build_coop_bank.py:STATEMENTS_SOURCES
https://www.co-operativebank.co.uk/assets/pdf/bank/investorrelations/financialresults/2015-Annual-Report-and-Accounts.pdf	live	pdf	build_coop_bank.py:-;build_coop_bank.py:AR2015_URL;build_coop_bank.py:ASSET_QUALITY_SOURCES;build_coop_bank.py:CASH_FLOW_SOURCES;build_coop_bank.py:PL_SOURCES;build_coop_bank.py:STATEMENTS_SOURCES
https://www.co-operativebank.co.uk/pdfs/bank/investorrelations/2019-annual-report-and-accounts.pdf	live	pdf	build_coop_bank.py:-;build_coop_bank.py:AR2019_URL;build_coop_bank.py:ASSET_QUALITY_SOURCES;build_coop_bank.py:CASH_FLOW_SOURCES;build_coop_bank.py:PL_SOURCES;build_coop_bank.py:STATEMENTS_SOURCES
https://www.co-operativebank.co.uk/pdfs/bank/investorrelations/2020-pillar-3-disclosures.pdf	live	pdf	build_coop_bank.py:-;build_coop_bank.py:P3_2020_URL;build_coop_bank.py:RWA_BREAKDOWN_SOURCES
https://www.co-operativebank.co.uk/pdfs/bank/investorrelations/2022-annual-report-and-accounts.pdf	live	pdf	build_coop_bank.py:-;build_coop_bank.py:AR2022_URL;build_coop_bank.py:ASSET_QUALITY_SOURCES;build_coop_bank.py:CASH_FLOW_SOURCES;build_coop_bank.py:PL_SOURCES;build_coop_bank.py:STATEMENTS_SOURCES
https://www.co-operativebank.co.uk/pdfs/bank/investorrelations/2022-pillar-3-disclosures.pdf	live	pdf	build_coop_bank.py:-;build_coop_bank.py:P3_2022_URL;build_coop_bank.py:RWA_BREAKDOWN_SOURCES
https://www.co-operativebank.co.uk/pdfs/bank/investorrelations/2024-annual-report-and-accounts.pdf	live	pdf	build_coop_bank.py:-;build_coop_bank.py:AR2024_URL;build_coop_bank.py:ASSET_QUALITY_SOURCES;build_coop_bank.py:CASH_FLOW_SOURCES;build_coop_bank.py:PL_SOURCES;build_coop_bank.py:STATEMENTS_SOURCES
https://www.co-operativebank.co.uk/pdfs/bank/investorrelations/2024-pillar-3-disclosures.pdf	live	pdf	build_coop_bank.py:-;build_coop_bank.py:P3_2024_URL;build_coop_bank.py:RWA_BREAKDOWN_SOURCES
https://www.co-operativebank.co.uk/pdfs/bank/investorrelations/2025-h1-pillar-3-disclosures.pdf	live	pdf	build_coop_bank.py:-;build_coop_bank.py:P3_2025_H1_URL
https://www.co-operativebank.co.uk/pdfs/bank/investorrelations/2025-h2-pillar-3-disclosures.pdf	live	pdf	build_coop_bank.py:-;build_coop_bank.py:P3_2025_URL
https://www.co-operativebank.co.uk/pdfs/bank/investorrelations/pillar3.pdf	live	pdf	build_coop_bank.py:-;build_coop_bank.py:P3_2014_URL;build_coop_bank.py:RWA_BREAKDOWN_SOURCES
https://www.crownagentsbank.com/wp-content/uploads/2025/09/cab_pillar_3_disclosures_2021.pdf	live	pdf	build_crown_agents_bank.py:-
https://www.crownagentsbank.com/wp-content/uploads/2026/04/CAB-Pillar-3-Document-2025-FINAL.pdf	live	pdf	build_crown_agents_bank.py:-;build_crown_agents_bank.py:P3_2025_URL
https://www.crownagentsbank.com/wp-content/uploads/2026/04/Crown-Agents-Bank-2025-Annual-Report.pdf	live	pdf	build_crown_agents_bank.py:-;build_crown_agents_bank.py:AR2025_URL;build_crown_agents_bank.py:ASSET_QUALITY_SOURCES;build_crown_agents_bank.py:CASH_FLOW_SOURCES;build_crown_agents_bank.py:STATEMENTS_SOURCES
https://www.cynergybank.co.uk/media/2534/pillar-3-disclosures-2018.pdf	live	pdf	build_cynergy_bank.py:-;build_cynergy_bank.py:P3_2018_URL
https://www.cynergybank.co.uk/media/bkhp10sd/cynergy-bank-2022-pillar-3-disclosures.pdf	live	pdf	build_cynergy_bank.py:-;build_cynergy_bank.py:P3_2022_URL
https://www.cynergybank.co.uk/media/drcj252b/cynergy-bank-pillar-3-2021.pdf	live	pdf	build_cynergy_bank.py:-;build_cynergy_bank.py:P3_2021_URL
https://www.cynergybank.co.uk/media/ioueypnz/pillar-3-disclosures-2019.pdf	live	pdf	build_cynergy_bank.py:-;build_cynergy_bank.py:P3_2019_URL
https://www.cynergybank.co.uk/media/liqngpna/pillar-3-disclosures-2020.pdf	live	pdf	build_cynergy_bank.py:-;build_cynergy_bank.py:P3_2020_URL
https://www.cynergybank.co.uk/strong-and-prudent-management	live	-	build_cynergy_bank.py:-;build_cynergy_bank.py:ENUMERATION_NOTE;build_cynergy_bank.py:P3_INDEX_URL
https://www.datocms-assets.com/23873/1658745479-zopa-bank-limited-annual-report-and-financial-statements-2020.pdf	live	pdf	build_zopa.py:-;build_zopa.py:AR2020_URL;build_zopa.py:ASSET_QUALITY_SOURCES;build_zopa.py:CASH_FLOW_SOURCES;build_zopa.py:STATEMENTS_SOURCES
https://www.datocms-assets.com/23873/1658745948-zopa-bank-annual-report-2021.pdf	live	pdf	build_zopa.py:-;build_zopa.py:AR2021_URL;build_zopa.py:ASSET_QUALITY_SOURCES;build_zopa.py:CASH_FLOW_SOURCES;build_zopa.py:STATEMENTS_SOURCES
https://www.datocms-assets.com/23873/1694796852-zopa-bank-annual-report-2022-web.pdf	live	pdf	build_zopa.py:-;build_zopa.py:AR2022_URL;build_zopa.py:CASH_FLOW_SOURCES
https://www.datocms-assets.com/23873/1696603046-2022-pillar-3-disclosures-final_051023.pdf	live	pdf	build_zopa.py:-;build_zopa.py:P3_2022_URL;build_zopa.py:RWA_BREAKDOWN_SOURCES
https://www.datocms-assets.com/23873/1713257733-zopa-group-2023-annual-report-signed_web-version.pdf	live	pdf	build_zopa.py:-;build_zopa.py:AR2023_URL;build_zopa.py:ASSET_QUALITY_SOURCES;build_zopa.py:CASH_FLOW_SOURCES;build_zopa.py:STATEMENTS_SOURCES
https://www.datocms-assets.com/23873/1715596314-2023-pillar-3-disclosures-final.pdf	live	pdf	build_zopa.py:-;build_zopa.py:P3_2023_URL;build_zopa.py:RWA_BREAKDOWN_SOURCES
https://www.datocms-assets.com/23873/1745405670-2024-zopa-bank-pillar-3-disclosures.pdf	live	pdf	build_zopa.py:-;build_zopa.py:P3_2024_URL
https://www.datocms-assets.com/23873/1747055131-zopa-bank-2024-annual-report-signed-web-based.pdf	live	pdf	build_zopa.py:-;build_zopa.py:AR2024_URL;build_zopa.py:CASH_FLOW_SOURCES
https://www.datocms-assets.com/23873/1773841899-zopa_bank_ar25_web.pdf	live	pdf	build_zopa.py:-;build_zopa.py:AR2025_URL;build_zopa.py:ASSET_QUALITY_SOURCES;build_zopa.py:CASH_FLOW_SOURCES;build_zopa.py:STATEMENTS_SOURCES
https://www.datocms-assets.com/23873/1773842098-12-25-pillar-3-disclosures.pdf	live	pdf	build_zopa.py:-;build_zopa.py:P3_2025_URL;build_zopa.py:RWA_BREAKDOWN_SOURCES
https://www.eabplc.com/	live	-	build_arab_bank_europe.py:-;build_arab_bank_europe.py:RWA_NOT_DISCLOSED_NOTE
https://www.eabplc.com/downloads/202304_EABAnnualReport_v7_144ppi.pdf	live	pdf	build_arab_bank_europe.py:-;build_arab_bank_europe.py:AQ_SOURCES;build_arab_bank_europe.py:BS_SOURCES;build_arab_bank_europe.py:CASH_FLOW_SOURCES;build_arab_bank_europe.py:DEAD_URL_NOTE;build_arab_bank_europe.py:ENTITY_NOTE;build_arab_bank_europe.py:EQ_SOURCES;build_arab_bank_europe.py:IS_SOURCES;build_arab_bank_europe.py:ORIG_AR2022_URL
https://www.eabplc.com/downloads/202502_EABAnnualReport_v3.pdf	live	pdf	build_arab_bank_europe.py:-;build_arab_bank_europe.py:AQ_SOURCES;build_arab_bank_europe.py:BS_SOURCES;build_arab_bank_europe.py:CASH_FLOW_SOURCES;build_arab_bank_europe.py:DEAD_URL_NOTE;build_arab_bank_europe.py:ENTITY_NOTE;build_arab_bank_europe.py:EQ_SOURCES;build_arab_bank_europe.py:IS_SOURCES;build_arab_bank_europe.py:ORIG_AR2024_URL
https://www.eabplc.com/downloads/Pillar3.pdf	live	pdf	build_arab_bank_europe.py:-;build_arab_bank_europe.py:AQ_SOURCES;build_arab_bank_europe.py:BS_SOURCES;build_arab_bank_europe.py:CASH_FLOW_SOURCES;build_arab_bank_europe.py:DEAD_URL_NOTE;build_arab_bank_europe.py:ENTITY_NOTE;build_arab_bank_europe.py:EQ_SOURCES;build_arab_bank_europe.py:IS_SOURCES;build_arab_bank_europe.py:ORIG_PILLAR3_2022_URL;build_arab_bank_europe.py:RWA_NOT_DISCLOSED_NOTE
https://www.eabplc.com/downloads/Pillar3EAB_PLC_2024.pdf	live	pdf	build_arab_bank_europe.py:-;build_arab_bank_europe.py:AQ_SOURCES;build_arab_bank_europe.py:BS_SOURCES;build_arab_bank_europe.py:CASH_FLOW_SOURCES;build_arab_bank_europe.py:DEAD_URL_NOTE;build_arab_bank_europe.py:ENTITY_NOTE;build_arab_bank_europe.py:EQ_SOURCES;build_arab_bank_europe.py:FY2324_ONLY_NOTE;build_arab_bank_europe.py:IS_SOURCES;build_arab_bank_europe.py:NOT_DISCLOSED_NOTE;build_arab_bank_europe.py:SDDT_NOTE
https://www.eabplc.com/files/PDFs/	live	-	build_arab_bank_europe.py:-;build_arab_bank_europe.py:FY2324_ONLY_NOTE;build_arab_bank_europe.py:NOT_DISCLOSED_NOTE;build_arab_bank_europe.py:SDDT_NOTE
https://www.eabplc.com/files/PDFs/Pillar%203/	live	-	build_arab_bank_europe.py:-;build_arab_bank_europe.py:FY2324_ONLY_NOTE;build_arab_bank_europe.py:NOT_DISCLOSED_NOTE;build_arab_bank_europe.py:SDDT_NOTE
https://www.efginternational.com/doc/jcr:895b914b-441b-48b6-9853-0b3aeaa4e2fd/EFG%20Private%20Bank%20Limited%202024%20Pillar%203%20Disclosure%20Report.pdf/lang:en/EFG%20Private%20Bank%20Limited%202024%20Pillar%203%20Disclosure%20Report.pdf	live	pdf	build_efg_private_bank.py:-;build_efg_private_bank.py:PILLAR3_2025_NOTE;build_efg_private_bank.py:PILLAR3_2025_URL
https://www.fbnbank.co.uk/wp-content/uploads/2019/06/FBNUK-Pillar-3-Dec-19-FINAL-Published_v3.pdf	live	pdf	build_firstbank_uk.py:-;build_firstbank_uk.py:ORIG_P3_2019_URL;build_firstbank_uk.py:P3_DEAD_URL_NOTE;build_firstbank_uk.py:RWA_BREAKDOWN_SOURCES
https://www.fbnbank.co.uk/wp-content/uploads/2019/06/FBNUK-Pillar-3-Disclosures_-2021.pdf	live	pdf	build_firstbank_uk.py:-;build_firstbank_uk.py:ORIG_P3_2021_URL;build_firstbank_uk.py:P3_DEAD_URL_NOTE;build_firstbank_uk.py:RWA_BREAKDOWN_SOURCES
https://www.fbnbank.co.uk/wp-content/uploads/2019/06/FBNUK_Pillar-3-Disclosures_2020.pdf	live	pdf	build_firstbank_uk.py:-;build_firstbank_uk.py:ORIG_P3_2020_URL;build_firstbank_uk.py:P3_DEAD_URL_NOTE;build_firstbank_uk.py:RWA_BREAKDOWN_SOURCES
https://www.fbnbank.co.uk/wp-content/uploads/2019/06/FirstBank-UK-Pillar-3-Dec-2022-V1.0.pdf	live	pdf	build_firstbank_uk.py:-;build_firstbank_uk.py:ORIG_P3_2022_URL;build_firstbank_uk.py:P3_DEAD_URL_NOTE;build_firstbank_uk.py:RWA_BREAKDOWN_SOURCES
https://www.fbnbank.co.uk/wp-content/uploads/2019/06/FirstBank-UK-Pillar-3-Dec-2023.pdf	live	pdf	build_firstbank_uk.py:-;build_firstbank_uk.py:ORIG_P3_2023_URL;build_firstbank_uk.py:P3_DEAD_URL_NOTE;build_firstbank_uk.py:RWA_BREAKDOWN_SOURCES
https://www.fbnbank.co.uk/wp-content/uploads/2025/09/FirstBank-UK-Pillar-3-Dec-2024-1.pdf	live	pdf	build_firstbank_uk.py:-;build_firstbank_uk.py:ORIG_P3_2024_URL;build_firstbank_uk.py:P3_DEAD_URL_NOTE;build_firstbank_uk.py:RWA_BREAKDOWN_SOURCES
https://www.fcebank.com/pdf/investor_center/2022/FCE%20Bank%20PLC%20-%20Annual%20Pillar%203%20%20Report.pdf	live	pdf	build_fce_bank.py:-;build_fce_bank.py:P3_2022_URL
https://www.fcebank.com/pdf/investor_center/2023/FCE%20Bank%20PLC%20-%20ANNUAL%20PILLAR%203%20REPORT%202023.pdf	live	pdf	build_fce_bank.py:-;build_fce_bank.py:P3_2023_URL
https://www.fcebank.com/pdf/investor_center/2024/FCE%20Bank%20PLC%20-%20Annual%20Pillar%203%20Disclosures%20-%20Doc.pdf	live	pdf	build_fce_bank.py:-;build_fce_bank.py:P3_2024_URL
https://www.fcebank.com/pdf/investor_center/2025/FCE%20Bank%20PLC%20-%202025%20Annual%20P3%20-%20Doc%20Final%20Published.pdf	live	pdf	build_fce_bank.py:-;build_fce_bank.py:P3_2025_URL
https://www.fcmbuk.com/wp-content/uploads/2021/12/Pillar-III-Disclosures-FYE-2020.pdf	live	pdf	build_fcmb_uk.py:-;build_fcmb_uk.py:P3_2020_URL
https://www.gbbank.co.uk/download/4416/?tmstv=1760374739	live	-	build_gb_bank.py:-;build_gb_bank.py:P3_2022_URL
https://www.gbbank.co.uk/download/4420/?tmstv=1760374863	live	-	build_gb_bank.py:-;build_gb_bank.py:P3_2023_URL
https://www.gbbank.co.uk/download/4423/?tmstv=1760374514	live	-	build_gb_bank.py:-;build_gb_bank.py:P3_2024_URL
https://www.gbbank.co.uk/download/5065/?tmstv=1766062359	live	-	build_gb_bank.py:-;build_gb_bank.py:P3_2025_URL
https://www.ghanabank.co.uk/about-us/	live	-	build_ghana_international_bank.py:-;build_ghana_international_bank.py:P3_DISCOVERY_NOTE
https://www.ghanabank.co.uk/app/uploads/2020/11/GHIB-2019-Pillar-3-Disclosures_FINAL_publish-on-website.pdf	live	pdf	build_ghana_international_bank.py:-;build_ghana_international_bank.py:P3_2019_URL
https://www.ghanabank.co.uk/app/uploads/2021/06/Pillar-3-Disclosures-2020.pdf	live	pdf	build_ghana_international_bank.py:-;build_ghana_international_bank.py:P3_2020_URL
https://www.ghanabank.co.uk/app/uploads/2022/10/GHIB-2021-Pillar-3-Disclosures.pdf	live	pdf	build_ghana_international_bank.py:-;build_ghana_international_bank.py:P3_2021_URL
https://www.ghanabank.co.uk/app/uploads/2023/03/GHIB-Annual-Report-and-Financial-Statements-2022-.pdf	live	pdf	build_ghana_international_bank.py:-;build_ghana_international_bank.py:AR2022_URL;build_ghana_international_bank.py:ASSET_QUALITY_SOURCES;build_ghana_international_bank.py:CASH_FLOW_SOURCES;build_ghana_international_bank.py:EQUITY_SOURCES;build_ghana_international_bank.py:GOV_OTHER_SPLIT_SOURCES;build_ghana_international_bank.py:STATEMENTS_SOURCES
https://www.ghanabank.co.uk/app/uploads/2023/09/GHIB-2022-Pillar-3-Disclosures.pdf	live	pdf	build_ghana_international_bank.py:-;build_ghana_international_bank.py:P3_2022_URL
https://www.ghanabank.co.uk/app/uploads/2024/11/GHIB-2023-Pillar-3-Disclosures.pdf	live	pdf	build_ghana_international_bank.py:-;build_ghana_international_bank.py:P3_2023_URL
https://www.ghanabank.co.uk/app/uploads/2025/04/GHIB-ANNUAL-REPORT-2024.pdf	live	pdf	build_ghana_international_bank.py:-;build_ghana_international_bank.py:AR2024_URL;build_ghana_international_bank.py:ASSET_QUALITY_SOURCES;build_ghana_international_bank.py:CASH_FLOW_SOURCES;build_ghana_international_bank.py:EQUITY_SOURCES;build_ghana_international_bank.py:GOV_OTHER_SPLIT_SOURCES;build_ghana_international_bank.py:STATEMENTS_SOURCES
https://www.ghanabank.co.uk/app/uploads/2025/11/GHIB-2024-Pillar-3-Disclosures.pdf	live	pdf	build_ghana_international_bank.py:-;build_ghana_international_bank.py:P3_2024_URL
https://www.ghanabank.co.uk/app/uploads/2026/04/GHIB-ANNUAL-REPORT-2025-2-page-view.pdf	live	pdf	build_ghana_international_bank.py:-;build_ghana_international_bank.py:AR2025_URL;build_ghana_international_bank.py:ASSET_QUALITY_SOURCES;build_ghana_international_bank.py:CASH_FLOW_SOURCES;build_ghana_international_bank.py:EQUITY_SOURCES;build_ghana_international_bank.py:GOV_OTHER_SPLIT_SOURCES;build_ghana_international_bank.py:STATEMENTS_SOURCES
https://www.goldmansachs.com/disclosures/gsguk-q4-2021-pillar-3.pdf/	live	-	build_goldman_sachs_international_bank.py:-;build_goldman_sachs_international_bank.py:P3_2021_URL;build_goldman_sachs_international_bank.py:RWA_BREAKDOWN_SOURCES
https://www.goldmansachs.com/disclosures/gsguk-q4-2022-pillar-3.pdf/	live	-	build_goldman_sachs_international_bank.py:-;build_goldman_sachs_international_bank.py:P3_2022_URL;build_goldman_sachs_international_bank.py:RWA_BREAKDOWN_SOURCES
https://www.goldmansachs.com/disclosures/gsguk-q4-2023-pillar-3.pdf/	live	-	build_goldman_sachs_international_bank.py:-;build_goldman_sachs_international_bank.py:P3_2023_URL;build_goldman_sachs_international_bank.py:RWA_BREAKDOWN_SOURCES
https://www.goldmansachs.com/disclosures/gsguk-q4-2024-pillar-3.pdf/	live	-	build_goldman_sachs_international_bank.py:-;build_goldman_sachs_international_bank.py:P3_2024_URL;build_goldman_sachs_international_bank.py:RWA_BREAKDOWN_SOURCES
https://www.goldmansachs.com/disclosures/gsguk-q4-2025-pillar-3.pdf/	live	-	build_goldman_sachs_international_bank.py:-;build_goldman_sachs_international_bank.py:P3_2025_URL;build_goldman_sachs_international_bank.py:RWA_BREAKDOWN_SOURCES
https://www.gtbankuk.com/about-gtbank-uk/our-company)	live	-	build_guaranty_trust_bank_uk.py:-;build_guaranty_trust_bank_uk.py:CASH_FLOW_SOURCES;build_guaranty_trust_bank_uk.py:ENTITY_NOTE;build_guaranty_trust_bank_uk.py:STATEMENTS_SOURCES
https://www.habibbank.com/uk/downloads/financials	live	-	build_habib_bank_zurich.py:-
https://www.hampdenbank.com/about-us/shareholder-information	live	-	build_hampden_co.py:-;build_hampden_co.py:P3_INDEX_ALT_URL
https://www.hampdenbank.com/content/hampden/content	live	-	build_hampden_co.py:-;build_hampden_co.py:P3_HOST
https://www.hampdenbank.com/content/hampden/content/Hampden-Co-2022-Pillar-3-Disclosures.pdf	live	pdf	build_hampden_co.py:-;build_hampden_co.py:P3_2022_URL
https://www.hampdenbank.com/content/hampden/content/Hampden-Co-plc-2019-Pillar-3-Disclosures-FINAL.pdf	live	pdf	build_hampden_co.py:-;build_hampden_co.py:P3_2019_URL
https://www.hampdenbank.com/content/hampden/content/Hampden-Co-plc-2021-Pillar-3-Disclosures-FINAL.pdf	live	pdf	build_hampden_co.py:-;build_hampden_co.py:P3_2021_URL
https://www.hampdenbank.com/investors	live	-	build_hampden_co.py:-;build_hampden_co.py:P3_INDEX_URL
https://www.handelsbanken.co.uk/tron/gbpu/info/contents/v1/document/52-141596	live	-	build_handelsbanken.py:-;build_handelsbanken.py:AR2021_URL;build_handelsbanken.py:RWA_BREAKDOWN_SOURCES
https://www.handelsbanken.co.uk/tron/gbpu/info/contents/v1/document/52-141596)	live	-	build_handelsbanken.py:-;build_handelsbanken.py:FY2021_BASIS_NOTE;build_handelsbanken.py:RWA_BREAKDOWN_SOURCES
https://www.handelsbanken.co.uk/tron/gbpu/info/contents/v1/document/52-175531	live	-	build_handelsbanken.py:-;build_handelsbanken.py:AR2022_URL;build_handelsbanken.py:ASSET_QUALITY_SOURCES;build_handelsbanken.py:BS_SOURCES;build_handelsbanken.py:CASH_FLOW_SOURCES;build_handelsbanken.py:EQUITY_SOURCES;build_handelsbanken.py:IS_SOURCES
https://www.handelsbanken.co.uk/tron/gbpu/info/contents/v1/document/52-175532	live	-	build_handelsbanken.py:-;build_handelsbanken.py:P3_2022_URL
https://www.handelsbanken.co.uk/tron/gbpu/info/contents/v1/document/52-223741	live	-	build_handelsbanken.py:-;build_handelsbanken.py:AR2023_URL;build_handelsbanken.py:ASSET_QUALITY_SOURCES;build_handelsbanken.py:BS_SOURCES;build_handelsbanken.py:CASH_FLOW_SOURCES;build_handelsbanken.py:EQUITY_SOURCES;build_handelsbanken.py:IS_SOURCES
https://www.handelsbanken.co.uk/tron/gbpu/info/contents/v1/document/52-223742	live	-	build_handelsbanken.py:-;build_handelsbanken.py:P3_2023_URL;build_handelsbanken.py:RWA_BREAKDOWN_SOURCES
https://www.handelsbanken.co.uk/tron/gbpu/info/contents/v1/document/52-265184	live	-	build_handelsbanken.py:-;build_handelsbanken.py:AR2024_URL
https://www.handelsbanken.co.uk/tron/gbpu/info/contents/v1/document/52-278301	live	-	build_handelsbanken.py:-;build_handelsbanken.py:AR2025_URL;build_handelsbanken.py:ASSET_QUALITY_SOURCES;build_handelsbanken.py:BS_SOURCES;build_handelsbanken.py:CASH_FLOW_SOURCES;build_handelsbanken.py:EQUITY_SOURCES;build_handelsbanken.py:IS_SOURCES
https://www.handelsbanken.co.uk/tron/gbpu/info/contents/v1/document/52-278302	live	-	build_handelsbanken.py:-;build_handelsbanken.py:P3_2025_URL;build_handelsbanken.py:RWA_BREAKDOWN_SOURCES
https://www.hoaresbank.co.uk/files/2021-05/Annual_Report_and_Accounts_for_2020.pdf	live	pdf	build_c_hoare.py:-;build_c_hoare.py:AR2020_URL;build_c_hoare.py:CASH_FLOW_SOURCES;build_c_hoare.py:STATEMENTS_SOURCES
https://www.hoaresbank.co.uk/files/2021-05/Financial_Report_2019.pdf	live	pdf	build_c_hoare.py:-;build_c_hoare.py:AR2019_URL;build_c_hoare.py:CASH_FLOW_SOURCES;build_c_hoare.py:STATEMENTS_SOURCES
https://www.hoaresbank.co.uk/files/2021-10/CHC_2021_Pillar_3_Disclosures.pdf	live	pdf	build_c_hoare.py:-;build_c_hoare.py:P3_2021_URL;build_c_hoare.py:RWA_SOURCES
https://www.hoaresbank.co.uk/files/2021-10/CHC_Cons_Accounts21.pdf	live	pdf	build_c_hoare.py:-;build_c_hoare.py:AR2021_URL;build_c_hoare.py:CASH_FLOW_SOURCES;build_c_hoare.py:STATEMENTS_SOURCES
https://www.hoaresbank.co.uk/files/2022-07/Annual_Report_2022.pdf	live	pdf	build_c_hoare.py:-;build_c_hoare.py:AR2022_URL;build_c_hoare.py:CASH_FLOW_SOURCES;build_c_hoare.py:STATEMENTS_SOURCES
https://www.hoaresbank.co.uk/files/2023-07/Financial_Report_2023.pdf	live	pdf	build_c_hoare.py:-;build_c_hoare.py:AR2023_URL;build_c_hoare.py:CASH_FLOW_SOURCES;build_c_hoare.py:STATEMENTS_SOURCES
https://www.hoaresbank.co.uk/files/2023-07/Pillar_3_Disclosure_2023.pdf	live	pdf	build_c_hoare.py:-;build_c_hoare.py:P3_2023_URL;build_c_hoare.py:RWA_SOURCES
https://www.hoaresbank.co.uk/files/2024-06/Financial_Report_2024.pdf	live	pdf	build_c_hoare.py:-;build_c_hoare.py:AR2024_URL;build_c_hoare.py:CASH_FLOW_SOURCES;build_c_hoare.py:STATEMENTS_SOURCES
https://www.hoaresbank.co.uk/files/2025-07/Financial_Report_2025.pdf	live	pdf	build_c_hoare.py:-;build_c_hoare.py:AR2025_URL;build_c_hoare.py:CASH_FLOW_SOURCES;build_c_hoare.py:STATEMENTS_SOURCES
https://www.hoaresbank.co.uk/files/2025-07/Pillar_3_Disclosure_2025.pdf	live	pdf	build_c_hoare.py:-;build_c_hoare.py:P3_2025_URL;build_c_hoare.py:RWA_SOURCES
https://www.hoaresbank.co.uk/files/2026-06/Financial_Report_2026.pdf	live	pdf	build_c_hoare.py:-;build_c_hoare.py:AR2026_URL;build_c_hoare.py:CASH_FLOW_SOURCES;build_c_hoare.py:STATEMENTS_SOURCES
https://www.hsbc.com/-/files/hsbc/investors/hsbc-results/2018/annual/hsbc-bank-plc/190219-annual-report-and-accounts-2018.pdf	live	pdf	build_hsbc_bank_plc.py:-;build_hsbc_bank_plc.py:AR2018_URL;build_hsbc_bank_plc.py:ASSET_QUALITY_SOURCES;build_hsbc_bank_plc.py:BALANCE_SHEET_SOURCES;build_hsbc_bank_plc.py:CASH_FLOW_SOURCES;build_hsbc_bank_plc.py:EQUITY_SOURCES;build_hsbc_bank_plc.py:INCOME_STATEMENT_SOURCES
https://www.hsbc.com/-/files/hsbc/investors/hsbc-results/2018/annual/hsbc-bank-plc/190219-pillar-3-disclosures-31-december-2018.pdf	live	pdf	build_hsbc_bank_plc.py:-;build_hsbc_bank_plc.py:P32018_URL;build_hsbc_bank_plc.py:RWA_BREAKDOWN_SOURCES
https://www.hsbc.com/-/files/hsbc/investors/hsbc-results/2019/annual/pdfs/hsbc-bank-plc/200218-annual-report-and-accounts-2019.pdf	live	pdf	build_hsbc_bank_plc.py:-;build_hsbc_bank_plc.py:AR2019_URL;build_hsbc_bank_plc.py:ASSET_QUALITY_SOURCES;build_hsbc_bank_plc.py:BALANCE_SHEET_SOURCES;build_hsbc_bank_plc.py:CASH_FLOW_SOURCES;build_hsbc_bank_plc.py:EQUITY_SOURCES;build_hsbc_bank_plc.py:INCOME_STATEMENT_SOURCES
https://www.hsbc.com/-/files/hsbc/investors/hsbc-results/2019/annual/pdfs/hsbc-bank-plc/200218-pillar-3-disclosures-31-december-2019.pdf	live	pdf	build_hsbc_bank_plc.py:-;build_hsbc_bank_plc.py:P32019_URL;build_hsbc_bank_plc.py:RWA_BREAKDOWN_SOURCES
https://www.hsbc.com/-/files/hsbc/investors/hsbc-results/2019/annual/pdfs/hsbc-uk-bank-plc/200218-annual-report-and-accounts-2019.pdf	live	pdf	build_hsbc_uk_bank_plc.py:-;build_hsbc_uk_bank_plc.py:AR2019_URL;build_hsbc_uk_bank_plc.py:CASH_FLOW_SOURCES;build_hsbc_uk_bank_plc.py:STATEMENTS_ENTITY_NOTE
https://www.hsbc.com/-/files/hsbc/investors/hsbc-results/2020/annual/pdfs/hsbc-bank-plc/210223-annual-report-and-accounts-2020.pdf	live	pdf	build_hsbc_bank_plc.py:-;build_hsbc_bank_plc.py:AR2020_URL;build_hsbc_bank_plc.py:ASSET_QUALITY_SOURCES;build_hsbc_bank_plc.py:BALANCE_SHEET_SOURCES;build_hsbc_bank_plc.py:CASH_FLOW_SOURCES;build_hsbc_bank_plc.py:EQUITY_SOURCES;build_hsbc_bank_plc.py:INCOME_STATEMENT_SOURCES
https://www.hsbc.com/-/files/hsbc/investors/hsbc-results/2020/annual/pdfs/hsbc-bank-plc/210223-pillar-3-disclosures-31-december-2020.pdf	live	pdf	build_hsbc_bank_plc.py:-;build_hsbc_bank_plc.py:P32020_URL;build_hsbc_bank_plc.py:RWA_BREAKDOWN_SOURCES
https://www.hsbc.com/-/files/hsbc/investors/hsbc-results/2020/annual/pdfs/hsbc-uk-bank-plc/210223-annual-report-and-accounts-2020.pdf	live	pdf	build_hsbc_uk_bank_plc.py:-;build_hsbc_uk_bank_plc.py:AR2020_URL;build_hsbc_uk_bank_plc.py:CASH_FLOW_SOURCES;build_hsbc_uk_bank_plc.py:STATEMENTS_ENTITY_NOTE
https://www.hsbc.com/-/files/hsbc/investors/hsbc-results/2021/annual/pdfs/hsbc-bank-plc/220222-annual-report-and-accounts-2021.pdf	live	pdf	build_hsbc_bank_plc.py:-;build_hsbc_bank_plc.py:AR2021_URL;build_hsbc_bank_plc.py:ASSET_QUALITY_SOURCES;build_hsbc_bank_plc.py:BALANCE_SHEET_SOURCES;build_hsbc_bank_plc.py:CASH_FLOW_SOURCES;build_hsbc_bank_plc.py:INCOME_STATEMENT_SOURCES
https://www.hsbc.com/-/files/hsbc/investors/hsbc-results/2021/annual/pdfs/hsbc-bank-plc/220222-pillar-3-disclosures-at-31-december-2021.pdf	live	pdf	build_hsbc_bank_plc.py:-;build_hsbc_bank_plc.py:P32021_URL;build_hsbc_bank_plc.py:RWA_BREAKDOWN_SOURCES
https://www.hsbc.com/-/files/hsbc/investors/hsbc-results/2021/annual/pdfs/hsbc-uk-bank-plc/220222-annual-report-and-accounts-2021.pdf	live	pdf	build_hsbc_uk_bank_plc.py:-;build_hsbc_uk_bank_plc.py:AR2021_URL;build_hsbc_uk_bank_plc.py:CASH_FLOW_SOURCES;build_hsbc_uk_bank_plc.py:STATEMENTS_ENTITY_NOTE
https://www.hsbc.com/-/files/hsbc/investors/hsbc-results/2021/annual/pdfs/hsbc-uk-bank-plc/220222-pillar-3-disclosures-at-31-december-2021.pdf	live	pdf	build_hsbc_uk_bank_plc.py:-;build_hsbc_uk_bank_plc.py:P32021_URL
https://www.hsbc.com/-/files/hsbc/investors/hsbc-results/2022/3q/pdfs/hsbc-uk-bank-plc/221102-pillar-3-disclosures-at-30-september-2022.pdf	live	pdf	build_hsbc_uk_bank_plc.py:-
https://www.hsbc.com/-/files/hsbc/investors/hsbc-results/2022/annual/pdfs/hsbc-bank-plc/230221-annual-report-and-accounts-2022.pdf	live	pdf	build_hsbc_bank_plc.py:-;build_hsbc_bank_plc.py:AR2022_URL;build_hsbc_bank_plc.py:ASSET_QUALITY_SOURCES;build_hsbc_bank_plc.py:BALANCE_SHEET_SOURCES;build_hsbc_bank_plc.py:CASH_FLOW_SOURCES;build_hsbc_bank_plc.py:EQUITY_SOURCES;build_hsbc_bank_plc.py:INCOME_STATEMENT_SOURCES
https://www.hsbc.com/-/files/hsbc/investors/hsbc-results/2022/annual/pdfs/hsbc-bank-plc/230221-pillar-3-disclosures-31-december-2022.pdf	live	pdf	build_hsbc_bank_plc.py:-;build_hsbc_bank_plc.py:P32022_URL;build_hsbc_bank_plc.py:RWA_BREAKDOWN_SOURCES
https://www.hsbc.com/-/files/hsbc/investors/hsbc-results/2022/annual/pdfs/hsbc-uk-bank-plc/230221-annual-report-and-accounts-2022.pdf	live	pdf	build_hsbc_uk_bank_plc.py:-;build_hsbc_uk_bank_plc.py:AR2022_URL
https://www.hsbc.com/-/files/hsbc/investors/hsbc-results/2022/annual/pdfs/hsbc-uk-bank-plc/230221-pillar-3-disclosures-at-31-december-2022.pdf	live	pdf	build_hsbc_uk_bank_plc.py:-;build_hsbc_uk_bank_plc.py:P32022_URL
https://www.hsbc.com/-/files/hsbc/investors/hsbc-results/2023/3q/pdfs/hsbc-bank-plc/231106-hsbc-uk-bank-plc-pillar-3-disclosures-at-30-september-2023.pdf	live	pdf	build_hsbc_uk_bank_plc.py:-
https://www.hsbc.com/-/files/hsbc/investors/hsbc-results/2023/annual/pdfs/hsbc-bank-plc/240221-annual-report-and-accounts-2023.pdf	live	pdf	build_hsbc_bank_plc.py:-;build_hsbc_bank_plc.py:AR2023_URL;build_hsbc_bank_plc.py:ASSET_QUALITY_SOURCES;build_hsbc_bank_plc.py:BALANCE_SHEET_SOURCES;build_hsbc_bank_plc.py:CASH_FLOW_SOURCES;build_hsbc_bank_plc.py:EQUITY_SOURCES;build_hsbc_bank_plc.py:INCOME_STATEMENT_SOURCES
https://www.hsbc.com/-/files/hsbc/investors/hsbc-results/2023/annual/pdfs/hsbc-bank-plc/240221-pillar-3-disclosures-31-december-2023.pdf	live	pdf	build_hsbc_bank_plc.py:-;build_hsbc_bank_plc.py:P32023_URL;build_hsbc_bank_plc.py:RWA_BREAKDOWN_SOURCES
https://www.hsbc.com/-/files/hsbc/investors/hsbc-results/2023/annual/pdfs/hsbc-uk-bank-plc/240221-annual-report-and-accounts-2023.pdf	live	pdf	build_hsbc_uk_bank_plc.py:-;build_hsbc_uk_bank_plc.py:AR2023_URL;build_hsbc_uk_bank_plc.py:CASH_FLOW_SOURCES;build_hsbc_uk_bank_plc.py:STATEMENTS_ENTITY_NOTE
https://www.hsbc.com/-/files/hsbc/investors/hsbc-results/2023/annual/pdfs/hsbc-uk-bank-plc/240221-pillar-3-disclosures-at-31-december-2023.pdf	live	pdf	build_hsbc_uk_bank_plc.py:-;build_hsbc_uk_bank_plc.py:P32023_URL
https://www.hsbc.com/-/files/hsbc/investors/hsbc-results/2024/3q/pdfs/hsbc-uk-bank-plc-ring-fenced-bank/241105-hsbc-uk-bank-plc-pillar-3-disclosures-at-30-september-2024.pdf	live	pdf	build_hsbc_uk_bank_plc.py:-
https://www.hsbc.com/-/files/hsbc/investors/hsbc-results/2024/annual/pdfs/hsbc-bank-plc/250219-annual-report-and-accounts-2024.pdf	live	pdf	build_hsbc_bank_plc.py:-;build_hsbc_bank_plc.py:AR2024_URL;build_hsbc_bank_plc.py:ASSET_QUALITY_SOURCES;build_hsbc_bank_plc.py:BALANCE_SHEET_SOURCES;build_hsbc_bank_plc.py:CASH_FLOW_SOURCES;build_hsbc_bank_plc.py:EQUITY_SOURCES;build_hsbc_bank_plc.py:INCOME_STATEMENT_SOURCES
https://www.hsbc.com/-/files/hsbc/investors/hsbc-results/2024/annual/pdfs/hsbc-bank-plc/250219-pillar-3-disclosures-at-31-december-2024.pdf	live	pdf	build_hsbc_bank_plc.py:-;build_hsbc_bank_plc.py:P32024_URL;build_hsbc_bank_plc.py:RWA_BREAKDOWN_SOURCES
https://www.hsbc.com/-/files/hsbc/investors/hsbc-results/2024/annual/pdfs/hsbc-uk-bank-plc/250219-annual-report-and-accounts-2024.pdf	live	pdf	build_hsbc_uk_bank_plc.py:-;build_hsbc_uk_bank_plc.py:AR2024_URL
https://www.hsbc.com/-/files/hsbc/investors/hsbc-results/2024/annual/pdfs/hsbc-uk-bank-plc/250219-pillar-3-disclosures-at-31-december-2024.pdf	live	pdf	build_hsbc_uk_bank_plc.py:-;build_hsbc_uk_bank_plc.py:P32024_URL
https://www.hsbc.com/-/files/hsbc/investors/hsbc-results/2024/interim/pdfs/hsbc-uk-bank-plc/240806-pillar-3-disclosures-at-30-june-2024.pdf	live	pdf	build_hsbc_uk_bank_plc.py:-
https://www.hsbc.com/-/files/hsbc/investors/hsbc-results/2025/1q/pdfs/hsbc-uk-bank-plc/250507-hbuk-pillar-3-disclosures-at-31-march-2025.pdf	live	pdf	build_hsbc_uk_bank_plc.py:-
https://www.hsbc.com/-/files/hsbc/investors/hsbc-results/2025/3q/pdfs/hsbc-uk-bank-plc-ring-fenced-bank/251106-hsbc-uk-bank-plc-pillar-3-disclosures-at-30-september-2025.pdf	live	pdf	build_hsbc_uk_bank_plc.py:-
https://www.hsbc.com/-/files/hsbc/investors/hsbc-results/2025/annual/pdfs/hsbc-bank-plc/260225-annual-report-and-accounts-2025.pdf	live	pdf	build_hsbc_bank_plc.py:-;build_hsbc_bank_plc.py:AR2025_URL;build_hsbc_bank_plc.py:ASSET_QUALITY_SOURCES;build_hsbc_bank_plc.py:BALANCE_SHEET_SOURCES;build_hsbc_bank_plc.py:CASH_FLOW_SOURCES;build_hsbc_bank_plc.py:EQUITY_SOURCES;build_hsbc_bank_plc.py:INCOME_STATEMENT_SOURCES
https://www.hsbc.com/-/files/hsbc/investors/hsbc-results/2025/annual/pdfs/hsbc-bank-plc/260225-pillar-3-disclosures-at-31-december-2025.pdf	live	pdf	build_hsbc_bank_plc.py:-;build_hsbc_bank_plc.py:P32025_URL;build_hsbc_bank_plc.py:RWA_BREAKDOWN_SOURCES
https://www.hsbc.com/-/files/hsbc/investors/hsbc-results/2025/annual/pdfs/hsbc-uk-bank-plc/260225-annual-report-and-accounts-2025.pdf	live	pdf	build_hsbc_uk_bank_plc.py:-;build_hsbc_uk_bank_plc.py:AR2025_URL;build_hsbc_uk_bank_plc.py:CASH_FLOW_SOURCES;build_hsbc_uk_bank_plc.py:STATEMENTS_ENTITY_NOTE
https://www.hsbc.com/-/files/hsbc/investors/hsbc-results/2025/annual/pdfs/hsbc-uk-bank-plc/260225-pillar-3-disclosures-at-31-december-2025.pdf	live	pdf	build_hsbc_uk_bank_plc.py:-;build_hsbc_uk_bank_plc.py:P32025_URL
https://www.hsbc.com/-/files/hsbc/investors/hsbc-results/2025/interim/pdfs/hsbc-uk-bank-plc/250806-pillar-3-disclosures-at-30-june-2025.pdf	live	pdf	build_hsbc_uk_bank_plc.py:-
https://www.hsbcinnovationbanking.com/-/media/hinv/pdf/regulations/pillar-3-report-2022.pdf	live	pdf	build_hsbc_innovation_bank.py:-;build_hsbc_innovation_bank.py:P3_2022_URL
https://www.htb.co.uk/htbcontent/uploads/2019/08/Hampshire-Trust-Bank-HTB-2016-Annual-Report-1.pdf	live	pdf	build_hampshire_trust_bank.py:-;build_hampshire_trust_bank.py:AQ_SOURCES;build_hampshire_trust_bank.py:AR2016_WEBSITE_URL;build_hampshire_trust_bank.py:BS_SOURCES;build_hampshire_trust_bank.py:CASH_FLOW_SOURCES;build_hampshire_trust_bank.py:EQ_SOURCES;build_hampshire_trust_bank.py:PL_SOURCES
https://www.htb.co.uk/htbcontent/uploads/2019/08/Hampshire-Trust-Bank-HTB-2016-Pillar-3-Disclosures-1.pdf	live	pdf	build_hampshire_trust_bank.py:-;build_hampshire_trust_bank.py:P3_2016_URL;build_hampshire_trust_bank.py:RWA_BREAKDOWN_SOURCES
https://www.htb.co.uk/htbcontent/uploads/2019/08/Hampshire-Trust-Bank-HTB-2017-Annual-Report-1.pdf	live	pdf	build_hampshire_trust_bank.py:-;build_hampshire_trust_bank.py:AQ_SOURCES;build_hampshire_trust_bank.py:AR2017_WEBSITE_URL;build_hampshire_trust_bank.py:BS_SOURCES;build_hampshire_trust_bank.py:CASH_FLOW_SOURCES;build_hampshire_trust_bank.py:EQ_SOURCES;build_hampshire_trust_bank.py:PL_SOURCES
https://www.htb.co.uk/htbcontent/uploads/2019/08/Hampshire-Trust-Bank-HTB-2017-Pillar-3-Disclosures-1.pdf	live	pdf	build_hampshire_trust_bank.py:-;build_hampshire_trust_bank.py:P3_2017_URL;build_hampshire_trust_bank.py:RWA_BREAKDOWN_SOURCES
https://www.htb.co.uk/htbcontent/uploads/2019/08/Hampshire-Trust-Bank-HTB-2018-Pillar-3-Disclosures-1.pdf	live	pdf	build_hampshire_trust_bank.py:-;build_hampshire_trust_bank.py:P3_2018_URL;build_hampshire_trust_bank.py:RWA_BREAKDOWN_SOURCES
https://www.htb.co.uk/htbcontent/uploads/2020/07/Hampshire-Trust-Bank-HTB-2019-Pillar-3-Disclosures.pdf	live	pdf	build_hampshire_trust_bank.py:-;build_hampshire_trust_bank.py:P3_2019_URL;build_hampshire_trust_bank.py:RWA_BREAKDOWN_SOURCES
https://www.htb.co.uk/htbcontent/uploads/2021/07/Hampshire-Trust-Bank-HTB-2020-Pillar-3-Disclosures.pdf	live	pdf	build_hampshire_trust_bank.py:-;build_hampshire_trust_bank.py:P3_2020_URL
https://www.htb.co.uk/htbcontent/uploads/2021/07/Hampshire-Trust-Bank-HTB-2020-Pillar-3-Disclosures.pdf)	live	-	build_hampshire_trust_bank.py:-;build_hampshire_trust_bank.py:RWA_BREAKDOWN_SOURCES
https://www.htb.co.uk/htbcontent/uploads/2021/11/HTB_Annual_Report_2020.pdf	live	pdf	build_hampshire_trust_bank.py:-;build_hampshire_trust_bank.py:AQ_SOURCES;build_hampshire_trust_bank.py:AR2020_WEBSITE_URL;build_hampshire_trust_bank.py:BS_SOURCES;build_hampshire_trust_bank.py:CASH_FLOW_SOURCES;build_hampshire_trust_bank.py:EQ_SOURCES;build_hampshire_trust_bank.py:PL_SOURCES
https://www.htb.co.uk/htbcontent/uploads/2022/07/Hampshire-Trust-Bank-HTB-2021-Pillar-3-Disclosures.pdf	live	pdf	build_hampshire_trust_bank.py:-;build_hampshire_trust_bank.py:P3_2021_URL;build_hampshire_trust_bank.py:RWA_BREAKDOWN_SOURCES
https://www.htb.co.uk/htbcontent/uploads/2023/08/Hampshire-Trust-Bank-HTB-2022-Pillar-3-Disclosures.pdf	live	pdf	build_hampshire_trust_bank.py:-;build_hampshire_trust_bank.py:P3_2022_URL
https://www.htb.co.uk/htbcontent/uploads/2024/06/HTB_Pillar_3_Disclosures_2023.pdf	live	pdf	build_hampshire_trust_bank.py:-;build_hampshire_trust_bank.py:P3_2023_URL;build_hampshire_trust_bank.py:RWA_BREAKDOWN_SOURCES
https://www.htb.co.uk/htbcontent/uploads/2025/07/HTB_Pillar_3_Disclosures_2024.pdf	live	pdf	build_hampshire_trust_bank.py:-;build_hampshire_trust_bank.py:P3_2024_URL
https://www.htb.co.uk/htbcontent/uploads/2026/04/HTB_Annual_Report_2025.pdf	live	pdf	build_hampshire_trust_bank.py:-;build_hampshire_trust_bank.py:AR2025_WEBSITE_URL;build_hampshire_trust_bank.py:CASH_FLOW_SOURCES
https://www.htb.co.uk/htbcontent/uploads/2026/04/HTB_Annual_Report_2025.pdf)	live	-	build_hampshire_trust_bank.py:-;build_hampshire_trust_bank.py:BS_SOURCES
https://www.htb.co.uk/htbcontent/uploads/2026/04/HTB_Pillar_3_Disclosures_2025.pdf	live	pdf	build_hampshire_trust_bank.py:-;build_hampshire_trust_bank.py:P3_2025_URL;build_hampshire_trust_bank.py:RWA_BREAKDOWN_SOURCES
https://www.icicibank.co.uk/content/dam/icicibank-revamp/uk/doc/basel-pillar-3-disclosures-FY2026.pdf	live	pdf	build_icici_bank_uk.py:-
https://www.icicibank.co.uk/content/dam/icicibank-revamp/uk/doc/financial-report-FY2026.pdf	live	pdf	build_icici_bank_uk.py:-;build_icici_bank_uk.py:AR2026_URL;build_icici_bank_uk.py:STATEMENTS_SOURCES
https://www.icicibank.co.uk/content/dam/icicibank/icici-assets/uk/Basel_II_p3_Disclosure_Statement.pdf	live	pdf	build_icici_bank_uk.py:-
https://www.icicibank.co.uk/content/dam/icicibank/icici-assets/uk/ICICI-Bank-UK-Plc-Pillar3-disclosures-FY2020-21.pdf	live	pdf	build_icici_bank_uk.py:-
https://www.icicibank.co.uk/content/dam/icicibank/icici-assets/uk/ICICI-Bank-UK-Plc-Pillar3-disclosures-FY2021-22.pdf	live	pdf	build_icici_bank_uk.py:-
https://www.icicibank.co.uk/content/dam/icicibank/icici-assets/uk/ICICI_Bank_UK_Pillar3_disclosures_FY2018-19.pdf	live	pdf	build_icici_bank_uk.py:-
https://www.icicibank.co.uk/content/dam/icicibank/icici-assets/uk/ICICI_Bank_UK_Pillar3_disclosures_FY2019-20.pdf	live	pdf	build_icici_bank_uk.py:-
https://www.icicibank.co.uk/content/dam/icicibank/icici-assets/uk/basel-pillar-3-disclosures-FY2024-25.pdf	live	pdf	build_icici_bank_uk.py:-
https://www.icicibank.co.uk/content/dam/icicibank/icici-assets/uk/basel2_disclosures_FY09_10.pdf	live	pdf	build_icici_bank_uk.py:-
https://www.icicibank.co.uk/content/dam/icicibank/icici-assets/uk/basel2_disclosures_FY10_11.pdf	live	pdf	build_icici_bank_uk.py:-
https://www.icicibank.co.uk/content/dam/icicibank/icici-assets/uk/basel2_disclosures_FY2008.pdf	live	pdf	build_icici_bank_uk.py:-
https://www.icicibank.co.uk/content/dam/icicibank/icici-assets/uk/basel2_disclosures_March31_11.pdf	live	pdf	build_icici_bank_uk.py:-
https://www.icicibank.co.uk/content/dam/icicibank/icici-assets/uk/basel3-disclosures-FY14-15.pdf	live	pdf	build_icici_bank_uk.py:-
https://www.icicibank.co.uk/content/dam/icicibank/icici-assets/uk/basel3-disclosures-FY15-16.pdf	live	pdf	build_icici_bank_uk.py:-
https://www.icicibank.co.uk/content/dam/icicibank/icici-assets/uk/basel3-disclosures-FY16-17.pdf	live	pdf	build_icici_bank_uk.py:-
https://www.icicibank.co.uk/content/dam/icicibank/icici-assets/uk/basel3-disclosures-FY17-18.pdf	live	pdf	build_icici_bank_uk.py:-
https://www.icicibank.co.uk/content/dam/icicibank/icici-assets/uk/disclosures2012-13.pdf	live	pdf	build_icici_bank_uk.py:-
https://www.icicibank.co.uk/content/dam/icicibank/icici-assets/uk/disclosures2013-14.pdf	live	pdf	build_icici_bank_uk.py:-
https://www.icicibank.co.uk/content/dam/icicibank/icici-assets/uk/financial-report-14-15.pdf	live	pdf	build_icici_bank_uk.py:-;build_icici_bank_uk.py:AR2015_URL;build_icici_bank_uk.py:EXEMPTION_NOTE;build_icici_bank_uk.py:STATEMENTS_SOURCES
https://www.icicibank.co.uk/content/dam/icicibank/icici-assets/uk/financial-report-15-16.pdf	live	pdf	build_icici_bank_uk.py:-;build_icici_bank_uk.py:AR2016_URL;build_icici_bank_uk.py:STATEMENTS_SOURCES
https://www.icicibank.co.uk/content/dam/icicibank/icici-assets/uk/financial-report-16-17.pdf	live	pdf	build_icici_bank_uk.py:-;build_icici_bank_uk.py:AR2017_URL;build_icici_bank_uk.py:STATEMENTS_SOURCES
https://www.icicibank.co.uk/content/dam/icicibank/icici-assets/uk/financial-report-17-18.pdf	live	pdf	build_icici_bank_uk.py:-;build_icici_bank_uk.py:AR2018_URL;build_icici_bank_uk.py:STATEMENTS_SOURCES
https://www.icicibank.co.uk/content/dam/icicibank/icici-assets/uk/financial-report-18-19.pdf	live	pdf	build_icici_bank_uk.py:-;build_icici_bank_uk.py:AR2019_URL;build_icici_bank_uk.py:STATEMENTS_SOURCES
https://www.icicibank.co.uk/content/dam/icicibank/icici-assets/uk/financial-report-19-20.pdf	live	pdf	build_icici_bank_uk.py:-;build_icici_bank_uk.py:AR2020_URL;build_icici_bank_uk.py:STATEMENTS_SOURCES
https://www.icicibank.co.uk/content/dam/icicibank/icici-assets/uk/financial-report-uk-FY2025.pdf	live	pdf	build_icici_bank_uk.py:-;build_icici_bank_uk.py:AR2025_URL;build_icici_bank_uk.py:EXEMPTION_NOTE;build_icici_bank_uk.py:STATEMENTS_SOURCES
https://www.icicibank.co.uk/content/dam/icicibank/icici-assets/uk/icici-bank-uk-plc-pillar-3-disclosures-FY2022-23.pdf	live	pdf	build_icici_bank_uk.py:-
https://www.icicibank.co.uk/content/dam/icicibank/india/managed-assets/docs/pdf/basel-pillar-3-disclosures-FY2023-24.pdf	live	pdf	build_icici_bank_uk.py:-
https://www.icicibank.co.uk/personal/basel-capital-resource-popup-march2016	live	-	build_icici_bank_uk.py:-
https://www.icicibank.co.uk/personal/basel-capital-resource-popup-march2017	live	-	build_icici_bank_uk.py:-
https://www.icicibank.co.uk/personal/basel-capital-resource-popup-march2018	live	-	build_icici_bank_uk.py:-
https://www.icicibank.co.uk/personal/basel-capital-resource-popup-march2019	live	-	build_icici_bank_uk.py:-
https://www.icicibank.co.uk/personal/basel-disclosures	live	-	build_icici_bank_uk.py:-;build_icici_bank_uk.py:P3_INDEX_URL;build_icici_bank_uk.py:SERIES_VERIFICATION_NOTE
https://www.icicibank.co.uk/personal/basel_capital_resource_popup	live	-	build_icici_bank_uk.py:-
https://www.icicibank.co.uk/personal/basel_capital_resource_popup_march2011	live	-	build_icici_bank_uk.py:-
https://www.icicibank.co.uk/personal/basel_capital_resource_popup_march2012	live	-	build_icici_bank_uk.py:-
https://www.icicibank.co.uk/personal/basel_capital_resource_popup_march2013	live	-	build_icici_bank_uk.py:-
https://www.icicibank.co.uk/personal/basel_capital_resource_popup_march2014	live	-	build_icici_bank_uk.py:-
https://www.icicibank.co.uk/personal/basel_capital_resource_popup_march2015	live	-	build_icici_bank_uk.py:-
https://www.ifastgb.com/assets/static-file/investor-relations/iFAST%20Global%20Bank%20Limited%20Pillar%203%20Disclosures%202021.pdf	live	pdf	build_ifast_global_bank.py:-;build_ifast_global_bank.py:P3_21_URL
https://www.ifastgb.com/assets/static-file/investor-relations/iFAST%20Global%20Bank%20Limited%20Pillar%203%20Disclosures%202023.pdf	live	pdf	build_ifast_global_bank.py:-;build_ifast_global_bank.py:P3_23_URL
https://www.ifastgb.com/assets/static-file/investor-relations/iFAST%20Global%20Bank%20Ltd.%20Annual%20Report%202021.pdf	live	pdf	build_ifast_global_bank.py:-;build_ifast_global_bank.py:AR21_URL;build_ifast_global_bank.py:CASH_FLOW_SOURCES
https://www.ifastgb.com/assets/static-file/investor-relations/iFAST%20Global%20Bank%20Ltd.%20Annual%20Report%202023.pdf	live	pdf	build_ifast_global_bank.py:-;build_ifast_global_bank.py:AR23_URL;build_ifast_global_bank.py:CASH_FLOW_SOURCES
https://www.investec.com/content/dam/investor-relations/basel-pillar-iii-regulatory-disclosures/2018/Investec-Bank-plc-Pillar-3-disclosures-31-March-2018-FINAL.pdf	live	pdf	build_investec_bank.py:-;build_investec_bank.py:P3_2018_URL
https://www.investec.com/content/dam/investor-relations/basel-pillar-iii-regulatory-disclosures/2019/investec-ibp-pillar-3-annual-disclosure-report-2019.pdf	live	pdf	build_investec_bank.py:-;build_investec_bank.py:P3_2019_URL
https://www.investec.com/content/dam/investor-relations/basel-pillar-iii-regulatory-disclosures/2024/Investec-plc-Group-and-Investec-Bank-plc-Pillar-3-disclosure-report-30-Sept-2024.pdf	live	pdf	build_investec_bank.py:-;build_investec_bank.py:INTERIM_2024_URL
https://www.investec.com/content/dam/investor-relations/basel-pillar-iii-regulatory-disclosures/2025/Investec-plc-group-and-Investec-Bank-plc-Pillar-3-disclosure-report-30-Sept-2025.pdf	live	pdf	build_investec_bank.py:-;build_investec_bank.py:INTERIM_2025_URL
https://www.investec.com/content/dam/investor-relations/basel-pillar-iii-regulatory-disclosures/united-kingdom/2023/Investec-plc-group-and-Investec-Bank-plc-Pillar-3-disclosure-report%20-30-Sept-2023.pdf	live	pdf	build_investec_bank.py:-;build_investec_bank.py:INTERIM_2023_URL;build_investec_bank.py:LCR_NSFR_SOURCES
https://www.investec.com/content/dam/investor-relations/financial-information/group-financial-results/2020/IBP-Pillar-3-Report-March-2020.pdf	live	pdf	build_investec_bank.py:-;build_investec_bank.py:P3_2020_URL
https://www.investec.com/content/dam/investor-relations/financial-information/group-financial-results/2021/Investec-Bank-plc-pillar-3-annual-disclosure-report-2021.pdf	live	pdf	build_investec_bank.py:-;build_investec_bank.py:P3_2021_URL
https://www.investec.com/content/dam/investor-relations/financial-information/group-financial-results/2022/Investec-plc-group-Interim-Pillar-3-disclosure-report-30-September-2022.pdf	live	pdf	build_investec_bank.py:-;build_investec_bank.py:INTERIM_2022_URL
https://www.investec.com/content/dam/investor-relations/financial-information/group-financial-results/2024/Investec-plc-group-and-Investec-Bank-plc-Pillar-3-disclosure-report-March-2024.pdf	live	pdf	build_investec_bank.py:-;build_investec_bank.py:ANNUAL_P3_2024_URL;build_investec_bank.py:LCR_NSFR_SOURCES
https://www.investec.com/content/dam/investor-relations/financial-information/group-financial-results/2025/Investec-plc-group-and-Investec-Bank-plc-Pillar-3-disclosure-report-March-2025.pdf	live	pdf	build_investec_bank.py:-;build_investec_bank.py:ANNUAL_P3_2025_URL;build_investec_bank.py:LCR_NSFR_SOURCES
https://www.investec.com/content/dam/investor-relations/financial-information/group-financial-results/2026/Investec-plc-group-and-Investec-Bank-plc-Pillar-3-disclosure-report-March-2026.pdf	live	pdf	build_investec_bank.py:-;build_investec_bank.py:ANNUAL_P3_2026_URL;build_investec_bank.py:LCR_NSFR_SOURCES
https://www.itau.com.br/content/dam/ibba/en/Pillar-3-2021.pdf	live	pdf	build_itau_bba_international.py:-;build_itau_bba_international.py:PILLAR3_2021_URL
https://www.itau.com.br/media/dam/m/11e1e216dd5df1fd/original/Pillar-3-2023.pdf	live	pdf	build_itau_bba_international.py:-;build_itau_bba_international.py:PILLAR3_2023_URL
https://www.itau.com.br/media/dam/m/58b090bc84eddb94/original/Pillar-3-2022.pdf	live	pdf	build_itau_bba_international.py:-;build_itau_bba_international.py:PILLAR3_2022_URL
https://www.jordanbank.co.uk/annual-report-and-accounts/	live	-	build_jordan_international_bank.py:-
https://www.jordanbank.co.uk/media/1018/pillar-3.pdf	live	pdf	build_jordan_international_bank.py:-;build_jordan_international_bank.py:P3_2016_URL
https://www.jordanbank.co.uk/media/1127/pw3751-jib-pillar-3-2017-f-final.pdf	live	pdf	build_jordan_international_bank.py:-;build_jordan_international_bank.py:P3_2017_URL
https://www.jordanbank.co.uk/media/1133/pillar-3-2018.pdf	live	pdf	build_jordan_international_bank.py:-;build_jordan_international_bank.py:P3_2018_URL
https://www.jordanbank.co.uk/media/1208/jib-pillar-3-2019-revised-final-report.pdf	live	pdf	build_jordan_international_bank.py:-;build_jordan_international_bank.py:P3_2019_URL
https://www.jordanbank.co.uk/media/1215/jib-pillar-3-disclosures-2020.pdf	live	pdf	build_jordan_international_bank.py:-;build_jordan_international_bank.py:P3_2020_URL
https://www.jordanbank.co.uk/media/1239/pw3901-jib-pillar-3-2021-final.pdf	live	pdf	build_jordan_international_bank.py:-;build_jordan_international_bank.py:P3_2021_URL
https://www.jordanbank.co.uk/media/1245/jib-pillar-3-2022.pdf	live	pdf	build_jordan_international_bank.py:-;build_jordan_international_bank.py:P3_2022_URL
https://www.jordanbank.co.uk/media/1266/pw3949-jib-pillar-3-2023-final.pdf	live	pdf	build_jordan_international_bank.py:-;build_jordan_international_bank.py:P3_2023_URL
https://www.jordanbank.co.uk/media/n0xn5hx1/website-jib-pillar-3-2024-v24-clean.pdf	live	pdf	build_jordan_international_bank.py:-;build_jordan_international_bank.py:P3_2024_URL
https://www.jordanbank.co.uk/media/tlihy44n/company_accounts_2025.pdf)	live	-	build_jordan_international_bank.py:-
https://www.kingdom.bank/wp-content/uploads/2021/03/5ee1ea4628eaae3b944cb122_Pillar-3-Disclosures-approved-14-May-2020.pdf	live	pdf	build_kingdom_bank.py:-;build_kingdom_bank.py:P3_FY2019_DEAD_URL
https://www.kingdom.bank/wp-content/uploads/2021/07/Pillar-3-Disclosures-approved-3-June-2021-v2.pdf	live	pdf	build_kingdom_bank.py:-;build_kingdom_bank.py:P3_FY2020_DEAD_URL
https://www.kingdom.bank/wp-content/uploads/2022/06/Pillar-3-Disclosures-2021-approved-9-June-2022-clean-v2.pdf	live	pdf	build_kingdom_bank.py:-;build_kingdom_bank.py:P3_FY2021_DEAD_URL
https://www.kingdom.bank/wp-content/uploads/2023/04/Pillar-3-Disclosures-2022.pdf	live	pdf	build_kingdom_bank.py:-;build_kingdom_bank.py:P3_FY2022_DEAD_URL
https://www.kingdom.bank/wp-content/uploads/KBL-Statutory-Accounts-2024.pdf	live	pdf	build_kingdom_bank.py:-;build_kingdom_bank.py:AR2024_URL;build_kingdom_bank.py:NOT_DISCLOSED_NOTE
https://www.koreaexim.go.kr/site/uk	live	-	build_kexim_bank_uk.py:-;build_kexim_bank_uk.py:PILLAR3_ACCESS_NOTE
https://www.koreaexim.go.kr/uk/HPHYEU015M01	live	-	build_kexim_bank_uk.py:-;build_kexim_bank_uk.py:P3_CAPITAL_AMOUNT_NOTE;build_kexim_bank_uk.py:P3_EARLIER_EDITIONS_SOURCES
https://www.kroo.com/files/kroo-annual-report-2021.pdf	live	pdf	build_kroo_bank.py:-;build_kroo_bank.py:AR2021_URL;build_kroo_bank.py:CASH_FLOW_SOURCES;build_kroo_bank.py:STATEMENTS_SOURCES
https://www.kroo.com/files/kroo-annual-report-2022.pdf	live	pdf	build_kroo_bank.py:-;build_kroo_bank.py:AR2022_URL;build_kroo_bank.py:CASH_FLOW_SOURCES;build_kroo_bank.py:STATEMENTS_SOURCES
https://www.kroo.com/files/kroo-annual-report-2023.pdf	live	pdf	build_kroo_bank.py:-;build_kroo_bank.py:AR2023_URL;build_kroo_bank.py:CASH_FLOW_SOURCES;build_kroo_bank.py:STATEMENTS_SOURCES
https://www.kroo.com/files/kroo-annual-report-2024.pdf	live	pdf	build_kroo_bank.py:-;build_kroo_bank.py:AR2024_URL;build_kroo_bank.py:CASH_FLOW_SOURCES;build_kroo_bank.py:STATEMENTS_SOURCES
https://www.kroo.com/files/kroo-pillar-3-disclosures-2021.pdf	live	pdf	build_kroo_bank.py:-;build_kroo_bank.py:P3_2021_URL
https://www.kroo.com/files/kroo-pillar-3-disclosures-2022.pdf	live	pdf	build_kroo_bank.py:-;build_kroo_bank.py:P3_2022_URL
https://www.kroo.com/files/kroo-pillar-3-disclosures-2023.pdf	live	pdf	build_kroo_bank.py:-;build_kroo_bank.py:P3_2023_URL
https://www.kroo.com/files/kroo-pillar-3-disclosures-2024.pdf	live	pdf	build_kroo_bank.py:-;build_kroo_bank.py:P3_2024_URL
https://www.lloydsbankinggroup.com/assets/pdfs/investors/financial-performance/lloyds-bank-corporate-markets-plc/2018/2018-lbcm-annual-report-v2.pdf	live	pdf	build_lloyds_bank_corporate_markets.py:-
https://www.lloydsbankinggroup.com/assets/pdfs/investors/financial-performance/lloyds-bank-corporate-markets-plc/2019/2019-lbcm-annual-report.pdf	live	pdf	build_lloyds_bank_corporate_markets.py:-
https://www.lloydsbankinggroup.com/assets/pdfs/investors/financial-performance/lloyds-bank-corporate-markets-plc/2019/2019-lbcm-pillar-3-report-v2.xlsx	live	-	build_lloyds_bank_corporate_markets.py:-
https://www.lloydsbankinggroup.com/assets/pdfs/investors/financial-performance/lloyds-bank-corporate-markets-plc/2020/2020-lbcm-annual-report.pdf	live	pdf	build_lloyds_bank_corporate_markets.py:-
https://www.lloydsbankinggroup.com/assets/pdfs/investors/financial-performance/lloyds-bank-corporate-markets-plc/2020/2020-lbcm-fy-pillar-3.pdf	live	pdf	build_lloyds_bank_corporate_markets.py:-
https://www.lloydsbankinggroup.com/assets/pdfs/investors/financial-performance/lloyds-bank-corporate-markets-plc/2021/2021-lbcm-annual-report.pdf	live	pdf	build_lloyds_bank_corporate_markets.py:-
https://www.lloydsbankinggroup.com/assets/pdfs/investors/financial-performance/lloyds-bank-corporate-markets-plc/2021/2021-lbcm-fy-pillar3.pdf	live	pdf	build_lloyds_bank_corporate_markets.py:-
https://www.lloydsbankinggroup.com/assets/pdfs/investors/financial-performance/lloyds-bank-corporate-markets-plc/2022/half-year/2022-lbcm-hy-pillar-3.pdf	live	pdf	build_lloyds_bank_corporate_markets.py:-
https://www.lloydsbankinggroup.com/assets/pdfs/investors/financial-performance/lloyds-bank-corporate-markets-plc/2022/q1/2022-lbcm-q1-pillar-3.pdf	live	pdf	build_lloyds_bank_corporate_markets.py:-
https://www.lloydsbankinggroup.com/assets/pdfs/investors/financial-performance/lloyds-bank-corporate-markets-plc/2022/q3/2022-lbcm-q3-pillar-3.pdf	live	pdf	build_lloyds_bank_corporate_markets.py:-
https://www.lloydsbankinggroup.com/assets/pdfs/investors/financial-performance/lloyds-bank-corporate-markets-plc/2022/q4/2022-lbcm-annual-report.pdf	live	pdf	build_lloyds_bank_corporate_markets.py:-
https://www.lloydsbankinggroup.com/assets/pdfs/investors/financial-performance/lloyds-bank-corporate-markets-plc/2022/q4/2022-lbcm-fy-pillar-3.pdf	live	pdf	build_lloyds_bank_corporate_markets.py:-
https://www.lloydsbankinggroup.com/assets/pdfs/investors/financial-performance/lloyds-bank-corporate-markets-plc/2023/q1/2023-lbcm-q1-pillar-3.pdf	live	pdf	build_lloyds_bank_corporate_markets.py:-
https://www.lloydsbankinggroup.com/assets/pdfs/investors/financial-performance/lloyds-bank-corporate-markets-plc/2023/q2/2023-lbcm-hy-pillar-3.pdf	live	pdf	build_lloyds_bank_corporate_markets.py:-
https://www.lloydsbankinggroup.com/assets/pdfs/investors/financial-performance/lloyds-bank-corporate-markets-plc/2023/q3/2023-lbcm-q3-pillar-3.pdf	live	pdf	build_lloyds_bank_corporate_markets.py:-
https://www.lloydsbankinggroup.com/assets/pdfs/investors/financial-performance/lloyds-bank-corporate-markets-plc/2023/q4/2023-lbcm-annual-report.pdf	live	pdf	build_lloyds_bank_corporate_markets.py:-
https://www.lloydsbankinggroup.com/assets/pdfs/investors/financial-performance/lloyds-bank-corporate-markets-plc/2023/q4/2023-lbcm-fy-pillar-3.pdf	live	pdf	build_lloyds_bank_corporate_markets.py:-
https://www.lloydsbankinggroup.com/assets/pdfs/investors/financial-performance/lloyds-bank-corporate-markets-plc/2024/q1/2024-lbcm-q1-pillar-3.pdf	live	pdf	build_lloyds_bank_corporate_markets.py:-
https://www.lloydsbankinggroup.com/assets/pdfs/investors/financial-performance/lloyds-bank-corporate-markets-plc/2024/q2/2024-lbcm-hy-pillar-3.pdf	live	pdf	build_lloyds_bank_corporate_markets.py:-
https://www.lloydsbankinggroup.com/assets/pdfs/investors/financial-performance/lloyds-bank-corporate-markets-plc/2024/q3/2024-lbcm-q3-pillar-3.pdf	live	pdf	build_lloyds_bank_corporate_markets.py:-
https://www.lloydsbankinggroup.com/assets/pdfs/investors/financial-performance/lloyds-bank-corporate-markets-plc/2024/q4/2024-lbcm-annual-report.pdf	live	pdf	build_lloyds_bank_corporate_markets.py:-
https://www.lloydsbankinggroup.com/assets/pdfs/investors/financial-performance/lloyds-bank-corporate-markets-plc/2024/q4/2024-lbcm-fy-pillar-3.pdf	live	pdf	build_lloyds_bank_corporate_markets.py:-
https://www.lloydsbankinggroup.com/assets/pdfs/investors/financial-performance/lloyds-bank-corporate-markets-plc/2025/q1/2025-lbcm-q1-pillar-3.pdf	live	pdf	build_lloyds_bank_corporate_markets.py:-
https://www.lloydsbankinggroup.com/assets/pdfs/investors/financial-performance/lloyds-bank-corporate-markets-plc/2025/q2/2025-lbcm-hy-pillar-3.pdf	live	pdf	build_lloyds_bank_corporate_markets.py:-
https://www.lloydsbankinggroup.com/assets/pdfs/investors/financial-performance/lloyds-bank-corporate-markets-plc/2025/q3/2025-lbcm-q3-pillar-3.pdf	live	pdf	build_lloyds_bank_corporate_markets.py:-
https://www.lloydsbankinggroup.com/assets/pdfs/investors/financial-performance/lloyds-bank-corporate-markets-plc/2025/q4/2025-lbcm-annual-report.pdf	live	pdf	build_lloyds_bank_corporate_markets.py:-
https://www.lloydsbankinggroup.com/assets/pdfs/investors/financial-performance/lloyds-bank-corporate-markets-plc/2025/q4/2025-lbcm-fy-pillar-3.pdf	live	pdf	build_lloyds_bank_corporate_markets.py:-
https://www.lloydsbankinggroup.com/assets/pdfs/investors/financial-performance/lloyds-bank-plc/2017/2017-lb-annual-report-v2.pdf	live	pdf	build_lloyds_bank.py:-;build_lloyds_bank.py:AR2017_URL
https://www.lloydsbankinggroup.com/assets/pdfs/investors/financial-performance/lloyds-bank-plc/2018/2018-lb-annual-report.pdf	live	pdf	build_lloyds_bank.py:-
https://www.lloydsbankinggroup.com/assets/pdfs/investors/financial-performance/lloyds-bank-plc/2019/2019-lb-annual-report.pdf	live	pdf	build_lloyds_bank.py:-
https://www.lloydsbankinggroup.com/assets/pdfs/investors/financial-performance/lloyds-bank-plc/2019/2019-lb-pillar-3-report.pdf	live	pdf	build_lloyds_bank.py:-
https://www.lloydsbankinggroup.com/assets/pdfs/investors/financial-performance/lloyds-bank-plc/2020/2020-lb-annual-report.pdf	live	pdf	build_lloyds_bank.py:-
https://www.lloydsbankinggroup.com/assets/pdfs/investors/financial-performance/lloyds-bank-plc/2020/2020-lb-fy-pillar-3.pdf	live	pdf	build_lloyds_bank.py:-
https://www.lloydsbankinggroup.com/assets/pdfs/investors/financial-performance/lloyds-bank-plc/2021/full-year/2021-lb-annual-report.pdf	live	pdf	build_lloyds_bank.py:-
https://www.lloydsbankinggroup.com/assets/pdfs/investors/financial-performance/lloyds-bank-plc/2021/full-year/2021-lb-fy-pillar3.pdf	live	pdf	build_lloyds_bank.py:-
https://www.lloydsbankinggroup.com/assets/pdfs/investors/financial-performance/lloyds-bank-plc/2021/half-year/2021-lb-hy-pillar-3.pdf	live	pdf	build_lloyds_bank.py:-
https://www.lloydsbankinggroup.com/assets/pdfs/investors/financial-performance/lloyds-bank-plc/2021/q1/2021-lb-q1-ims-pillar-3.pdf	live	pdf	build_lloyds_bank.py:-
https://www.lloydsbankinggroup.com/assets/pdfs/investors/financial-performance/lloyds-bank-plc/2021/q3/2021-lb-q3-pillar-3.pdf	live	pdf	build_lloyds_bank.py:-
https://www.lloydsbankinggroup.com/assets/pdfs/investors/financial-performance/lloyds-bank-plc/2022/full-year/2022-lb-annual-report.pdf	live	pdf	build_lloyds_bank.py:-
https://www.lloydsbankinggroup.com/assets/pdfs/investors/financial-performance/lloyds-bank-plc/2022/full-year/2022-lb-fy-pillar3.pdf	live	pdf	build_lloyds_bank.py:-
https://www.lloydsbankinggroup.com/assets/pdfs/investors/financial-performance/lloyds-bank-plc/2022/half-year/2022-lb-hy-pillar-3.pdf	live	pdf	build_lloyds_bank.py:-
https://www.lloydsbankinggroup.com/assets/pdfs/investors/financial-performance/lloyds-bank-plc/2022/q1/2022-lb-q1-pillar-3.pdf	live	pdf	build_lloyds_bank.py:-
https://www.lloydsbankinggroup.com/assets/pdfs/investors/financial-performance/lloyds-bank-plc/2022/q3/2022-lb-q3-pillar-3.pdf	live	pdf	build_lloyds_bank.py:-
https://www.lloydsbankinggroup.com/assets/pdfs/investors/financial-performance/lloyds-bank-plc/2023/q1/2023-lb-q1-pillar-3.pdf	live	pdf	build_lloyds_bank.py:-
https://www.lloydsbankinggroup.com/assets/pdfs/investors/financial-performance/lloyds-bank-plc/2023/q2/2023-lb-hy-pillar-3.pdf	live	pdf	build_lloyds_bank.py:-
https://www.lloydsbankinggroup.com/assets/pdfs/investors/financial-performance/lloyds-bank-plc/2023/q3/2023-lb-q3-pillar-3.pdf	live	pdf	build_lloyds_bank.py:-
https://www.lloydsbankinggroup.com/assets/pdfs/investors/financial-performance/lloyds-bank-plc/2023/q4/2023-lb-annual-report.pdf	live	pdf	build_lloyds_bank.py:-
https://www.lloydsbankinggroup.com/assets/pdfs/investors/financial-performance/lloyds-bank-plc/2023/q4/2023-lb-fy-pillar-3.pdf	live	pdf	build_lloyds_bank.py:-
https://www.lloydsbankinggroup.com/assets/pdfs/investors/financial-performance/lloyds-bank-plc/2024/q1/2024-lb-q1-pillar-3.pdf	live	pdf	build_lloyds_bank.py:-
https://www.lloydsbankinggroup.com/assets/pdfs/investors/financial-performance/lloyds-bank-plc/2024/q2/2024-lb-hy-pillar-3.pdf	live	pdf	build_lloyds_bank.py:-
https://www.lloydsbankinggroup.com/assets/pdfs/investors/financial-performance/lloyds-bank-plc/2024/q3/2024-lb-q3-pillar-3.pdf	live	pdf	build_lloyds_bank.py:-
https://www.lloydsbankinggroup.com/assets/pdfs/investors/financial-performance/lloyds-bank-plc/2024/q4/2024-lb-annual-report.pdf	live	pdf	build_lloyds_bank.py:-
https://www.lloydsbankinggroup.com/assets/pdfs/investors/financial-performance/lloyds-bank-plc/2024/q4/2024-lb-fy-pillar-3.pdf	live	pdf	build_lloyds_bank.py:-
https://www.lloydsbankinggroup.com/assets/pdfs/investors/financial-performance/lloyds-bank-plc/2025/q1/2025-lb-q1-pillar-3.pdf	live	pdf	build_lloyds_bank.py:-
https://www.lloydsbankinggroup.com/assets/pdfs/investors/financial-performance/lloyds-bank-plc/2025/q2/2025-lb-hy-pillar-3.pdf	live	pdf	build_lloyds_bank.py:-
https://www.lloydsbankinggroup.com/assets/pdfs/investors/financial-performance/lloyds-bank-plc/2025/q3/2025-lb-q3-pillar-3.pdf	live	pdf	build_lloyds_bank.py:-
https://www.lloydsbankinggroup.com/assets/pdfs/investors/financial-performance/lloyds-bank-plc/2025/q4/2025-lb-annual-report.pdf	live	pdf	build_lloyds_bank.py:-
https://www.lloydsbankinggroup.com/assets/pdfs/investors/financial-performance/lloyds-bank-plc/2025/q4/2025-lb-fy-pillar-3.pdf	live	pdf	build_lloyds_bank.py:-
https://www.mcafundingforchurches.co.uk/about-us/financial-information/	live	-	build_methodist_chapel_aid.py:-;build_methodist_chapel_aid.py:SDDT_NOTE
https://www.mcafundingforchurches.co.uk/media/4bcl2vk5/mca-ar-2025.pdf	live	pdf	build_methodist_chapel_aid.py:-;build_methodist_chapel_aid.py:AR_2025;build_methodist_chapel_aid.py:ASSET_QUALITY_SOURCES;build_methodist_chapel_aid.py:STATEMENTS_SOURCES
https://www.mcafundingforchurches.co.uk/media/honer1yl/pillar3disclosures2022.pdf	live	pdf	build_methodist_chapel_aid.py:-;build_methodist_chapel_aid.py:P3_2022_DEAD;build_methodist_chapel_aid.py:RWA_BREAKDOWN_SOURCES
https://www.mcafundingforchurches.co.uk/media/keybconk/annual-report-2024.pdf	live	pdf	build_methodist_chapel_aid.py:-;build_methodist_chapel_aid.py:AR_2024;build_methodist_chapel_aid.py:ASSET_QUALITY_SOURCES;build_methodist_chapel_aid.py:STATEMENTS_SOURCES
https://www.mcafundingforchurches.co.uk/media/ngqlqg5o/pillar-3-disclosures-2023.pdf	live	pdf	build_methodist_chapel_aid.py:-;build_methodist_chapel_aid.py:P3_2023_DEAD;build_methodist_chapel_aid.py:RWA_BREAKDOWN_SOURCES
https://www.mcafundingforchurches.co.uk/siteFiles/resources/pdf/Pillar3disclosures2022.pdf	live	pdf	build_methodist_chapel_aid.py:-;build_methodist_chapel_aid.py:P3_2022;build_methodist_chapel_aid.py:RWA_BREAKDOWN_SOURCES
https://www.mcafundingforchurches.co.uk/sitefiles/resources/pdf/2021-pillar-3-disclosures.pdf	live	pdf	build_methodist_chapel_aid.py:-;build_methodist_chapel_aid.py:P3_2021_DEAD;build_methodist_chapel_aid.py:RWA_BREAKDOWN_SOURCES
https://www.mcafundingforchurches.co.uk/sitefiles/resources/pdf/annualreport2022.pdf	live	pdf	build_methodist_chapel_aid.py:-;build_methodist_chapel_aid.py:AR_2022;build_methodist_chapel_aid.py:ASSET_QUALITY_SOURCES;build_methodist_chapel_aid.py:STATEMENTS_SOURCES
https://www.mcafundingforchurches.co.uk/sitefiles/resources/pdf/pillar3disclosures2020.pdf	live	pdf	build_methodist_chapel_aid.py:-;build_methodist_chapel_aid.py:P3_2020_DEAD;build_methodist_chapel_aid.py:RWA_BREAKDOWN_SOURCES
https://www.metrobankonline.co.uk/globalassets/documents/customer_documents/business-and-commercial/metro-bank-annual-report-and-accounts-2022.pdf.pdf	live	pdf	build_metro_bank.py:-;build_metro_bank.py:AR_2022;build_metro_bank.py:CASH_SOURCES;build_metro_bank.py:STATEMENTS_SOURCES
https://www.metrobankonline.co.uk/globalassets/documents/customer_documents/business-and-commercial/metro-bank-plc-annual-report-2023.pdf	live	pdf	build_metro_bank.py:-;build_metro_bank.py:AR_2023;build_metro_bank.py:CASH_SOURCES;build_metro_bank.py:STATEMENTS_SOURCES
https://www.metrobankonline.co.uk/globalassets/documents/customer_documents/business-and-commercial/pillar-3-disclosure---h1-2022.pdf	live	pdf	build_metro_bank.py:-;build_metro_bank.py:P3_H1_2022
https://www.metrobankonline.co.uk/globalassets/documents/customer_documents/business-and-commercial/pillar-3-disclosure-2022.pdf	live	pdf	build_metro_bank.py:-;build_metro_bank.py:P3_2022;build_metro_bank.py:P3_SOURCES
https://www.metrobankonline.co.uk/globalassets/documents/customer_documents/intermediaries/metro-bank-annual-report-2021.pdf	live	pdf	build_metro_bank.py:-;build_metro_bank.py:AR_2021;build_metro_bank.py:CASH_SOURCES;build_metro_bank.py:STATEMENTS_SOURCES
https://www.metrobankonline.co.uk/globalassets/documents/customer_documents/intermediaries/metro-bank-pillar-3-disclosure-2021.pdf	live	pdf	build_metro_bank.py:-;build_metro_bank.py:P3_2021;build_metro_bank.py:P3_SOURCES
https://www.metrobankonline.co.uk/globalassets/documents/customer_documents/intermediaries/pillar-3-disclosure-h1-2024.pdf	live	pdf	build_metro_bank.py:-;build_metro_bank.py:P3_H1_2024
https://www.metrobankonline.co.uk/globalassets/documents/customer_documents/personal/metro-bank-annual-report-2024.pdf	live	pdf	build_metro_bank.py:-;build_metro_bank.py:AR_2024;build_metro_bank.py:STATEMENTS_SOURCES
https://www.metrobankonline.co.uk/globalassets/documents/customer_documents/personal/pillar-3-disclosure-h1-2023.pdf	live	pdf	build_metro_bank.py:-;build_metro_bank.py:P3_H1_2023
https://www.metrobankonline.co.uk/globalassets/documents/investor_documents/2017-annual-report.pdf	live	pdf	build_metro_bank.py:-;build_metro_bank.py:AR_2017;build_metro_bank.py:STATEMENTS_SOURCES
https://www.metrobankonline.co.uk/globalassets/documents/investor_documents/annual-report-2015.pdf	live	pdf	build_metro_bank.py:-;build_metro_bank.py:AR_2014;build_metro_bank.py:AR_2015;build_metro_bank.py:P3_SOURCES;build_metro_bank.py:STATEMENTS_SOURCES
https://www.metrobankonline.co.uk/globalassets/documents/investor_documents/annual-report-2018.pdf	live	pdf	build_metro_bank.py:-;build_metro_bank.py:AR_2018;build_metro_bank.py:STATEMENTS_SOURCES
https://www.metrobankonline.co.uk/globalassets/documents/investor_documents/metro-bank---annual-report-2025.pdf	live	pdf	build_metro_bank.py:-;build_metro_bank.py:AR_2025;build_metro_bank.py:STATEMENTS_SOURCES
https://www.metrobankonline.co.uk/globalassets/documents/investor_documents/metro-bank-2017-pillar-3-disclosure.pdf	live	pdf	build_metro_bank.py:-;build_metro_bank.py:P3_2017_HIST;build_metro_bank.py:P3_SOURCES
https://www.metrobankonline.co.uk/globalassets/documents/investor_documents/metro-bank-annual-report-2016.pdf	live	pdf	build_metro_bank.py:-;build_metro_bank.py:AR_2016;build_metro_bank.py:P3_SOURCES;build_metro_bank.py:STATEMENTS_SOURCES
https://www.metrobankonline.co.uk/globalassets/documents/investor_documents/metro-bank-annual-report-2019.pdf	live	pdf	build_metro_bank.py:-;build_metro_bank.py:AR_2019;build_metro_bank.py:STATEMENTS_SOURCES
https://www.metrobankonline.co.uk/globalassets/documents/investor_documents/metro-bank-pillar-3-2019.pdf	live	pdf	build_metro_bank.py:-;build_metro_bank.py:P3_2019_HIST;build_metro_bank.py:P3_SOURCES
https://www.metrobankonline.co.uk/globalassets/documents/investor_documents/pillar-3---2025-final.pdf	live	pdf	build_metro_bank.py:-;build_metro_bank.py:P3_2025;build_metro_bank.py:P3_SOURCES
https://www.metrobankonline.co.uk/globalassets/documents/investor_documents/pillar-3-disclosure-2018.pdf	live	pdf	build_metro_bank.py:-;build_metro_bank.py:P3_2018_HIST;build_metro_bank.py:P3_SOURCES
https://www.metrobankonline.co.uk/globalassets/h1-2025-pillar-3-final.pdf	live	pdf	build_metro_bank.py:-;build_metro_bank.py:P3_H1_2025
https://www.metrobankonline.co.uk/globalassets/investor-relations/metro-bank-annual-report-2020.pdf	live	pdf	build_metro_bank.py:-;build_metro_bank.py:AR_2020;build_metro_bank.py:STATEMENTS_SOURCES
https://www.metrobankonline.co.uk/globalassets/investor-relations/metro-bank-plc-pillar-3-2020.pdf	live	pdf	build_metro_bank.py:-;build_metro_bank.py:P3_2020_HIST;build_metro_bank.py:P3_SOURCES
https://www.metrobankonline.co.uk/globalassets/legal-information/pillar-3-disclosure-2016.pdf	live	pdf	build_metro_bank.py:-;build_metro_bank.py:P3_2016;build_metro_bank.py:P3_SOURCES
https://www.metrobankonline.co.uk/globalassets/pillar-3-2024.pdf	live	pdf	build_metro_bank.py:-;build_metro_bank.py:P3_2024;build_metro_bank.py:P3_SOURCES
https://www.metrobankonline.co.uk/globalassets/pillar-3-disclosure-2023.pdf	live	pdf	build_metro_bank.py:-;build_metro_bank.py:P3_2023;build_metro_bank.py:P3_SOURCES
https://www.monument.co/annual-reports)	live	-	build_monument_bank.py:-;build_monument_bank.py:P3_SOURCES
https://www.nbeuk.com/wp-content/uploads/2021/02/2018_Basel_ll_Pillar_3_Disclosure.pdf	live	pdf	build_national_bank_of_egypt_uk.py:-;build_national_bank_of_egypt_uk.py:FY2017_SOURCE_NOTE
https://www.nbeuk.com/wp-content/uploads/2021/02/Draft_Pillar_3-30062017_30112017.pdf	live	pdf	build_national_bank_of_egypt_uk.py:-;build_national_bank_of_egypt_uk.py:FY2017_SOURCE_NOTE;build_national_bank_of_egypt_uk.py:RWA_BREAKDOWN_SOURCES
https://www.nbeuk.com/wp-content/uploads/2021/02/NBE_UK_Financial_Statements_2018.pdf	live	pdf	build_national_bank_of_egypt_uk.py:-
https://www.nbeuk.com/wp-content/uploads/2023/05/Pillar-3-31-December-2021-approved.pdf	live	pdf	build_national_bank_of_egypt_uk.py:-
https://www.nbeuk.com/wp-content/uploads/2023/10/NBE-UK-Pillar-3-31-December-2022-approved.pdf	live	pdf	build_national_bank_of_egypt_uk.py:-
https://www.nbeuk.com/wp-content/uploads/2024/09/Pillar-3-Disclosures-31st-December-2023-FINAL.pdf	live	pdf	build_national_bank_of_egypt_uk.py:-
https://www.nbeuk.com/wp-content/uploads/2025/04/Pillar-3-Disclosures-31st-December-2024.pdf	live	pdf	build_national_bank_of_egypt_uk.py:-
https://www.nbeuk.com/wp-content/uploads/2026/04/NBEUK-Pillar-3-Disclosures-31st-December-2025.pdf	live	pdf	build_national_bank_of_egypt_uk.py:-
https://www.nbk.com/dam/jcr:04623e62-4149-4a86-99a6-989cd9285e7e/NBKI-Financial-Statement-2024.pdf	live	pdf	build_national_bank_of_kuwait_international.py:-
https://www.nbk.com/dam/jcr:19757e7d-4d03-40f8-bf39-63c995186e39/Pillar_III_Disclosures.pdf	live	pdf	build_national_bank_of_kuwait_international.py:-;build_national_bank_of_kuwait_international.py:ARCHIVED_P3_NOTE;build_national_bank_of_kuwait_international.py:PILLAR_URL
https://www.nbk.com/dam/jcr:6d7dc8ff-20d6-4ba1-be40-03386a48becd/nbki-financial-statements-2025.pdf	live	pdf	build_national_bank_of_kuwait_international.py:-
https://www.nbk.com/dam/jcr:6ed10da3-e2cf-4194-b3b2-eb19e0b4b447/Pillar-III-Disclosures-2023.pdf	live	pdf	build_national_bank_of_kuwait_international.py:-;build_national_bank_of_kuwait_international.py:ARCHIVED_P3_NOTE
https://www.nbk.com/dam/jcr:7ba4c7e4-c705-4d5a-b6a6-2867045845bb/Pillar%20III%20Disclosres%202024.pdf	live	pdf	build_national_bank_of_kuwait_international.py:-;build_national_bank_of_kuwait_international.py:ARCHIVED_P3_NOTE
https://www.nbk.com/dam/jcr:a2323d07-848e-4518-971d-8e24a3395ad0/NBKI-Financial-Statement-2023.pdf	live	pdf	build_national_bank_of_kuwait_international.py:-
https://www.nbk.com/dam/jcr:c3c72c41-97cb-454c-b14e-2a77baf033ab/NBKI-Financial-Statement-2021.pdf	live	pdf	build_national_bank_of_kuwait_international.py:-
https://www.nbk.com/dam/jcr:d333e5bb-2545-40a2-90a6-59a827646b7b/NBKI-Financial-Statement-2022.pdf	live	pdf	build_national_bank_of_kuwait_international.py:-
https://www.nomuranow.com/portal/site/login/en-gb/resources/upload/nomura-europe-holdings-plc-annual-pillar-3-disclosures-310321.pdf	live	pdf	build_nomura_bank_international.py:-;build_nomura_bank_international.py:NEH_NOTE;build_nomura_bank_international.py:NEH_P3_URL;build_nomura_bank_international.py:NEH_SOURCE
https://www.nomuranow.com/portal/site/public/en-gb/resources/upload/NBI-Annual-Report-310321.pdf	live	pdf	build_nomura_bank_international.py:-;build_nomura_bank_international.py:AR21_URL
https://www.nomuranow.com/portal/site/public/en-gb/resources/upload/NBI-Annual-Report-310322.pdf	live	pdf	build_nomura_bank_international.py:-;build_nomura_bank_international.py:AR22_URL
https://www.nomuranow.com/portal/site/public/en-gb/resources/upload/NBI-Annual-Report-310323.pdf	live	pdf	build_nomura_bank_international.py:-;build_nomura_bank_international.py:AR23_URL
https://www.nomuranow.com/portal/site/public/en-gb/resources/upload/NBI-Annual-Report-310324.pdf	live	pdf	build_nomura_bank_international.py:-;build_nomura_bank_international.py:AR24_URL
https://www.nomuranow.com/portal/site/public/en-gb/resources/upload/NBI-Annual-Report-310325.pdf	live	pdf	build_nomura_bank_international.py:-;build_nomura_bank_international.py:AR25_URL
https://www.nomuranow.com/portal/site/public/en-gb/resources/upload/NBI-Annual-Report-310326.pdf	live	pdf	build_nomura_bank_international.py:-;build_nomura_bank_international.py:AR26_URL
https://www.nomuranow.com/portal/site/public/en-gb/resources/upload/NBI-Interim-Report-Sep2021.pdf	live	pdf	build_nomura_bank_international.py:-
https://www.nomuranow.com/portal/site/public/en-gb/resources/upload/NBI-Interim-Report-Sep2022.pdf	live	pdf	build_nomura_bank_international.py:-
https://www.nomuranow.com/portal/site/public/en-gb/resources/upload/NBI-Interim-Report-Sep2023.pdf	live	pdf	build_nomura_bank_international.py:-
https://www.nomuranow.com/portal/site/public/en-gb/resources/upload/NBI-Interim-Report-Sep2025.pdf	live	pdf	build_nomura_bank_international.py:-
https://www.nomuranow.com/portal/site/public/en-gb/resources/upload/NBI-Interims-September-2024-Accounts-Branded.pdf	live	pdf	build_nomura_bank_international.py:-
https://www.nomuranow.com/portal/site/public/en-gb/resources/upload/nomura-europe-holdings-plc-annual-pillar-3-disclosures-310322.pdf	live	pdf	build_nomura_bank_international.py:-;build_nomura_bank_international.py:NEH_P3_22_URL
https://www.nomuranow.com/portal/site/public/en-gb/resources/upload/nomura-europe-holdings-plc-annual-pillar-3-disclosures-310322.pdf)	live	-	build_nomura_bank_international.py:-;build_nomura_bank_international.py:NEH_NOTE
https://www.nomuranow.com/portal/site/public/en-gb/resources/upload/nomura-europe-holdings-plc-annual-pillar-3-disclosures-310323.pdf	live	pdf	build_nomura_bank_international.py:-;build_nomura_bank_international.py:NEH_NOTE;build_nomura_bank_international.py:NEH_P3_23_URL
https://www.nomuranow.com/portal/site/public/en-gb/resources/upload/nomura-europe-holdings-plc-annual-pillar-3-disclosures-310324.pdf	live	pdf	build_nomura_bank_international.py:-;build_nomura_bank_international.py:NEH_P3_24_URL
https://www.nomuranow.com/portal/site/public/en-gb/resources/upload/nomura-europe-holdings-plc-annual-pillar-3-disclosures-310324.pdf)	live	-	build_nomura_bank_international.py:-;build_nomura_bank_international.py:NEH_NOTE
https://www.nomuranow.com/portal/site/public/en-gb/resources/upload/nomura-europe-holdings-plc-semi-annual-pillar-3-disclosures-300921.pdf	live	pdf	build_nomura_bank_international.py:-;build_nomura_bank_international.py:sep21_p3_url
https://www.oaknorth.co.uk/wp-content/uploads/2022/03/OakNorth-Bank-Annual-Report-2021.pdf	live	pdf	build_oaknorth.py:-
https://www.onesavingsbank.com/media/03kpilxl/onesavings-bank-plc-2020-accounts.pdf	live	pdf	build_onesavings.py:-;build_onesavings.py:CASH_FLOW_SOURCES;build_onesavings.py:STATEMENTS_SOURCES
https://www.onesavingsbank.com/media/143pzceq/q4-2024-osbg-pillar-3-disclosure.pdf	live	pdf	build_onesavings.py:-;build_onesavings.py:ASSET_QUALITY_SOURCES;build_onesavings.py:P3_2024_URL;build_onesavings.py:RWA_BREAKDOWN_SOURCES
https://www.onesavingsbank.com/media/5n1lklrr/onesavings-bank-plc-2021-accounts.pdf	live	pdf	build_onesavings.py:-;build_onesavings.py:AR_2021_URL;build_onesavings.py:CASH_FLOW_SOURCES;build_onesavings.py:STATEMENTS_SOURCES
https://www.onesavingsbank.com/media/cqepdkda/osb-group-pillar-3-disclosures-2022.pdf	live	pdf	build_onesavings.py:-;build_onesavings.py:ASSET_QUALITY_SOURCES;build_onesavings.py:P3_2022_URL;build_onesavings.py:RWA_BREAKDOWN_SOURCES
https://www.onesavingsbank.com/media/hbymiii2/q4-2025-osbg-pillar-3-disclosure.pdf	live	pdf	build_onesavings.py:-;build_onesavings.py:ASSET_QUALITY_SOURCES;build_onesavings.py:P3_2025_URL;build_onesavings.py:RWA_BREAKDOWN_SOURCES
https://www.onesavingsbank.com/media/iuvfpajb/osb-group-pillar-3-disclosures-2021.pdf	live	pdf	build_onesavings.py:-;build_onesavings.py:ASSET_QUALITY_SOURCES;build_onesavings.py:P3_2021_URL
https://www.onesavingsbank.com/media/kn3nulae/q4-2023-osb-pillar-3-disclosures.pdf	live	pdf	build_onesavings.py:-;build_onesavings.py:ASSET_QUALITY_SOURCES;build_onesavings.py:P3_2023_URL;build_onesavings.py:RWA_BREAKDOWN_SOURCES
https://www.onesavingsbank.com/media/w3ffou5b/osbg-ara-2022.pdf	live	pdf	build_onesavings.py:-;build_onesavings.py:AR_2022_URL
https://www.osb.co.uk/media/143pzceq/q4-2024-osbg-pillar-3-disclosure.pdf	live	pdf	build_charter_court.py:-
https://www.osb.co.uk/media/hbymiii2/q4-2025-osbg-pillar-3-disclosure.pdf	live	pdf	build_charter_court.py:-
https://www.osb.co.uk/media/kn3nulae/q4-2023-osb-pillar-3-disclosures.pdf	live	pdf	build_charter_court.py:-
https://www.osb.co.uk/media/nwwagqwf/download-pillar-3-disclosure-document-2019.pdf	live	pdf	build_onesavings.py:-;build_onesavings.py:P3_2019_URL
https://www.osb.co.uk/media/utofi4fl/11-osb-2019-annual-report-and-accounts.pdf	live	pdf	build_onesavings.py:-;build_onesavings.py:AR_2019_URL;build_onesavings.py:CASH_FLOW_SOURCES;build_onesavings.py:STATEMENTS_SOURCES
https://www.osb.co.uk/media/xmiprmgq/download-pillar-3-disclosure-document-2020.pdf	live	pdf	build_onesavings.py:-;build_onesavings.py:P3_2020_URL
https://www.oxbury.com/annual-reports/	live	-	build_oxbury.py:-
https://www.oxbury.com/media/03rk55or/oxbury-2024-accounts-1pg.pdf	live	pdf	build_oxbury.py:-;build_oxbury.py:AR2024_URL;build_oxbury.py:CASH_FLOW_SOURCES;build_oxbury.py:STATEMENTS_SOURCES
https://www.oxbury.com/media/3yknkp3i/oxbury-bank-plc-pillar-3-2024.pdf	live	pdf	build_oxbury.py:-;build_oxbury.py:P3_2024_URL
https://www.oxbury.com/media/brmf2riv/annual-report-2022.pdf	live	pdf	build_oxbury.py:-;build_oxbury.py:AR2022_URL;build_oxbury.py:CASH_FLOW_SOURCES;build_oxbury.py:STATEMENTS_SOURCES
https://www.oxbury.com/media/dxeb3xqx/oxbury-bank-annual-accounts-31122023.pdf	live	pdf	build_oxbury.py:-;build_oxbury.py:AR2023_URL;build_oxbury.py:CASH_FLOW_SOURCES;build_oxbury.py:STATEMENTS_SOURCES
https://www.oxbury.com/media/e3xppqoe/2025-company-accounts.pdf	live	pdf	build_oxbury.py:-;build_oxbury.py:AR2025_URL;build_oxbury.py:CASH_FLOW_SOURCES;build_oxbury.py:STATEMENTS_SOURCES
https://www.oxbury.com/media/g5xibgrw/annual-report-2021.pdf	live	pdf	build_oxbury.py:-;build_oxbury.py:AR2021_URL;build_oxbury.py:CASH_FLOW_SOURCES;build_oxbury.py:STATEMENTS_SOURCES
https://www.oxbury.com/media/xttezclr/oxbury-bank-plc-pillar-3-2023-final.pdf	live	pdf	build_oxbury.py:-;build_oxbury.py:P3_2023_URL
https://www.oxbury.com/media/yqqdu010/oxbury-bank-plc-pillar-3-2025.pdf	live	pdf	build_oxbury.py:-;build_oxbury.py:P3_2025_URL
https://www.paragonbank.co.uk/resources/paragon-group/documents/reports-presentations/2022/pbg_2021_pillar_iii_disclosures	live	-	build_paragon.py:-;build_paragon.py:P3_2021_URL;build_paragon.py:P3_SOURCES
https://www.paragonbankinggroup.co.uk/resources/paragon-group/documents/2025-paragon-bank-plc-ara	live	-	build_paragon.py:-;build_paragon.py:AR2025_URL;build_paragon.py:CASH_FLOW_SOURCES;build_paragon.py:P3_SOURCES
https://www.paragonbankinggroup.co.uk/resources/paragon-group/documents/corporate-governance/half-year-pillar-iii	live	-	build_paragon.py:-;build_paragon.py:INTERIM_2022_URL
https://www.paragonbankinggroup.co.uk/resources/paragon-group/documents/paragon-bank-plc-annual-report-and-accounts-2023	live	-	build_paragon.py:-;build_paragon.py:AR2023_URL;build_paragon.py:CASH_FLOW_SOURCES
https://www.paragonbankinggroup.co.uk/resources/paragon-group/documents/paragon-bank-plc-annual-report-and-accounts-2024	live	-	build_paragon.py:-;build_paragon.py:AR2024_URL;build_paragon.py:CASH_FLOW_SOURCES
https://www.paragonbankinggroup.co.uk/resources/paragon-group/documents/reports-presentations/2022/pbg_2022_pillar_iii_disclosures	live	-	build_paragon.py:-;build_paragon.py:P3_2022_URL;build_paragon.py:P3_SOURCES
https://www.paragonbankinggroup.co.uk/resources/paragon-group/documents/reports-presentations/2023/paragonbankinggroup_hy_pillar-3_2023	live	-	build_paragon.py:-;build_paragon.py:INTERIM_2023_URL
https://www.paragonbankinggroup.co.uk/resources/paragon-group/documents/reports-presentations/2024/2024--pillar--iii	live	-	build_paragon.py:-;build_paragon.py:P3_2024_URL;build_paragon.py:P3_SOURCES
https://www.paragonbankinggroup.co.uk/resources/paragon-group/documents/reports-presentations/2024/2024-pillar-iii	live	-	build_paragon.py:-;build_paragon.py:INTERIM_2024_URL
https://www.paragonbankinggroup.co.uk/resources/paragon-group/documents/reports-presentations/2025/2025-pillar-iii	live	-	build_paragon.py:-;build_paragon.py:INTERIM_2025_URL;build_paragon.py:P3_2025_URL;build_paragon.py:P3_SOURCES
https://www.paragonbankinggroup.co.uk/resources/paragon-group/documents/section-172/2022/paragon-bank-plc-s172	live	-	build_paragon.py:-;build_paragon.py:AR2022_URL;build_paragon.py:CASH_FLOW_SOURCES
https://www.paragonbankinggroup.co.uk/resources/paragon-group/documents/section-172/paragonbankaccounts2021	live	-	build_paragon.py:-;build_paragon.py:AR2021_URL;build_paragon.py:CASH_FLOW_SOURCES
https://www.persiabank.co.uk/Pillar%203%202021%20v3.pdf	live	pdf	build_persia_international_bank.py:-;build_persia_international_bank.py:PILLAR3_2021_URL_HTTPS_BROKEN
https://www.pnb.com.ph/europe/images/stories/docs/Pillar3_Disclosures_for_	live	-	build_philippine_national_bank_europe.py:-
https://www.pnb.com.ph/europe/images/stories/docs/Pillar3_Disclosures_for_2015.pdf	live	pdf	build_philippine_national_bank_europe.py:-;build_philippine_national_bank_europe.py:P3_2015_URL;build_philippine_national_bank_europe.py:P3_SOURCES
https://www.pnb.com.ph/europe/images/stories/docs/Pillar3_Disclosures_for_2015.pdf)	live	-	build_philippine_national_bank_europe.py:-;build_philippine_national_bank_europe.py:BLOCKED_HOST_NOTE;build_philippine_national_bank_europe.py:P3_SOURCES
https://www.pnb.com.ph/europe/images/stories/docs/Pillar3_Disclosures_for_2016.pdf	live	pdf	build_philippine_national_bank_europe.py:-;build_philippine_national_bank_europe.py:P3_2016_URL;build_philippine_national_bank_europe.py:P3_SOURCES
https://www.pnb.com.ph/europe/images/stories/docs/Pillar3_Disclosures_for_2016.pdf)	live	-	build_philippine_national_bank_europe.py:-;build_philippine_national_bank_europe.py:BLOCKED_HOST_NOTE;build_philippine_national_bank_europe.py:P3_SOURCES
https://www.pnb.com.ph/europe/images/stories/docs/Pillar3_Disclosures_for_2017.pdf	live	pdf	build_philippine_national_bank_europe.py:-;build_philippine_national_bank_europe.py:ORIG_P3_2017_URL
https://www.pnb.com.ph/europe/images/stories/docs/Pillar3_Disclosures_for_2019.pdf	live	pdf	build_philippine_national_bank_europe.py:-;build_philippine_national_bank_europe.py:ORIG_P3_2019_URL
https://www.pnb.com.ph/storage/asset-libraries/Me1hxgtaSlrRs32Dvl6SIB1qgOfY1WbTDfGv2ZzQ.pdf	live	pdf	build_philippine_national_bank_europe.py:-;build_philippine_national_bank_europe.py:P3_2025_URL;build_philippine_national_bank_europe.py:P3_SOURCES
https://www.pnb.com.ph/storage/asset-libraries/Me1hxgtaSlrRs32Dvl6SIB1qgOfY1WbTDfGv2ZzQ.pdf)	live	-	build_philippine_national_bank_europe.py:-;build_philippine_national_bank_europe.py:BLOCKED_HOST_NOTE;build_philippine_national_bank_europe.py:P3_SOURCES
https://www.pnbint.com/PNBIL/pdf/Financial_Reports/	live	-	build_punjab_national_bank_international.py:-;build_punjab_national_bank_international.py:BASE
https://www.pnbint.com/PNBIL/pdf/Financial_Reports/Annual%20Report%2031-03-16.pdf	live	pdf	build_punjab_national_bank_international.py:-
https://www.pnbint.com/PNBIL/pdf/Financial_Reports/Annual%20Report%2031-03-18.pdf	live	pdf	build_punjab_national_bank_international.py:-
https://www.pnbint.com/PNBIL/pdf/Financial_Reports/Annual%20Report%2031-03-19.pdf	live	pdf	build_punjab_national_bank_international.py:-
https://www.pnbint.com/PNBIL/pdf/Financial_Reports/Annual%20Report%2031-03-20_latest.pdf	live	pdf	build_punjab_national_bank_international.py:-
https://www.pnbint.com/PNBIL/pdf/Financial_Reports/Annual%20Report%2031.03.2015.pdf	live	pdf	build_punjab_national_bank_international.py:-
https://www.pnbint.com/PNBIL/pdf/Financial_Reports/Annual%20report%20%2031-03-21.pdf	live	pdf	build_punjab_national_bank_international.py:-
https://www.pnbint.com/PNBIL/pdf/Financial_Reports/AnnualReport20220331.pdf	live	pdf	build_punjab_national_bank_international.py:-
https://www.pnbint.com/PNBIL/pdf/Financial_Reports/Annual_Report_31-03-2024.pdf	live	pdf	build_punjab_national_bank_international.py:-
https://www.pnbint.com/PNBIL/pdf/Financial_Reports/Annualreport31-03-2014.pdf	live	pdf	build_punjab_national_bank_international.py:-
https://www.pnbint.com/PNBIL/pdf/Financial_Reports/Basel%20III%20Pillar%203%20Disclosures%20%2031-03-2021.pdf	live	pdf	build_punjab_national_bank_international.py:-
https://www.pnbint.com/PNBIL/pdf/Financial_Reports/Basel%20III%20Pillar%203%20Disclosures%20%2031-03-2022.pdf	live	pdf	build_punjab_national_bank_international.py:-
https://www.pnbint.com/PNBIL/pdf/Financial_Reports/Basel%20III%20Pillar%203%20Disclosures%2031-03-2025.pdf	live	pdf	build_punjab_national_bank_international.py:-
https://www.pnbint.com/PNBIL/pdf/Financial_Reports/Basel-III-Pillar-3-Disclosure-31-03-2026.pdf	live	pdf	build_punjab_national_bank_international.py:-
https://www.pnbint.com/PNBIL/pdf/Financial_Reports/Basel_III_Pillar_3_Disclosures%2031-03-2024.pdf	live	pdf	build_punjab_national_bank_international.py:-
https://www.pnbint.com/PNBIL/pdf/Financial_Reports/PILLAR%203%20Disclosures-%2031.03.18.pdf	live	pdf	build_punjab_national_bank_international.py:-
https://www.pnbint.com/PNBIL/pdf/Financial_Reports/PILLAR%20III%20-%2031.03.2019%20-%20FINAL.pdf	live	pdf	build_punjab_national_bank_international.py:-
https://www.pnbint.com/PNBIL/pdf/Financial_Reports/PNBIL%20Annual%20Report%202025.pdf	live	pdf	build_punjab_national_bank_international.py:-
https://www.pnbint.com/PNBIL/pdf/Financial_Reports/PNBIL%20Pillar%20III%20Disclosures%20Publish%20Version.pdf	live	pdf	build_punjab_national_bank_international.py:-
https://www.pnbint.com/PNBIL/pdf/Financial_Reports/PNBIL-Annual-Report-2026.pdf	live	pdf	build_punjab_national_bank_international.py:-
https://www.pnbint.com/PNBIL/pdf/Financial_Reports/PNBIL_Annual_Report_2023.pdf	live	pdf	build_punjab_national_bank_international.py:-
https://www.pnbint.com/PNBIL/pdf/Financial_Reports/Pillar%203%20Disclosures%2031%2003%202017_FINAL.pdf	live	pdf	build_punjab_national_bank_international.py:-
https://www.pnbint.com/PNBIL/pdf/Financial_Reports/Pillar%20III%20disclosures%2031%2003%202014.pdf	live	pdf	build_punjab_national_bank_international.py:-
https://www.pnbint.com/PNBIL/pdf/Financial_Reports/Pillar%20III%20disclosures%2031%2003%202015.pdf	live	pdf	build_punjab_national_bank_international.py:-
https://www.pnbint.com/PNBIL/pdf/Financial_Reports/Pillar%20III%20disclosures%2031%2003%202016_Revised.pdf	live	pdf	build_punjab_national_bank_international.py:-
https://www.pnbint.com/PNBIL/pdf/Financial_Reports/Pillar_3_Disclosure_%2031st_March_2020.pdf	live	pdf	build_punjab_national_bank_international.py:-
https://www.pnbint.com/PNBIL/pdf/Financial_Reports/SIGNED%20ANNUAL%20REPORT-1617.pdf	live	pdf	build_punjab_national_bank_international.py:-
https://www.qib-uk.com/-/media/project/uk/files/finance-reports/pillar-3-disclosure-document--2025-approved.pdf	live	pdf	build_qib_uk.py:-
https://www.qib-uk.com/-/media/project/uk/files/finance-reports/pillar-3-disclosure-document-2020-board-approved-final.pdf	live	pdf	build_qib_uk.py:-
https://www.qib-uk.com/-/media/project/uk/files/finance-reports/pillar-3-disclosure-document-2023.pdf	live	pdf	build_qib_uk.py:-
https://www.qib-uk.com/-/media/project/uk/files/finance-reports/pillar-3-disclosure-document-31-december-2023.pdf	live	pdf	build_qib_uk.py:-
https://www.qib-uk.com/-/media/project/uk/files/finance-reports/pillar-3-disclosure-document-31-december-2024.pdf	live	pdf	build_qib_uk.py:-
https://www.qib-uk.com/-/media/project/uk/files/finance-reports/qib-uk-annual-report-2015.pdf	live	pdf	build_qib_uk.py:-
https://www.qib-uk.com/-/media/project/uk/files/finance-reports/qib-uk-annual-report-2016-eng-.pdf	live	pdf	build_qib_uk.py:-
https://www.qib-uk.com/wp-content/uploads/sites/2/2019/12/QIB-UK-Annual-Report-2017_Eng-.pdf	live	pdf	build_qib_uk.py:-
https://www.qib-uk.com/wp-content/uploads/sites/2/2019/12/QIB-UK-Annual-Report-2018-edited.pdf	live	pdf	build_qib_uk.py:-
https://www.qib-uk.com/wp-content/uploads/sites/2/2020/08/QIB-Annual-Report-UK-2019.pdf	live	pdf	build_qib_uk.py:-
https://www.qib-uk.com/wp-content/uploads/sites/2/2021/09/QIB-UK-Annual-Report-31-December-2020-v6-Signed.pdf	live	pdf	build_qib_uk.py:-
https://www.rathbones.com/sites/main/files/results_and_presentations/files/31_december_2024_pillar_3_disclosures.pdf	live	pdf	build_rathbones.py:-;build_rathbones.py:CASH_SOURCES;build_rathbones.py:ENTITY_NOTE;build_rathbones.py:PILLAR_URL;build_rathbones.py:RCR_SOURCES;build_rathbones.py:STATEMENTS_SOURCES
https://www.rathbones.com/sites/rathbones.com/files/results_and_presentations/files/31_december_2024_pillar_3_disclosures.pdf	live	pdf	build_rathbones.py:-;build_rathbones.py:CASH_SOURCES;build_rathbones.py:ENTITY_NOTE;build_rathbones.py:PILLAR_URL_DEAD;build_rathbones.py:RCR_SOURCES;build_rathbones.py:STATEMENTS_SOURCES
https://www.rbc.com/regulatory-information/_assets-custom/pdf/Pillar-III/2017_Pillar_III_Disclosure.pdf	live	pdf	build_rbc_europe.py:-
https://www.rbc.com/regulatory-information/_assets-custom/pdf/Pillar-III/2018-Pillar-III-Disclosure.pdf	live	pdf	build_rbc_europe.py:-
https://www.rbc.com/regulatory-information/_assets-custom/pdf/Pillar-III/2019-Pillar-III-Disclosure.pdf	live	pdf	build_rbc_europe.py:-
https://www.rbc.com/regulatory-information/_assets-custom/pdf/Pillar-III/2020-Pillar-III-Disclosure.pdf	live	pdf	build_rbc_europe.py:-
https://www.rbc.com/regulatory-information/_assets-custom/pdf/Pillar-III/2021-Interim-Pillar-III-Disclosure.pdf	live	pdf	build_rbc_europe.py:-
https://www.rbc.com/regulatory-information/_assets-custom/pdf/Pillar-III/2022-Interim-Pillar-III-Disclosure.pdf	live	pdf	build_rbc_europe.py:-
https://www.rbc.com/regulatory-information/_assets-custom/pdf/Pillar-III/2024-Q3-Pillar-III-Diclosure.pdf	live	pdf	build_rbc_europe.py:-
https://www.rbc.com/regulatory-information/_assets-custom/pdf/Pillar-III/2025-Q3-Pillar-III-Disclosure.pdf	live	pdf	build_rbc_europe.py:-
https://www.rbc.com/regulatory-information/_assets-custom/pdf/Pillar-III/2025-q1-pillar-iii-disclosure.pdf	live	pdf	build_rbc_europe.py:-
https://www.rbc.com/regulatory-information/_assets-custom/pdf/Pillar-III/2025-semi-annual-pillar-iii-disclosure.pdf	live	pdf	build_rbc_europe.py:-
https://www.rbc.com/regulatory-information/_assets-custom/pdf/Pillar-III/Pillar-Disclosure-2014.pdf	live	pdf	build_rbc_europe.py:-
https://www.rbc.com/regulatory-information/_assets-custom/pdf/Pillar-III/Pillar-Disclosure-2015.pdf	live	pdf	build_rbc_europe.py:-
https://www.rbc.com/regulatory-information/_assets-custom/pdf/Pillar-III/Pillar-Disclosure-2016.pdf	live	pdf	build_rbc_europe.py:-
https://www.rbc.com/regulatory-information/_assets-custom/pdf/Pillar-III/RBCEL-Annual-Pillar-3-2021.pdf	live	pdf	build_rbc_europe.py:-
https://www.rbc.com/regulatory-information/_assets-custom/pdf/Pillar-III/RBCEL-Annual-Pillar-3-2022.pdf	live	pdf	build_rbc_europe.py:-
https://www.rbc.com/regulatory-information/_assets-custom/pdf/Pillar-III/RBCEL-April-2023-Semi-Annual-Pillar3-Disclosures.pdf	live	pdf	build_rbc_europe.py:-
https://www.rbc.com/regulatory-information/_assets-custom/pdf/Pillar-III/RBCEL-Jan-2023-Pillar3-Disclosures.pdf	live	pdf	build_rbc_europe.py:-
https://www.rbc.com/regulatory-information/_assets-custom/pdf/Pillar-III/RBCEL-July2023-Pillar3-Disclosures.pdf	live	pdf	build_rbc_europe.py:-
https://www.rbc.com/regulatory-information/_assets-custom/pdf/Pillar-III/RBCEL-Pillar-3-Apr-24.pdf	live	pdf	build_rbc_europe.py:-
https://www.rbc.com/regulatory-information/_assets-custom/pdf/Pillar-III/RBCEL-Pillar-3-Jan-24.pdf	live	pdf	build_rbc_europe.py:-
https://www.rbc.com/regulatory-information/_assets-custom/pdf/Pillar-III/RBCEL-Pillar-3-Oct-23_Final_v2.pdf	live	pdf	build_rbc_europe.py:-
https://www.rbc.com/regulatory-information/_assets-custom/pdf/Pillar-III/rbcel-pillar-3-oct-24-final.pdf	live	pdf	build_rbc_europe.py:-
https://www.rbc.com/regulatory-information/_assets-custom/pdf/Pillar-III/rbcel-pillar-3-oct-25-final.pdf	live	pdf	build_rbc_europe.py:-
https://www.rcibank.co.uk/about-us/facts-and-figures	live	-	build_rci_bank_uk.py:-;build_rci_bank_uk.py:FACTS_URL;build_rci_bank_uk.py:P3_NONEXISTENCE_NOTE;build_rci_bank_uk.py:P3_SOURCES
https://www.rcibank.co.uk/sites/default/files/2024-11/Pillar%20III%20Disclosures%20FY%202023%20-%20final%20%28external%20version%29%20signed%201_0.pdf	live	pdf	build_rci_bank_uk.py:-;build_rci_bank_uk.py:P3_23_URL;build_rci_bank_uk.py:P3_SOURCES;build_rci_bank_uk.py:RWA_SOURCES
https://www.rcibank.co.uk/sites/default/files/2025-12/Pillar%20III%20Disclosures%20FY%202024%20-%20External.pdf	live	pdf	build_rci_bank_uk.py:-;build_rci_bank_uk.py:P3_24_URL;build_rci_bank_uk.py:P3_SOURCES;build_rci_bank_uk.py:RWA_SOURCES
https://www.reliancebankltd.com/wp-content/uploads/2021/09/Reliance-Bank-Ltd-Annual-Accounts-for-the-year-ending-31March2020-1-1.pdf	live	pdf	build_reliance_bank.py:-
https://www.reliancebankltd.com/wp-content/uploads/2021/11/Reliance-Bank-Report-and-Accounts-for-the-year-ending-31March2021.pdf	live	pdf	build_reliance_bank.py:-
https://www.reliancebankltd.com/wp-content/uploads/2023/04/RBL-Pillar-3-Disclosures-31-March-2022-final-post-Board.pdf	live	pdf	build_reliance_bank.py:-;build_reliance_bank.py:P3_2022_URL;build_reliance_bank.py:P3_SOURCES;build_reliance_bank.py:RWA_SOURCES
https://www.reliancebankltd.com/wp-content/uploads/2023/10/RBL-Pillar-3-Disclosures-31-March-2023-for-website-30Oct2023.pdf	live	pdf	build_reliance_bank.py:-;build_reliance_bank.py:P3_2023_URL;build_reliance_bank.py:P3_SOURCES;build_reliance_bank.py:RWA_SOURCES
https://www.reliancebankltd.com/wp-content/uploads/2024/08/2024-07-23-Reliance-Bank-Report-and-Accounts-2024-Final_20-Aug.pdf	live	pdf	build_reliance_bank.py:-
https://www.reliancebankltd.com/wp-content/uploads/2025/07/Reliance-Bank-Report-and-Accounts-FINAL.pdf	live	pdf	build_reliance_bank.py:-
https://www.reliancebankltd.com/wp-content/uploads/2026/08/RBL-Annual-Accounts-31st-March-2026.pdf	live	pdf	build_reliance_bank.py:-
https://www.saderat-plc.com/Basel_Disclosures.htm	live	-	build_bank_saderat.py:-;build_bank_saderat.py:P3_ARCHIVE_URL
https://www.saderat-plc.com/Basel_Disclosures.htm)	live	-	build_bank_saderat.py:-;build_bank_saderat.py:P3_SOURCES_NOTE
https://www.saderat-plc.com/Reports/Basel%20III%20Pillar%203%20Disclosures%202019.pdf	live	pdf	build_bank_saderat.py:-;build_bank_saderat.py:P3_2019_URL;build_bank_saderat.py:P3_SOURCES_NOTE
https://www.saderat-plc.com/Reports/Pillar%203%20%20%20disclosures%202020%20ver%207.pdf	live	pdf	build_bank_saderat.py:-;build_bank_saderat.py:P3_2020_URL;build_bank_saderat.py:P3_SOURCES_NOTE
https://www.saderat-plc.com/Reports/Pillar%203%20%20%20disclosures%202022.pdf	live	pdf	build_bank_saderat.py:-;build_bank_saderat.py:P3_2022_URL;build_bank_saderat.py:P3_SOURCES_NOTE
https://www.saderat-plc.com/Reports/Pillar%203%20Disclosures%202023.pdf	live	pdf	build_bank_saderat.py:-;build_bank_saderat.py:P3_2023_URL;build_bank_saderat.py:P3_SOURCES_NOTE
https://www.saderat-plc.com/Reports/Pillar%203%20disclosures%202021.pdf	live	pdf	build_bank_saderat.py:-;build_bank_saderat.py:P3_2021_URL;build_bank_saderat.py:P3_SOURCES_NOTE
https://www.santander.co.uk/assets/s3fs-public/documents/2021_additional_capital_risk_management_disclosures.pdf	live	pdf	build_santander.py:-;build_santander.py:ACRMD2021_URL
https://www.santander.co.uk/assets/s3fs-public/documents/2022_cater_allen_limited_annual_report.pdf	live	pdf	build_cater_allen.py:-;build_cater_allen.py:CAPITAL_SOURCES;build_cater_allen.py:SANT2022_URL
https://www.santander.co.uk/assets/s3fs-public/documents/2025SantanderUKACRMD.pdf	live	pdf	build_santander.py:-;build_santander.py:ACRMD2025_URL
https://www.santander.co.uk/assets/s3fs-public/documents/ACRMD%20FINAL_Dec%2024.pdf	live	pdf	build_santander.py:-;build_santander.py:ACRMD2024_URL
https://www.santander.co.uk/assets/s3fs-public/documents/Cater%20Allen%20Limited%202024%20-%20Signed.pdf	live	pdf	build_cater_allen.py:-;build_cater_allen.py:SANT2024_URL
https://www.santander.co.uk/assets/s3fs-public/documents/Santander%20Financial%20Services%20plc%202024%20Annual%20Report.pdf	live	pdf	build_santander_financial_services.py:-;build_santander_financial_services.py:AR2024_SANT;build_santander_financial_services.py:CAPITAL_SOURCES;build_santander_financial_services.py:LIQ_SOURCES
https://www.santander.co.uk/assets/s3fs-public/documents/SantanderUKplc2025AnnualReport.pdf	live	pdf	build_santander.py:-;build_santander.py:AR2025_URL;build_santander.py:CASH_FLOW_SOURCES;build_santander.py:STATEMENTS_SOURCES
https://www.santander.co.uk/assets/s3fs-public/documents/cater_allen_limited.pdf	live	pdf	build_cater_allen.py:-;build_cater_allen.py:SANT2023_URL
https://www.santander.co.uk/assets/s3fs-public/documents/santander_financial_services_plc_2022_annual_report.pdf	live	pdf	build_santander_financial_services.py:-;build_santander_financial_services.py:AR2022_SANT
https://www.santander.co.uk/assets/s3fs-public/documents/santander_uk_acrmd_2020_0.pdf	live	pdf	build_santander.py:-;build_santander.py:ACRMD2020_URL
https://www.santander.co.uk/assets/s3fs-public/documents/santander_uk_acrmd_2023.pdf	live	pdf	build_santander.py:-;build_santander.py:ACRMD2023_URL
https://www.santander.co.uk/assets/s3fs-public/documents/santander_uk_additional_capital_and_risk_management_disclosures_2022.pdf	live	pdf	build_santander.py:-;build_santander.py:ACRMD2022_URL
https://www.santander.co.uk/assets/s3fs-public/documents/santander_uk_plc_2020_annual_report.pdf	live	pdf	build_santander.py:-;build_santander.py:AR2020_URL;build_santander.py:CASH_FLOW_SOURCES
https://www.santander.co.uk/assets/s3fs-public/documents/santander_uk_plc_annual_report_2022.pdf	live	pdf	build_santander.py:-;build_santander.py:AR2022_URL;build_santander.py:STATEMENTS_SOURCES
https://www.santander.co.uk/assets/s3fs-public/documents/santander_uk_plc_annual_report_2023.pdf	live	pdf	build_santander.py:-;build_santander.py:AR2023_URL;build_santander.py:CASH_FLOW_SOURCES;build_santander.py:STATEMENTS_SOURCES
https://www.santander.co.uk/assets/s3fs-public/documents/sfs_2020_annual_report.pdf	live	pdf	build_santander_financial_services.py:-;build_santander_financial_services.py:AR2020_SANT;build_santander_financial_services.py:CAPITAL_SOURCES
https://www.santander.co.uk/assets/s3fs-public/documents/sfs_2021_annual_report.pdf	live	pdf	build_santander_financial_services.py:-;build_santander_financial_services.py:AR2021_SANT
https://www.santander.co.uk/assets/s3fs-public/documents/sfs_annual_report_2023.pdf	live	pdf	build_santander_financial_services.py:-;build_santander_financial_services.py:AR2023_SANT
https://www.sc.com/EN/uploads/sites/66/content/docs/sc-bank-2021-results.pdf	live	pdf	build_standard_chartered_bank.py:-
https://www.sc.com/EN/uploads/sites/66/content/docs/sc-bank-2023-annual-report.pdf	live	pdf	build_standard_chartered_bank.py:-
https://www.sc.com/en/uploads/sites/66/content/docs/sc-bank-2022-annual-report.pdf	live	pdf	build_standard_chartered_bank.py:-
https://www.sc.com/en/uploads/sites/66/content/docs/sc-bank-2024-results.pdf	live	pdf	build_standard_chartered_bank.py:-
https://www.sc.com/en/uploads/sites/66/content/docs/sc-bank-2025-report.pdf	live	pdf	build_standard_chartered_bank.py:-
https://www.sc.com/en/uploads/sites/66/content/docs/standard-chartered-plc-full-year-2024-pillar3-disclosure.pdf	live	pdf	build_standard_chartered_bank.py:-
https://www.sc.com/en/uploads/sites/66/content/docs/standard-chartered-plc-full-year-2025-pillar3-disclosure.pdf	live	pdf	build_standard_chartered_bank.py:-
https://www.sc.com/en/uploads/sites/66/content/docs/standard_chartered_plc_pillar3_full_year_2022_report.pdf	live	pdf	build_standard_chartered_bank.py:-
https://www.sc.com/en/uploads/sites/66/content/docs/standard_chartered_plc_pillar3_full_year_2023_report.pdf	live	pdf	build_standard_chartered_bank.py:-
https://www.securetrustbank.com/investor-relations/document-library/pillar-3-disclosure-	live	-	build_secure_trust.py:-
https://www.securetrustbank.com/investor-relations/document-library/pillar-3-disclosure--	live	-	build_secure_trust.py:-
https://www.securetrustbank.com/investor-relations/document-library/pillar-3-disclosure-2022-interim	live	-	build_secure_trust.py:-
https://www.securetrustbank.com/investor-relations/document-library/pillar-3-disclosure-2023-interim	live	-	build_secure_trust.py:-
https://www.securetrustbank.com/investor-relations/document-library/pillar-3-disclosure-2024-interim	live	-	build_secure_trust.py:-
https://www.securetrustbank.com/investor-relations/document-library/pillar-3-disclosure-2025-interim	live	-	build_secure_trust.py:-
https://www.securetrustbank.com/investor-relations/document-library/reports-and-accounts-2017-final	live	-	build_secure_trust.py:-
https://www.securetrustbank.com/investor-relations/document-library/reports-and-accounts-2018-final	live	-	build_secure_trust.py:-
https://www.securetrustbank.com/investor-relations/document-library/reports-and-accounts-2019-final	live	-	build_secure_trust.py:-
https://www.securetrustbank.com/investor-relations/document-library/reports-and-accounts-2020-final	live	-	build_secure_trust.py:-
https://www.securetrustbank.com/investor-relations/document-library/reports-and-accounts-2021-final	live	-	build_secure_trust.py:-
https://www.securetrustbank.com/investor-relations/document-library/reports-and-accounts-2022-final	live	-	build_secure_trust.py:-
https://www.securetrustbank.com/investor-relations/document-library/reports-and-accounts-2023-final	live	-	build_secure_trust.py:-
https://www.securetrustbank.com/investor-relations/document-library/reports-and-accounts-2024-final	live	-	build_secure_trust.py:-
https://www.securetrustbank.com/investor-relations/document-library/reports-and-accounts-2025-final-483796420288	live	-	build_secure_trust.py:-
https://www.shawbrook.co.uk/media/1lhngswy/shawbrook-pillar-3-disclosures-2016.pdf	live	pdf	build_shawbrook.py:-
https://www.shawbrook.co.uk/media/2azlz2vz/shawbrook-pillar-3-disclosures-2019.pdf	live	pdf	build_shawbrook.py:-
https://www.shawbrook.co.uk/media/3lifgtxe/shawbrook-pillar-3-disclosures-2017.pdf	live	pdf	build_shawbrook.py:-
https://www.shawbrook.co.uk/media/3wefl2tu/pillar-3-2017.pdf	live	pdf	build_shawbrook.py:-
https://www.shawbrook.co.uk/media/4galhsik/pillar-3-2015.pdf	live	pdf	build_shawbrook.py:-
https://www.shawbrook.co.uk/media/bvvovq0d/shawbrook-bank-limited-annual-report-2020.pdf	live	pdf	build_shawbrook.py:-
https://www.shawbrook.co.uk/media/cc5dq5j0/pillar-3-2014.pdf	live	pdf	build_shawbrook.py:-
https://www.shawbrook.co.uk/media/ft4eulfp/shawbrook-bank-ara-2021.pdf	live	pdf	build_shawbrook.py:-
https://www.shawbrook.co.uk/media/hlbpmnjm/pillar-3-2021.pdf	live	pdf	build_shawbrook.py:-
https://www.shawbrook.co.uk/media/iflapcxl/shawbrook-bank-ltd-annual-report-and-accounts-2023.pdf	live	pdf	build_shawbrook.py:-
https://www.shawbrook.co.uk/media/jhujcnzh/shawbrook-bank-limited-2024-annual-report-accounts.pdf	live	pdf	build_shawbrook.py:-
https://www.shawbrook.co.uk/media/kfnfg0oe/shawbrook-pillar-3-disclosures-2018.pdf	live	pdf	build_shawbrook.py:-
https://www.shawbrook.co.uk/media/koignkmo/pillar-3-2016.pdf	live	pdf	build_shawbrook.py:-
https://www.shawbrook.co.uk/media/pljhf2fo/2022-shawbrook-pillar-3-disclosures.pdf	live	pdf	build_shawbrook.py:-
https://www.shawbrook.co.uk/media/pqtkvwzv/sb-limited-ara-2019.pdf	live	pdf	build_shawbrook.py:-
https://www.shawbrook.co.uk/media/qsxpg41l/shawbrook-pillar-3-disclosures-2014.pdf	live	pdf	build_shawbrook.py:-
https://www.shawbrook.co.uk/media/rzpdavyj/shawbrook-2024-pillar-3-disclosures.pdf	live	pdf	build_shawbrook.py:-
https://www.shawbrook.co.uk/media/vkkpos4a/shawbrook-bank-limited-2025-annual-report-accounts.pdf	live	pdf	build_shawbrook.py:-
https://www.shawbrook.co.uk/media/vypjeoat/pillar-3-2018.pdf	live	pdf	build_shawbrook.py:-
https://www.shawbrook.co.uk/media/w5chxn4q/shawbrook-pillar-3-disclosures-2025.pdf	live	pdf	build_shawbrook.py:-
https://www.shawbrook.co.uk/media/wdvhqxsn/shawbrook-pillar-3-disclosures-2015.pdf	live	pdf	build_shawbrook.py:-
https://www.shawbrook.co.uk/media/wrpglj2h/shawbrook-pillar-3-disclosures-2023.pdf	live	pdf	build_shawbrook.py:-
https://www.shawbrook.co.uk/media/wttf0kdt/2022-shawbrook-bank-limited-annual-report-and-accounts.pdf	live	pdf	build_shawbrook.py:-
https://www.shawbrook.co.uk/media/xexpjjkq/shawbrook-pillar-3-disclosures-2020.pdf	live	pdf	build_shawbrook.py:-
https://www.shawbrook.co.uk/media/yhdl0kcs/pillar-3-2019.pdf	live	pdf	build_shawbrook.py:-
https://www.shawbrook.co.uk/media/zlibpqlt/pillar-3-2020.pdf	live	pdf	build_shawbrook.py:-
https://www.smbcgroup.com/emea/getmedia/0af76b74-dc6f-4e12-abb8-e87fa2855a03/SMBC_Bank_3-Pillar-Disclosures_260707_Master-v2.pdf	live	pdf	build_smbc.py:-;build_smbc.py:P3_2026_URL;build_smbc.py:RWA_SOURCES
https://www.smbcgroup.com/emea/getmedia/0d5f0926-6436-48ef-a708-377fa7898591/SMBC-BI-Pillar-3-Dec-25-v3.pdf	live	pdf	build_smbc.py:-
https://www.smbcgroup.com/emea/getmedia/1784eaa0-0924-4cd7-a4e4-1613b6cb015f/Annual-Report-and-Financial-Statements-2023-(SMBC-BI).pdf	live	pdf	build_smbc.py:-;build_smbc.py:AQ_SOURCES;build_smbc.py:AR2023_URL;build_smbc.py:BS_SOURCES;build_smbc.py:CASH_FLOW_SOURCES;build_smbc.py:EQ_SOURCES;build_smbc.py:IS_SOURCES
https://www.smbcgroup.com/emea/getmedia/1c52fee7-2c0d-4378-b571-bd45d5f6ea9f/PDF-Annual-report-(SMBC-BI).pdf	live	pdf	build_smbc.py:-;build_smbc.py:AQ_SOURCES;build_smbc.py:AR2024_URL;build_smbc.py:BS_SOURCES;build_smbc.py:CASH_FLOW_SOURCES;build_smbc.py:EQ_SOURCES;build_smbc.py:IS_SOURCES
https://www.smbcgroup.com/emea/getmedia/2418d0a0-de22-497a-9a9a-4ca69ade9f94/Pillar-3-annual-disclosure-(SMBC-BI-%E2%80%93-31-March-2025).pdf	live	pdf	build_smbc.py:-;build_smbc.py:P3_2025_URL;build_smbc.py:RWA_SOURCES
https://www.smbcgroup.com/emea/getmedia/28eec268-62ab-4d64-b597-02b7f918c767/smbcbi-annual-report-2025.pdf	live	pdf	build_smbc.py:-;build_smbc.py:AQ_SOURCES;build_smbc.py:AR2025_URL;build_smbc.py:BS_SOURCES;build_smbc.py:CASH_FLOW_SOURCES;build_smbc.py:EQ_SOURCES;build_smbc.py:IS_SOURCES
https://www.smbcgroup.com/emea/getmedia/352315cf-7a34-42d7-9cb1-3082d16539f3/Pillar-3-Interim-Disclosure-March-2023-(SMBC-BI).pdf	live	pdf	build_smbc.py:-;build_smbc.py:P3_2023_URL;build_smbc.py:RWA_SOURCES
https://www.smbcgroup.com/emea/getmedia/4490ceb5-1ff3-4cfb-84ac-93a8049d8cb5/Pillar-3-Interim-Disclosure-June-2022-(SMBC-BI).pdf	live	pdf	build_smbc.py:-
https://www.smbcgroup.com/emea/getmedia/478b7c2d-76e0-4c07-b727-b00757a4636d/Pillar-3-Interim-Disclosure-December-2024-(SMBC-BI).pdf	live	pdf	build_smbc.py:-
https://www.smbcgroup.com/emea/getmedia/5808b03a-874f-4d90-a062-10d94d98c9d8/Pillar-3-Interim-Disclosure-June-2024-(SMBC-BI).pdf	live	pdf	build_smbc.py:-
https://www.smbcgroup.com/emea/getmedia/7690b9ee-bae2-4fc1-bba5-0422a250f84c/Pillar-3-Interim-Disclosure-March-2024-(SMBC-BI).pdf	live	pdf	build_smbc.py:-;build_smbc.py:P3_2024_URL;build_smbc.py:RWA_SOURCES
https://www.smbcgroup.com/emea/getmedia/7c046ae7-c39b-4e3a-83b6-789e9c0d305e/Pillar-3-Interim-Disclosure-September-2024-(SMBC-BI).pdf	live	pdf	build_smbc.py:-
https://www.smbcgroup.com/emea/getmedia/8c626609-cec1-44a5-b08b-227189f7e287/Pillar-3-Interim-Disclosure-December-2023-(SMBC-BI).pdf	live	pdf	build_smbc.py:-
https://www.smbcgroup.com/emea/getmedia/97fab1b7-9060-4cfe-93c7-09d3172181ac/SMBC-BI-Pillar-3-June-25.pdf	live	pdf	build_smbc.py:-
https://www.smbcgroup.com/emea/getmedia/bd6c0013-d139-4ba1-913c-96bbd44efe1f/SMBC-BI-Pillar-3-Sept-25.pdf	live	pdf	build_smbc.py:-
https://www.smbcgroup.com/emea/getmedia/c956424b-468e-4f29-9650-a4c792a720c3/Pillar-3-Interim-Disclosure-March-2021-(SMBC-BI).pdf	live	pdf	build_smbc.py:-;build_smbc.py:P3_2021_URL
https://www.smbcgroup.com/emea/getmedia/cd804340-56b8-4410-8bab-2b2f733729cd/Pillar-3-Interim-Disclosure-September-2022-(SMBC-BI).pdf	live	pdf	build_smbc.py:-
https://www.smbcgroup.com/emea/getmedia/db3289f7-2020-4cfe-835c-4b0ef5eac4aa/Pillar-3-Interim-Disclosure-June-2023-(SMBC-BI).pdf	live	pdf	build_smbc.py:-
https://www.smbcgroup.com/emea/getmedia/e2329270-9c6b-4707-be71-48a96b030b7b/Pillar-3-Interim-Disclosure-September-2023-(SMBC-BI).pdf	live	pdf	build_smbc.py:-
https://www.smbcgroup.com/emea/getmedia/ee8d7d6b-5d17-4d82-9bd8-d52369fa4e45/Pillar-3-Interim-Disclosure-December-2022-(SMBC-BI).pdf	live	pdf	build_smbc.py:-
https://www.smbcgroup.com/emea/getmedia/efb562ee-627d-41c9-823a-b157f879892f/Annual-Report-and-Financial-Statements-2022-(SMBC-BI).pdf	live	pdf	build_smbc.py:-;build_smbc.py:AQ_SOURCES;build_smbc.py:AR2022_URL;build_smbc.py:BS_SOURCES;build_smbc.py:CASH_FLOW_SOURCES;build_smbc.py:EQ_SOURCES;build_smbc.py:IS_SOURCES
https://www.starlingbank.com/docs/annual-reports/Pillar3-2021.pdf	live	pdf	build_starling.py:-;build_starling.py:P3_21_URL;build_starling.py:P3_SOURCES_ALL
https://www.starlingbank.com/docs/annual-reports/Pillar3-2022.pdf	live	pdf	build_starling.py:-;build_starling.py:P3_22_URL;build_starling.py:P3_SOURCES_ALL
https://www.starlingbank.com/docs/annual-reports/Pillar3-2023.pdf	live	pdf	build_starling.py:-;build_starling.py:P3_23_URL;build_starling.py:P3_SOURCES_ALL
https://www.starlingbank.com/docs/annual-reports/Pillar3-2024.pdf	live	pdf	build_starling.py:-;build_starling.py:P3_24_URL;build_starling.py:P3_SOURCES_ALL
https://www.starlingbank.com/docs/annual-reports/Pillar3-2025.pdf	live	pdf	build_starling.py:-;build_starling.py:P3_25_URL;build_starling.py:P3_SOURCES_ALL
https://www.starlingbank.com/docs/annual-reports/Pillar3-2026.pdf	live	pdf	build_starling.py:-;build_starling.py:P3_26_URL;build_starling.py:P3_SOURCES_ALL
https://www.starlingbank.com/docs/annual-reports/Starling-Bank-Annual-Report-2019-18.pdf	live	pdf	build_starling.py:-;build_starling.py:AR19_URL
https://www.starlingbank.com/docs/annual-reports/Starling-Bank-Annual-Report-2019-21.pdf	live	pdf	build_starling.py:-;build_starling.py:AR20_URL;build_starling.py:AR21_URL;build_starling.py:CASH_FLOW_SOURCES;build_starling.py:STATEMENTS_SOURCES
https://www.starlingbank.com/docs/annual-reports/Starling-Bank-Annual-Report-2022.pdf	live	pdf	build_starling.py:-;build_starling.py:AR22_URL
https://www.starlingbank.com/docs/annual-reports/Starling-Bank-Annual-Report-2023.pdf	live	pdf	build_starling.py:-;build_starling.py:AR23_URL;build_starling.py:CASH_FLOW_SOURCES;build_starling.py:STATEMENTS_SOURCES
https://www.starlingbank.com/docs/annual-reports/Starling-Bank-Annual-Report-2025.pdf	live	pdf	build_starling.py:-;build_starling.py:AR25_URL;build_starling.py:CASH_FLOW_SOURCES;build_starling.py:STATEMENTS_SOURCES
https://www.starlingbank.com/docs/annual-reports/Starling-Group-Annual-Report-2026.pdf	live	pdf	build_starling.py:-;build_starling.py:AR26_SGHL_URL;build_starling.py:CASH_FLOW_SOURCES;build_starling.py:STATEMENTS_SOURCES
https://www.starlingbank.com/docs/annual-reports/Starling-bank-annual-report-2016-17.pdf	live	pdf	build_starling.py:-;build_starling.py:AR17_URL;build_starling.py:STATEMENTS_SOURCES
https://www.starlingbank.com/docs/annual-reports/Starling-bank-annual-report-2017-18.pdf	live	pdf	build_starling.py:-;build_starling.py:AR18_URL;build_starling.py:STATEMENTS_SOURCES
https://www.tdsecurities.com/ca/en/legal	live	-	build_td_bank_europe.py:-;build_td_bank_europe.py:REGULATORY_PAGE
https://www.tdsecurities.com/tds/document/Pillar-3-Disclosure-2022	live	-	build_td_bank_europe.py:-
https://www.tdsecurities.com/tds/document/Pillar-3-Disclosure-2023	live	-	build_td_bank_europe.py:-
https://www.tdsecurities.com/tds/document/Pillar-3-Disclosure-Oct-2024	live	-	build_td_bank_europe.py:-
https://www.tdsecurities.com/tds/document/Pillar-3-Disclosure-Oct-2025	live	-	build_td_bank_europe.py:-
https://www.theaccessbankukltd.co.uk/wp-content/uploads	live	-	build_access_bank.py:-;build_access_bank.py:BASE
https://www.theaccessbankukltd.co.uk/wp-content/uploads/2020/07/ACCE3269_ACCESS_BANK_AR_2019_WEB.pdf	live	pdf	build_access_bank.py:-;build_access_bank.py:AR2019_URL;build_access_bank.py:ASSET_QUALITY_SOURCES;build_access_bank.py:BALANCE_SHEET_SOURCES;build_access_bank.py:CASH_FLOW_SOURCES;build_access_bank.py:EQUITY_CHANGES_SOURCES;build_access_bank.py:INCOME_STATEMENT_SOURCES
https://www.theaccessbankukltd.co.uk/wp-content/uploads/2022/06/ACCESS_BANK_AR_2021_Accounts.pdf	live	pdf	build_access_bank.py:-;build_access_bank.py:AR2021_URL;build_access_bank.py:ASSET_QUALITY_SOURCES;build_access_bank.py:BALANCE_SHEET_SOURCES;build_access_bank.py:CASH_FLOW_SOURCES;build_access_bank.py:EQUITY_CHANGES_SOURCES;build_access_bank.py:INCOME_STATEMENT_SOURCES
https://www.theaccessbankukltd.co.uk/wp-content/uploads/2022/06/PILLAR-3-DISCLOSURES-2020-Clean.pdf	live	pdf	build_access_bank.py:-;build_access_bank.py:P3_2020_URL
https://www.theaccessbankukltd.co.uk/wp-content/uploads/2022/10/PILLAR-3-DISCLOSURES-2021-Final.pdf	live	pdf	build_access_bank.py:-;build_access_bank.py:P3_2021_URL
https://www.theaccessbankukltd.co.uk/wp-content/uploads/2023/07/ACCESS_BANK_AR22_Accs.pdf	live	pdf	build_access_bank.py:-;build_access_bank.py:AR2022_URL;build_access_bank.py:ASSET_QUALITY_SOURCES;build_access_bank.py:BALANCE_SHEET_SOURCES;build_access_bank.py:CASH_FLOW_SOURCES;build_access_bank.py:EQUITY_CHANGES_SOURCES;build_access_bank.py:INCOME_STATEMENT_SOURCES
https://www.theaccessbankukltd.co.uk/wp-content/uploads/2024/01/PILLAR-3-DISCLOSURES-2022-Final.pdf	live	pdf	build_access_bank.py:-;build_access_bank.py:P3_2022_URL;build_access_bank.py:RWA_BREAKDOWN_SOURCES
https://www.theaccessbankukltd.co.uk/wp-content/uploads/2024/07/ACCESS_BANK_AR_2023_Financial-statements.pdf	live	pdf	build_access_bank.py:-;build_access_bank.py:AR2023_URL;build_access_bank.py:CASH_FLOW_SOURCES
https://www.theaccessbankukltd.co.uk/wp-content/uploads/2025/06/AccessBank_AR2024_Financials-AW.pdf	live	pdf	build_access_bank.py:-;build_access_bank.py:AR2024_URL;build_access_bank.py:ASSET_QUALITY_SOURCES;build_access_bank.py:BALANCE_SHEET_SOURCES;build_access_bank.py:CASH_FLOW_SOURCES;build_access_bank.py:EQUITY_CHANGES_SOURCES;build_access_bank.py:INCOME_STATEMENT_SOURCES
https://www.theaccessbankukltd.co.uk/wp-content/uploads/2025/06/PIllar-3-2023.pdf	live	pdf	build_access_bank.py:-;build_access_bank.py:P3_2023_URL;build_access_bank.py:RWA_BREAKDOWN_SOURCES
https://www.triodos.co.uk/binaries/content/assets/tbuk/press-and-media-page/triodos-bank-uk-2020-pillar-3-report.pdf	live	pdf	build_triodos.py:-;build_triodos.py:P3_2020_URL;build_triodos.py:RWA_BREAKDOWN_SOURCES
https://www.triodos.co.uk/binaries/content/assets/tbuk/press-and-media-page/triodos-bank-uk-2022-pillar-3-report.pdf	live	pdf	build_triodos.py:-;build_triodos.py:P3_2022_URL;build_triodos.py:RWA_BREAKDOWN_SOURCES
https://www.triodos.co.uk/binaries/content/assets/tbuk/press-and-media-page/triodos-bank-uk-2023-pillar-3-report.pdf	live	pdf	build_triodos.py:-;build_triodos.py:P3_2023_URL;build_triodos.py:RWA_BREAKDOWN_SOURCES
https://www.triodos.co.uk/binaries/content/assets/tbuk/press-and-media-page/triodos-bank-uk-2024-pillar-3.pdf	live	pdf	build_triodos.py:-;build_triodos.py:P3_2024_URL;build_triodos.py:RWA_BREAKDOWN_SOURCES
https://www.triodos.co.uk/downloads/triodos-bank-uk-2021-pillar-3-report?id=9efebf75e4f1	live	-	build_triodos.py:-;build_triodos.py:P3_2021_URL;build_triodos.py:RWA_BREAKDOWN_SOURCES
https://www.tsb.co.uk/content/dam/tsb-public/documents/investors/financial-results-and-reports/2014/TSB-Pillar-3-2014,0.pdf	live	pdf	build_tsb.py:-;build_tsb.py:P3_14_URL
https://www.tsb.co.uk/content/dam/tsb-public/documents/investors/financial-results-and-reports/2015/tsb-2015-annual-report.pdf	live	pdf	build_tsb.py:-;build_tsb.py:BG_AR15_URL;build_tsb.py:CASH_FLOW_SOURCES;build_tsb.py:STATEMENTS_SOURCES
https://www.tsb.co.uk/content/dam/tsb-public/documents/investors/financial-results-and-reports/2016/tsb-2016-results.pdf	live	pdf	build_tsb.py:-;build_tsb.py:BG_AR16_URL;build_tsb.py:CASH_FLOW_SOURCES;build_tsb.py:STATEMENTS_SOURCES
https://www.tsb.co.uk/content/dam/tsb-public/documents/investors/financial-results-and-reports/2016/tsb-material-subsidiary-2016.pdf	live	pdf	build_tsb.py:-;build_tsb.py:P3_16_URL
https://www.tsb.co.uk/content/dam/tsb-public/documents/investors/financial-results-and-reports/2017/tsb-bank-ara-2017.pdf	live	pdf	build_tsb.py:-;build_tsb.py:AR17_URL
https://www.tsb.co.uk/content/dam/tsb-public/documents/investors/financial-results-and-reports/2017/tsb-banking-group-annual-report-2017.pdf	live	pdf	build_tsb.py:-;build_tsb.py:BG_AR17_URL
https://www.tsb.co.uk/content/dam/tsb-public/documents/investors/financial-results-and-reports/2018/tsb-bank-ara-2018.pdf	live	pdf	build_tsb.py:-;build_tsb.py:AR18_URL;build_tsb.py:CASH_FLOW_SOURCES;build_tsb.py:STATEMENTS_SOURCES
https://www.tsb.co.uk/content/dam/tsb-public/documents/investors/financial-results-and-reports/2018/tsb-banking-group-ara-2018.pdf	live	pdf	build_tsb.py:-;build_tsb.py:BG_AR18_URL
https://www.tsb.co.uk/content/dam/tsb-public/documents/investors/financial-results-and-reports/2020/tsb-bank-ara-2020.pdf	live	pdf	build_tsb.py:-;build_tsb.py:AR20_URL;build_tsb.py:CASH_FLOW_SOURCES;build_tsb.py:STATEMENTS_SOURCES
https://www.tsb.co.uk/content/dam/tsb-public/documents/investors/financial-results-and-reports/2021/tsb-bank-ara-2021.pdf	live	pdf	build_tsb.py:-;build_tsb.py:AR21_URL;build_tsb.py:CASH_FLOW_SOURCES;build_tsb.py:STATEMENTS_SOURCES
https://www.tsb.co.uk/content/dam/tsb-public/documents/investors/financial-results-and-reports/2023/TSB-Bank-2023.pdf	live	pdf	build_tsb.py:-;build_tsb.py:AR23_URL;build_tsb.py:CASH_FLOW_SOURCES;build_tsb.py:STATEMENTS_SOURCES
https://www.tsb.co.uk/content/dam/tsb-public/documents/investors/financial-results-and-reports/2024/TSB-Bank-ARA-2024.pdf	live	pdf	build_tsb.py:-;build_tsb.py:AR24_URL
https://www.tsb.co.uk/content/dam/tsb-public/documents/investors/financial-results-and-reports/2025/TSB-Bank-ARA-2025.pdf	live	pdf	build_tsb.py:-;build_tsb.py:AR25_URL;build_tsb.py:CASH_FLOW_SOURCES;build_tsb.py:STATEMENTS_SOURCES
https://www.tsb.co.uk/content/dam/tsb-public/documents/investors/rns/TSB-Large-Subsidiary-Disclosure-2021.pdf	live	pdf	build_tsb.py:-;build_tsb.py:MREL_SOURCES;build_tsb.py:P3_21_URL
https://www.tsb.co.uk/content/dam/tsb-public/documents/investors/rns/TSB-Large-subsidiary-Disclosure-2022.pdf	live	pdf	build_tsb.py:-;build_tsb.py:MREL_SOURCES;build_tsb.py:P3_22_URL
https://www.tsb.co.uk/content/dam/tsb-public/documents/investors/rns/TSB-Large-subsidiary-Disclosure-2024.pdf	live	pdf	build_tsb.py:-;build_tsb.py:MREL_SOURCES;build_tsb.py:P3_24_URL
https://www.tsb.co.uk/content/dam/tsb-public/documents/investors/rns/TSB-Significant-Subsidiary-Disclosure-2020.pdf	live	pdf	build_tsb.py:-;build_tsb.py:MREL_SOURCES;build_tsb.py:P3_20_URL
https://www.tsb.co.uk/content/dam/tsb-public/documents/investors/rns/TSB-large-subsidiary-disclosure-2023.pdf	live	pdf	build_tsb.py:-;build_tsb.py:MREL_SOURCES;build_tsb.py:P3_23_URL
https://www.tsb.co.uk/content/dam/tsb-public/documents/investors/rns/tsb-large-subsidiary-disclosure-2025.pdf	live	pdf	build_tsb.py:-;build_tsb.py:MREL_SOURCES;build_tsb.py:P3_25_URL
https://www.tsb.co.uk/investors/results-and-reports/TSB-Significant-Subsidiary-Disclosures-2015.pdf	live	pdf	build_tsb.py:-;build_tsb.py:ORIG_P3_15_URL;build_tsb.py:P3_15_DEAD_URL_NOTE
https://www.turkishbank.co.uk/reports/	live	-	build_turkish_bank.py:-;build_turkish_bank.py:PILLAR3_NOTE;build_turkish_bank.py:RATIO_GAP_NEGATIVE
https://www.turkishbank.co.uk/wp-content/uploads/2022/07/21TBUK-Financial-Statements-reported-to-AGM-signed.pdf	live	pdf	build_turkish_bank.py:-;build_turkish_bank.py:AR2021_URL;build_turkish_bank.py:CASH_FLOW_SOURCES;build_turkish_bank.py:EQUITY_SOURCES;build_turkish_bank.py:STATEMENTS_SOURCES
https://www.turkishbank.co.uk/wp-content/uploads/2023/05/FY22TBUK-Financial-Statements-Signed-for-AGM-signed.pdf	live	pdf	build_turkish_bank.py:-;build_turkish_bank.py:AR2022_URL;build_turkish_bank.py:ASSET_QUALITY_SOURCES;build_turkish_bank.py:CASH_FLOW_SOURCES;build_turkish_bank.py:EQUITY_SOURCES;build_turkish_bank.py:RATIO_GAP_NEGATIVE;build_turkish_bank.py:RWA_BREAKDOWN_SOURCES;build_turkish_bank.py:STATEMENTS_SOURCES
https://www.turkishbank.co.uk/wp-content/uploads/2024/07/FY23TBUK-Financial-Statements-Signed.pdf	live	pdf	build_turkish_bank.py:-;build_turkish_bank.py:AR2023_URL;build_turkish_bank.py:ASSET_QUALITY_SOURCES;build_turkish_bank.py:CASH_FLOW_SOURCES;build_turkish_bank.py:EQUITY_SOURCES;build_turkish_bank.py:RWA_BREAKDOWN_SOURCES;build_turkish_bank.py:STATEMENTS_SOURCES
https://www.turkishbank.co.uk/wp-content/uploads/2025/04/FINANCIAL-STATEMENTS-31122024-FINAL_SIGNED.pdf	live	pdf	build_turkish_bank.py:-;build_turkish_bank.py:AR2024_URL;build_turkish_bank.py:CASH_FLOW_SOURCES;build_turkish_bank.py:EQUITY_SOURCES;build_turkish_bank.py:STATEMENTS_SOURCES
https://www.turkishbank.co.uk/wp-content/uploads/2026/02/PILLAR-3-DISCLOSURE.pdf	live	pdf	build_turkish_bank.py:-;build_turkish_bank.py:P3_2024_URL
https://www.turkishbank.co.uk/wp-content/uploads/2026/04/Financial-Statements-TBUK-signed.pdf	live	pdf	build_turkish_bank.py:-;build_turkish_bank.py:AR2025_URL;build_turkish_bank.py:ASSET_QUALITY_SOURCES;build_turkish_bank.py:CASH_FLOW_SOURCES;build_turkish_bank.py:EQUITY_SOURCES;build_turkish_bank.py:RATIO_GAP_NEGATIVE;build_turkish_bank.py:RWA_BREAKDOWN_SOURCES;build_turkish_bank.py:STATEMENTS_SOURCES
https://www.ubagroup.com/uk/wp-content/uploads/sites/29/2019/07/UBA-UK-Ltd-Report-and-Accts-31-Dec-2018.pdf	live	pdf	build_uba_uk.py:-;build_uba_uk.py:AR2018_URL_DEAD;build_uba_uk.py:ASSET_QUALITY_SOURCES;build_uba_uk.py:BALANCE_SHEET_SOURCES;build_uba_uk.py:CASH_FLOW_SOURCES;build_uba_uk.py:EQUITY_SOURCES;build_uba_uk.py:LINK_PROVENANCE;build_uba_uk.py:STATEMENTS_SOURCES
https://www.ubagroup.com/uk/wp-content/uploads/sites/29/2019/11/UBA-UK-Pillar-3-Disclosures-31-Dec-2018-3.pdf	live	pdf	build_uba_uk.py:-;build_uba_uk.py:ASSET_QUALITY_SOURCES;build_uba_uk.py:BALANCE_SHEET_SOURCES;build_uba_uk.py:CASH_FLOW_SOURCES;build_uba_uk.py:EQUITY_SOURCES;build_uba_uk.py:LINK_PROVENANCE;build_uba_uk.py:P3_2018_URL_LEGACY;build_uba_uk.py:STATEMENTS_SOURCES
https://www.ubauk.com/wp-content/uploads/sites/29/2018/10/UBA-UK-FIN-Ann-Rpt-and-Accts-31-Dec-2020-009-1.pdf	live	pdf	build_uba_uk.py:-;build_uba_uk.py:AR2020_URL;build_uba_uk.py:ASSET_QUALITY_SOURCES;build_uba_uk.py:BALANCE_SHEET_SOURCES;build_uba_uk.py:CASH_FLOW_SOURCES;build_uba_uk.py:EQUITY_SOURCES;build_uba_uk.py:INVESTMENT_SECURITIES_BREAKDOWN_NOTE;build_uba_uk.py:STATEMENTS_SOURCES
https://www.ubauk.com/wp-content/uploads/sites/29/2018/10/uba-uk-pillar-3-disclosures-31-dec-2020.pdf	live	pdf	build_uba_uk.py:-;build_uba_uk.py:P3_2020_URL
https://www.ubauk.com/wp-content/uploads/sites/29/2019/07/UBA-UK-Ltd-Report-and-Accounts-31-Dec-2018.pdf	live	pdf	build_uba_uk.py:-;build_uba_uk.py:AR2018_URL;build_uba_uk.py:ASSET_QUALITY_SOURCES;build_uba_uk.py:BALANCE_SHEET_SOURCES;build_uba_uk.py:CASH_FLOW_SOURCES;build_uba_uk.py:EQUITY_SOURCES;build_uba_uk.py:INVESTMENT_SECURITIES_BREAKDOWN_NOTE;build_uba_uk.py:LINK_PROVENANCE;build_uba_uk.py:STATEMENTS_SOURCES
https://www.ubauk.com/wp-content/uploads/sites/29/2019/11/UBA-UK-Pillar-3-Disclosures-31-Dec-2018-3.pdf	live	pdf	build_uba_uk.py:-;build_uba_uk.py:P3_2018_URL
https://www.ubauk.com/wp-content/uploads/sites/29/2023/08/UBA-UK-Pillar-3-Disclosures-31-Dec-2022_final-clean-trotter-comments.1-1.pdf	live	pdf	build_uba_uk.py:-;build_uba_uk.py:P3_2022_URL
https://www.ubauk.com/wp-content/uploads/sites/29/2023/09/UBA-UK-FIN-A-Ann-Rpt-and-Accts-31-Dec-2022.pdf	live	pdf	build_uba_uk.py:-;build_uba_uk.py:AR2022_URL;build_uba_uk.py:ASSET_QUALITY_SOURCES;build_uba_uk.py:BALANCE_SHEET_SOURCES;build_uba_uk.py:CASH_FLOW_SOURCES;build_uba_uk.py:EQUITY_SOURCES;build_uba_uk.py:INVESTMENT_SECURITIES_BREAKDOWN_NOTE;build_uba_uk.py:STATEMENTS_SOURCES
https://www.ubauk.com/wp-content/uploads/sites/29/2025/07/UBA-UK-2024-AR-1.pdf	live	pdf	build_uba_uk.py:-;build_uba_uk.py:AR2024_URL;build_uba_uk.py:ASSET_QUALITY_SOURCES;build_uba_uk.py:BALANCE_SHEET_SOURCES;build_uba_uk.py:CASH_FLOW_SOURCES;build_uba_uk.py:EQUITY_SOURCES;build_uba_uk.py:INVESTMENT_SECURITIES_BREAKDOWN_NOTE;build_uba_uk.py:STATEMENTS_SOURCES
https://www.ubauk.com/wp-content/uploads/sites/29/2026/05/UBA-UK-Pillar-3-Disclosures-31-Dec-2024.pdf	live	pdf	build_uba_uk.py:-;build_uba_uk.py:P3_2024_URL
https://www.ubluk.com/footer-pages/annual-reports/	live	-	build_united_national.py:-;build_united_national.py:BALANCE_SHEET_SOURCES;build_united_national.py:CASH_FLOW_SOURCES;build_united_national.py:ENTITY_NOTE;build_united_national.py:STATEMENTS_SOURCES
https://www.ubluk.com/media/lupbssja/annual-report-unb-2023-pillar3-final-approved.pdf	live	pdf	build_united_national.py:-;build_united_national.py:P3_2023_URL
https://www.ubluk.com/media/sr5puvji/unb-2024-pillar3-approved-finalplusamended.pdf	live	pdf	build_united_national.py:-;build_united_national.py:P3_2024_URL
https://www.ubluk.com/media/vsvfbmui/pillar260825.pdf	live	pdf	build_united_national.py:-;build_united_national.py:P3_2024_SUPERSEDED_DRAFT_URL
https://www.ubp.com/en/legal-aspects/union-bancaire-privee-uk-limited/pillar-3-disclosure	live	-	build_union_bancaire_privee_uk.py:-;build_union_bancaire_privee_uk.py:P3_ARCHIVE_URL;build_union_bancaire_privee_uk.py:P3_SOURCES
https://www.ubp.com/files/live/sites/ubp/files/documents/legal/ubp-uk/SGKH_2024-P3-disclosures.pdf	live	pdf	build_union_bancaire_privee_uk.py:-;build_union_bancaire_privee_uk.py:CASH_FLOW_SOURCES;build_union_bancaire_privee_uk.py:P3_2024_URL;build_union_bancaire_privee_uk.py:P3_SOURCES
https://www.ubp.com/files/live/sites/ubp/files/documents/legal/ubp-uk/UBP_2022_P3_disclosures.pdf	live	pdf	build_union_bancaire_privee_uk.py:-;build_union_bancaire_privee_uk.py:P3_2022_URL;build_union_bancaire_privee_uk.py:P3_SOURCES
https://www.ubp.com/files/live/sites/ubp/files/documents/legal/ubp-uk/UBP_2023_P3_disclosures.pdf	live	pdf	build_union_bancaire_privee_uk.py:-;build_union_bancaire_privee_uk.py:P3_2023_URL;build_union_bancaire_privee_uk.py:P3_SOURCES
https://www.ubs.com/global/en/collections/credit-suisse/investment-bank/regulatory-directory/international/_jcr_content/root/contentarea/mainpar/toplevelgrid_840462106/col_1/accordion/accordionsplit/linklistnewlook/link_copy_copy_20862.0656872784.file/PS9jb250ZW50L2RhbS9hc3NldHMvY2MvaW52ZXN0b3ItcmVsYXRpb25zL2NvbXBsZW1lbnRhcnktZmluYW5jaWFsLWluZm9ybWF0aW9uL2FyY2hpdmUvMjAyNC8yMDI0LWNzaS1waWxsYXItMy1kaXNjbG9zdXJlcy5wZGY=/2024-csi-pillar-3-disclosures.pdf	live	pdf	build_credit_suisse_international.py:-;build_credit_suisse_international.py:CSI_P3_2024_URL
https://www.ubs.com/global/en/collections/credit-suisse/investment-bank/regulatory-directory/international/_jcr_content/root/contentarea/mainpar/toplevelgrid_840462106/col_1/accordion/accordionsplit/linklistnewlook/link_copy_copy_20862_2004292923.958213743.file/PS9jb250ZW50L2RhbS9hc3NldHMvZ2xvYmFsL2VuL2NvbGxlY3Rpb25zL2NyZWRpdC1zdWlzc2UvZG9jdW1lbnRzL2ludGVybmF0aW9uYWwtZG9jdW1lbnRzL2NzaS1waWxsYXItMjAyNS1kaXNjbG9zdXJlLXY2LnBkZg==/csi-pillar-2025-disclosure-v6.pdf	live	pdf	build_credit_suisse_international.py:-;build_credit_suisse_international.py:CSI_P3_2025_URL
https://www.ubs.com/global/en/investor-relations	live	-	build_credit_suisse_uk.py:-
https://www.ubs.com/global/en/investor-relations/complementary-financial-information/disclosure-legal-entities/archive-credit-suisse.html	live	-	build_credit_suisse_uk.py:-;build_credit_suisse_uk.py:RWA_BREAKDOWN_SOURCES
https://www.ubs.com/global/en/investor-relations/complementary-financial-information/disclosure-legal-entities/archive-credit-suisse/_jcr_content/root/contentarea/mainpar/toplevelgrid_1145414446/col_1/accordionbox/accordionsplit_1343042181/innergrid/col_1/table.0589413556.file/dGFibGVUZXh0PS9jb250ZW50L2RhbS9hc3NldHMvY2MvaW52ZXN0b3ItcmVsYXRpb25zL2NvbXBsZW1lbnRhcnktZmluYW5jaWFsLWluZm9ybWF0aW9uL2FyY2hpdmUvMjAyMi9jc2ktcGlsbGFyLTMtZGlzY2xvc3VyZXMtMjAyMi5wZGY=/csi-pillar-3-disclosures-2022.pdf	live	pdf	build_credit_suisse_international.py:-;build_credit_suisse_international.py:CSI_P3_2022_URL
https://www.ubs.com/global/en/investor-relations/complementary-financial-information/disclosure-legal-entities/archive-credit-suisse/_jcr_content/root/contentarea/mainpar/toplevelgrid_1145414446/col_1/accordionbox/accordionsplit_485894160/table.0884404004.file/dGFibGVUZXh0PS9jb250ZW50L2RhbS9hc3NldHMvY2MvaW52ZXN0b3ItcmVsYXRpb25zL2NvbXBsZW1lbnRhcnktZmluYW5jaWFsLWluZm9ybWF0aW9uL2FyY2hpdmUvMjAyMy8yMDIzLWNzaS1waWxsYXItMy1kaXNjbG9zdXJlcy5wZGY=/2023-csi-pillar-3-disclosures.pdf	live	pdf	build_credit_suisse_international.py:-;build_credit_suisse_international.py:CSI_P3_2023_URL
https://www.ubs.com/global/en/investor-relations/complementary-financial-information/other-subsidiaries.html	live	-	build_credit_suisse_uk.py:-;build_credit_suisse_uk.py:RWA_BREAKDOWN_SOURCES
https://www.unionbankofindiauk.co.uk/Portals/0/pdf	live	-	build_ubi_uk.py:-;build_ubi_uk.py:BASE
https://www.unionbankofindiauk.co.uk/Portals/0/pdf/2019_Pillar_III_Disclosures_-_RCC_Approved.pdf	live	pdf	build_ubi_uk.py:-;build_ubi_uk.py:P3_2019_URL;build_ubi_uk.py:RWA_SOURCES
https://www.unionbankofindiauk.co.uk/Portals/0/pdf/Annual_Report_March_2023_with_Final_Audit_report_24052023-signed.pdf	live	pdf	build_ubi_uk.py:-;build_ubi_uk.py:AQ_SOURCES;build_ubi_uk.py:AR2023_URL;build_ubi_uk.py:BS_SOURCES;build_ubi_uk.py:CASH_FLOW_SOURCES;build_ubi_uk.py:EQ_SOURCES;build_ubi_uk.py:IS_SOURCES
https://www.unionbankofindiauk.co.uk/Portals/0/pdf/Annual_report_-_31_03_19_Signed..pdf	live	pdf	build_ubi_uk.py:-;build_ubi_uk.py:AQ_SOURCES;build_ubi_uk.py:AR2019_URL;build_ubi_uk.py:BS_SOURCES;build_ubi_uk.py:CASH_FLOW_SOURCES;build_ubi_uk.py:IS_SOURCES
https://www.unionbankofindiauk.co.uk/Portals/0/pdf/Annual_report_UBI_UK_signed_31-03-2025.pdf	live	pdf	build_ubi_uk.py:-;build_ubi_uk.py:AQ_SOURCES;build_ubi_uk.py:AR2025_URL;build_ubi_uk.py:BS_SOURCES;build_ubi_uk.py:CASH_FLOW_SOURCES;build_ubi_uk.py:EQ_SOURCES;build_ubi_uk.py:IS_SOURCES
https://www.unionbankofindiauk.co.uk/Portals/0/pdf/Final_Pillar_3_Disclosure-31-03-2025.pdf	live	pdf	build_ubi_uk.py:-;build_ubi_uk.py:P3_2025_URL;build_ubi_uk.py:RWA_SOURCES
https://www.unionbankofindiauk.co.uk/Portals/0/pdf/Financial_Accounts_31_03_2018.pdf	live	pdf	build_ubi_uk.py:-;build_ubi_uk.py:AR2018_URL;build_ubi_uk.py:BS_SOURCES;build_ubi_uk.py:CASH_FLOW_SOURCES;build_ubi_uk.py:EQ_SOURCES;build_ubi_uk.py:IS_SOURCES
https://www.unionbankofindiauk.co.uk/Portals/0/pdf/Financial_Statements%20_31-03-2022.pdf	live	pdf	build_ubi_uk.py:-;build_ubi_uk.py:AQ_SOURCES;build_ubi_uk.py:AR2022_URL;build_ubi_uk.py:BS_SOURCES;build_ubi_uk.py:CASH_FLOW_SOURCES;build_ubi_uk.py:EQ_SOURCES;build_ubi_uk.py:IS_SOURCES
https://www.unionbankofindiauk.co.uk/Portals/0/pdf/Financial_Statements_UBI_UK_Mar_20_(Final)_Signed.pdf	live	pdf	build_ubi_uk.py:-;build_ubi_uk.py:AQ_SOURCES;build_ubi_uk.py:AR2020_URL;build_ubi_uk.py:BS_SOURCES;build_ubi_uk.py:CASH_FLOW_SOURCES;build_ubi_uk.py:EQ_SOURCES;build_ubi_uk.py:IS_SOURCES
https://www.unionbankofindiauk.co.uk/Portals/0/pdf/PIllar_3_Disclosures_31_03_2018.pdf	live	pdf	build_ubi_uk.py:-;build_ubi_uk.py:P3_2018_URL;build_ubi_uk.py:RWA_SOURCES
https://www.unionbankofindiauk.co.uk/Portals/0/pdf/Pillar_3_Disclosure_2023.pdf	live	pdf	build_ubi_uk.py:-;build_ubi_uk.py:P3_2023_URL;build_ubi_uk.py:RWA_SOURCES
https://www.unionbankofindiauk.co.uk/Portals/0/pdf/Pillar_3_Disclosures_2024.pdf	live	pdf	build_ubi_uk.py:-;build_ubi_uk.py:P3_2024_URL;build_ubi_uk.py:RWA_SOURCES
https://www.unionbankofindiauk.co.uk/Portals/0/pdf/Pillar_III%20_Disclosures_2021_22.pdf	live	pdf	build_ubi_uk.py:-;build_ubi_uk.py:P3_2022_URL;build_ubi_uk.py:RWA_SOURCES
https://www.unionbankofindiauk.co.uk/Portals/0/pdf/Pillar_III_%20Disclosures_(2020-21).pdf	live	pdf	build_ubi_uk.py:-;build_ubi_uk.py:P3_2021_URL;build_ubi_uk.py:RWA_SOURCES
https://www.unionbankofindiauk.co.uk/Portals/0/pdf/Pillar_III_Disclosures_(2020)-Final.pdf	live	pdf	build_ubi_uk.py:-;build_ubi_uk.py:P3_2020_URL;build_ubi_uk.py:RWA_SOURCES
https://www.unionbankofindiauk.co.uk/Portals/0/pdf/Signed_UBI_UK_Annual_Report_28_05.pdf	live	pdf	build_ubi_uk.py:-;build_ubi_uk.py:AQ_SOURCES;build_ubi_uk.py:AR2024_URL;build_ubi_uk.py:BS_SOURCES;build_ubi_uk.py:CASH_FLOW_SOURCES;build_ubi_uk.py:EQ_SOURCES;build_ubi_uk.py:IS_SOURCES
https://www.unionbankofindiauk.co.uk/disclosures/financial-reports	live	-	build_ubi_uk.py:-
https://www.utbank.co.uk/wp-content/uploads/2021/05/UTB_Pillar3_Disclosure_2020.pdf	live	pdf	build_united_trust_bank.py:-
https://www.utbank.co.uk/wp-content/uploads/2023/03/UTB-Partners-Pillar-3-Disclosure-2022-.pdf	live	pdf	build_united_trust_bank.py:-
https://www.utbank.co.uk/wp-content/uploads/2024/03/UTB-Partners-Pillar-3-Disclosure-2023.pdf	live	pdf	build_united_trust_bank.py:-
https://www.utbank.co.uk/wp-content/uploads/2025/03/UTB-Partners-Pillar-3-Disclosure-2024.pdf	live	pdf	build_united_trust_bank.py:-;build_united_trust_bank.py:ORIG_P3_2024;build_united_trust_bank.py:P3_DEAD_URL_NOTE
https://www.utbank.co.uk/wp-content/uploads/2025/03/UTB-Report-and-Accounts-2024.pdf	live	pdf	build_united_trust_bank.py:-;build_united_trust_bank.py:ACCOUNTS_2024
https://www.utbank.co.uk/wp-content/uploads/2026/03/UTB-Partners-Pillar-3-Disclosure-2025.pdf	live	pdf	build_united_trust_bank.py:-
https://www.vanquis.com/wp-content/uploads/2025/05/04-04-24_Pillar-3-Disclosures-2023.pdf	live	pdf	build_vanquis.py:-;build_vanquis.py:P3_2023_URL
https://www.vanquis.com/wp-content/uploads/2025/05/Provident_Financial_plc_Pillar_3_Disclosures_2021.pdf	live	pdf	build_vanquis.py:-;build_vanquis.py:P3_2021_URL
https://www.vanquis.com/wp-content/uploads/2025/05/Vanquis_Bank_Ltd_31_12_2021_Signed.pdf	live	pdf	build_vanquis.py:-;build_vanquis.py:AR2021_URL;build_vanquis.py:CASH_FLOW_SOURCES
https://www.vanquis.com/wp-content/uploads/2025/05/Vanquis_Banking_Group_plc_Pillar_3_Disclosures_2024.pdf	live	pdf	build_vanquis.py:-;build_vanquis.py:P3_2024_URL
https://www.vanquis.com/wp-content/uploads/2026/02/DEC25_VANQ_Pillar-3-Disclosure_Annual_FINAL.pdf	live	pdf	build_vanquis.py:-;build_vanquis.py:P3_2025_URL
https://www.vanquis.com/wp-content/uploads/2026/03/VBL-stats-2025-FINAL-Fully-Signed.pdf	live	pdf	build_vanquis.py:-;build_vanquis.py:AR2025_URL;build_vanquis.py:CASH_FLOW_SOURCES;build_vanquis.py:DISCONTINUED_NOTE
https://www.vanquis.com/wp-content/uploads/2026/03/VBL-stats-2025-FINAL-Fully-Signed.pdf):	live	-	build_vanquis.py:-
https://www.vidabank.co.uk/media/emghy4z2/annual-report-and-accounts-2024-company.pdf	live	pdf	build_vida.py:-;build_vida.py:AR2024_URL;build_vida.py:BALANCE_SHEET_SOURCES;build_vida.py:CASH_FLOW_SOURCES;build_vida.py:EQUITY_SOURCES
https://www.vidabank.co.uk/media/mucbqgwi/vghl-pillar-3-report-2024-final.pdf	live	pdf	build_vida.py:-;build_vida.py:P3_2024_URL
https://www.vidabank.co.uk/media/od2lpxc0/vghl-pillar-3-report-2025-final.pdf	live	pdf	build_vida.py:-;build_vida.py:P3_2025_URL
https://www.vidabank.co.uk/media/p3wau0ms/annual-report-and-accounts-2021.pdf	live	pdf	build_vida.py:-;build_vida.py:AR2021_URL;build_vida.py:ASSET_QUALITY_SOURCES;build_vida.py:BALANCE_SHEET_SOURCES;build_vida.py:CASH_FLOW_SOURCES;build_vida.py:EQUITY_SOURCES;build_vida.py:INCOME_STATEMENT_SOURCES
https://www.vidabank.co.uk/media/pkmnxlqg/annual-report-and-accounts-2025-company.pdf	live	pdf	build_vida.py:-;build_vida.py:AR2025_URL;build_vida.py:ASSET_QUALITY_SOURCES;build_vida.py:BALANCE_SHEET_SOURCES;build_vida.py:CASH_FLOW_SOURCES;build_vida.py:EQUITY_SOURCES;build_vida.py:INCOME_STATEMENT_SOURCES
https://www.vidabank.co.uk/media/zhoj0swe/annual-report-and-accounts-2023.pdf	live	pdf	build_vida.py:-;build_vida.py:AR2023_URL;build_vida.py:ASSET_QUALITY_SOURCES;build_vida.py:BALANCE_SHEET_SOURCES;build_vida.py:CASH_FLOW_SOURCES;build_vida.py:EQUITY_SOURCES;build_vida.py:FY2022_GAP_NOTE;build_vida.py:INCOME_STATEMENT_SOURCES
https://www.virginmoneyukplc.com/downloads/pdf/cb-2026-pillar-3-report.pdf	live	pdf	build_clydesdale.py:-;build_clydesdale.py:P3_2026_URL;build_clydesdale.py:RWA_BREAKDOWN_SOURCES
https://www.virginmoneyukplc.com/downloads/pdf/cb-ara-2014.pdf	live	pdf	build_clydesdale.py:-;build_clydesdale.py:AR2014_HIST_URL;build_clydesdale.py:ASSET_QUALITY_SOURCES;build_clydesdale.py:CASH_FLOW_SOURCES;build_clydesdale.py:STATEMENTS_SOURCES
https://www.virginmoneyukplc.com/downloads/pdf/cb-ara-2015.pdf	live	pdf	build_clydesdale.py:-;build_clydesdale.py:AR2015_HIST_URL;build_clydesdale.py:ASSET_QUALITY_SOURCES
https://www.virginmoneyukplc.com/downloads/pdf/cb-ara-2016.pdf	live	pdf	build_clydesdale.py:-;build_clydesdale.py:AR2016_HIST_URL;build_clydesdale.py:ASSET_QUALITY_SOURCES;build_clydesdale.py:CASH_FLOW_SOURCES;build_clydesdale.py:STATEMENTS_SOURCES
https://www.virginmoneyukplc.com/downloads/pdf/cb-ara-2017.pdf	live	pdf	build_clydesdale.py:-;build_clydesdale.py:AR2017_HIST_URL;build_clydesdale.py:ASSET_QUALITY_SOURCES
https://www.virginmoneyukplc.com/downloads/pdf/cb-ara-2018.pdf	live	pdf	build_clydesdale.py:-;build_clydesdale.py:AR2018_HIST_URL;build_clydesdale.py:ASSET_QUALITY_SOURCES;build_clydesdale.py:CASH_FLOW_SOURCES;build_clydesdale.py:STATEMENTS_SOURCES
https://www.virginmoneyukplc.com/downloads/pdf/cb-ara-2019.pdf	live	pdf	build_clydesdale.py:-;build_clydesdale.py:AR2019_HIST_URL;build_clydesdale.py:ASSET_QUALITY_SOURCES;build_clydesdale.py:CASH_FLOW_SOURCES;build_clydesdale.py:STATEMENTS_SOURCES
https://www.virginmoneyukplc.com/downloads/pdf/cb-ara-2020.pdf	live	pdf	build_clydesdale.py:-;build_clydesdale.py:AR2020_HIST_URL;build_clydesdale.py:ASSET_QUALITY_SOURCES;build_clydesdale.py:CASH_FLOW_SOURCES;build_clydesdale.py:STATEMENTS_SOURCES
https://www.virginmoneyukplc.com/downloads/pdf/cb-ara-2021.pdf	live	pdf	build_clydesdale.py:-;build_clydesdale.py:AR2021_URL;build_clydesdale.py:ASSET_QUALITY_SOURCES;build_clydesdale.py:CASH_FLOW_SOURCES;build_clydesdale.py:STATEMENTS_SOURCES
https://www.virginmoneyukplc.com/downloads/pdf/cb-ara-2025-signed.pdf	live	pdf	build_clydesdale.py:-;build_clydesdale.py:AR2025_URL;build_clydesdale.py:CASH_FLOW_SOURCES;build_clydesdale.py:STATEMENTS_SOURCES
https://www.virginmoneyukplc.com/downloads/pdf/cb-ara-2026-signed.pdf	live	pdf	build_clydesdale.py:-;build_clydesdale.py:AR2026_URL;build_clydesdale.py:ASSET_QUALITY_SOURCES;build_clydesdale.py:BASIS_NOTE;build_clydesdale.py:CASH_FLOW_SOURCES;build_clydesdale.py:FY2026_CASH_FLOW_GAP_NOTE;build_clydesdale.py:NATIONWIDE_NOTE;build_clydesdale.py:RWA_BREAKDOWN_SOURCES;build_clydesdale.py:STATEMENTS_SOURCES
https://www.virginmoneyukplc.com/downloads/pdf/cbplc-2022-ar-cfs.pdf	live	pdf	build_clydesdale.py:-;build_clydesdale.py:AR2022_URL;build_clydesdale.py:CASH_FLOW_SOURCES;build_clydesdale.py:STATEMENTS_SOURCES
https://www.virginmoneyukplc.com/downloads/pdf/cbplc-2023-ar-cfs.pdf	live	pdf	build_clydesdale.py:-;build_clydesdale.py:AR2023_URL;build_clydesdale.py:ASSET_QUALITY_SOURCES;build_clydesdale.py:CASH_FLOW_SOURCES;build_clydesdale.py:STATEMENTS_SOURCES
https://www.virginmoneyukplc.com/downloads/pdf/vm-pillar-3-2021.pdf	live	pdf	build_clydesdale.py:-;build_clydesdale.py:P3_2021_URL
https://www.virginmoneyukplc.com/downloads/pdf/vmukplc-2022-pillar-3-report.pdf	live	pdf	build_clydesdale.py:-;build_clydesdale.py:P3_2022_URL;build_clydesdale.py:RWA_BREAKDOWN_SOURCES
https://www.virginmoneyukplc.com/downloads/pdf/vmukplc-2023-pillar-3-report.pdf	live	pdf	build_clydesdale.py:-;build_clydesdale.py:P3_2023_URL;build_clydesdale.py:RWA_BREAKDOWN_SOURCES
https://www.virginmoneyukplc.com/downloads/pdf/vmukplc-2025-pillar-3-report.pdf	live	pdf	build_clydesdale.py:-;build_clydesdale.py:P3_2025_URL;build_clydesdale.py:RWA_BREAKDOWN_SOURCES
https://www.weatherbys.bank/about-us/corporate-information/annual-reporting/	live	-	build_weatherbys.py:-;build_weatherbys.py:FY2025_P3_NOTE;build_weatherbys.py:P3_SOURCES
https://www.weatherbys.bank/app/uploads/2021/08/Pillar3-2020.pdf	live	pdf	build_weatherbys.py:-
https://www.weatherbys.bank/app/uploads/2022/05/Pillar-3-2021-v2.0-Weatherbys-Bank.pdf	live	pdf	build_weatherbys.py:-
https://www.weatherbys.bank/app/uploads/2023/05/Weatherbys-Banking-Group-Annual_Report-2022.pdf	live	pdf	build_weatherbys.py:-
https://www.weatherbys.bank/app/uploads/2024/05/Weatherbys-Banking-Group-Annual-Report-2023.pdf	live	pdf	build_weatherbys.py:-
https://www.weatherbys.bank/app/uploads/2025/04/Weatherbys-Bank-Pillar-3-Disclosures-2024.pdf	live	pdf	build_weatherbys.py:-
https://www.weatherbys.bank/app/uploads/2025/04/Weatherbys-Banking-Group-Annual-Report-2024.pdf	live	pdf	build_weatherbys.py:-
https://www.weatherbys.bank/app/uploads/2026/05/Weatherbys-Banking-Group-Annual-report-2025.pdf	live	pdf	build_weatherbys.py:-;build_weatherbys.py:AR2025_PDF_URL
https://www.weatherbys.bank/app/uploads/2026/05/Weatherbys-Banking-Group-Annual-report-2025.pdf):	live	-	build_weatherbys.py:-;build_weatherbys.py:FY2025_P3_NOTE;build_weatherbys.py:P3_SOURCES
https://www.weatherbys.bank/weatherbys-banking-group-annual-report-2025/	live	-	build_weatherbys.py:-
https://www.zemplerbank.com/media/5qxdezfu/annual-report-2025-final.pdf	live	pdf	build_zempler.py:-;build_zempler.py:AR2025_URL;build_zempler.py:ASSET_QUALITY_SOURCES;build_zempler.py:CASH_FLOW_SOURCES;build_zempler.py:DATA_QUALITY_NOTE;build_zempler.py:STATEMENTS_SOURCES
https://www.zemplerbank.com/media/5qxdezfu/annual-report-2025-final.pdf)	live	-	build_zempler.py:-;build_zempler.py:STATEMENTS_SOURCES
https://www.zemplerbank.com/media/f3vjwqov/pillar-3-fy2022-23.pdf	live	pdf	build_zempler.py:-;build_zempler.py:P3_2023_URL;build_zempler.py:RWA_BREAKDOWN_SOURCES
https://www.zemplerbank.com/media/hfllow3d/pillar-3-fy2025-26-final.pdf	live	pdf	build_zempler.py:-;build_zempler.py:P3_2026_URL;build_zempler.py:RWA_BREAKDOWN_SOURCES
https://www.zemplerbank.com/media/mszljzed/pillar-3-fy2023-24.pdf	live	pdf	build_zempler.py:-;build_zempler.py:P3_2024_URL;build_zempler.py:RWA_BREAKDOWN_SOURCES
https://www.zemplerbank.com/media/x5sbu2bc/annual-report-2023-010923.pdf	live	pdf	build_zempler.py:-;build_zempler.py:AR2023_URL;build_zempler.py:ASSET_QUALITY_SOURCES;build_zempler.py:CASH_FLOW_SOURCES;build_zempler.py:STATEMENTS_SOURCES
https://www.zemplerbank.com/media/x5sbu2bc/annual-report-2023-010923.pdf)	live	-	build_zempler.py:-;build_zempler.py:STATEMENTS_SOURCES
https://www.zemplerbank.com/media/yqkhclip/annual-report-2026-final.pdf	live	pdf	build_zempler.py:-;build_zempler.py:AR2026_URL;build_zempler.py:ASSET_QUALITY_SOURCES;build_zempler.py:CASH_FLOW_SOURCES;build_zempler.py:DATA_QUALITY_NOTE;build_zempler.py:STATEMENTS_SOURCES
https://www.zemplerbank.com/media/yqkhclip/annual-report-2026-final.pdf)	live	-	build_zempler.py:-;build_zempler.py:STATEMENTS_SOURCES
https://www.zenith-bank.co.uk/media	live	-	build_zenith.py:-;build_zenith.py:BASE
https://www.zenith-bank.co.uk/media/1009/statutory_accounts_year_ended_31st_december_2016.pdf	live	pdf	build_zenith.py:-;build_zenith.py:AR2016_URL;build_zenith.py:ASSET_QUALITY_SOURCES;build_zenith.py:CASH_FLOW_SOURCES;build_zenith.py:EQUITY_SOURCES;build_zenith.py:STATEMENTS_SOURCES
https://www.zenith-bank.co.uk/media/1010/zenith_bank_-uk-_ltd_-_annual_report_and_accounts_2014.pdf	live	pdf	build_zenith.py:-;build_zenith.py:AR2014_URL;build_zenith.py:ASSET_QUALITY_SOURCES;build_zenith.py:CASH_FLOW_SOURCES;build_zenith.py:EQUITY_SOURCES;build_zenith.py:STATEMENTS_SOURCES
https://www.zenith-bank.co.uk/media/1011/zenith_bank_-uk-_ltd_-_annual_report_and_financial_statements_2015.pdf	live	pdf	build_zenith.py:-;build_zenith.py:AR2015_URL;build_zenith.py:ASSET_QUALITY_SOURCES;build_zenith.py:CASH_FLOW_SOURCES;build_zenith.py:EQUITY_SOURCES;build_zenith.py:STATEMENTS_SOURCES
https://www.zenith-bank.co.uk/media/2142/2017-annual-report-and-financial-statements.pdf	live	pdf	build_zenith.py:-;build_zenith.py:AR2017_URL;build_zenith.py:ASSET_QUALITY_SOURCES;build_zenith.py:CASH_FLOW_SOURCES;build_zenith.py:EQUITY_SOURCES;build_zenith.py:STATEMENTS_SOURCES
https://www.zenith-bank.co.uk/media/2151/2018-annual-report.pdf	live	pdf	build_zenith.py:-;build_zenith.py:AR2018_URL;build_zenith.py:ASSET_QUALITY_SOURCES;build_zenith.py:CASH_FLOW_SOURCES;build_zenith.py:EQUITY_SOURCES;build_zenith.py:STATEMENTS_SOURCES
https://www.zenith-bank.co.uk/media/2169/258558-zenith-web.pdf	live	pdf	build_zenith.py:-;build_zenith.py:AR2019_URL;build_zenith.py:ASSET_QUALITY_SOURCES;build_zenith.py:CASH_FLOW_SOURCES;build_zenith.py:EQUITY_SOURCES;build_zenith.py:STATEMENTS_SOURCES
https://www.zenith-bank.co.uk/media/2199/zenith-bank-uk-limited-annual-report-2020.pdf	live	pdf	build_zenith.py:-;build_zenith.py:AR2020_URL;build_zenith.py:ASSET_QUALITY_SOURCES;build_zenith.py:CASH_FLOW_SOURCES;build_zenith.py:EQUITY_SOURCES;build_zenith.py:STATEMENTS_SOURCES
https://www.zenith-bank.co.uk/media/2205/2021-annual-report-and-financial-statements.pdf	live	pdf	build_zenith.py:-;build_zenith.py:AR2021_URL;build_zenith.py:ASSET_QUALITY_SOURCES;build_zenith.py:CASH_FLOW_SOURCES;build_zenith.py:EQUITY_SOURCES;build_zenith.py:STATEMENTS_SOURCES
https://www.zenith-bank.co.uk/media/2228/31dec21-pillar-3.pdf	live	pdf	build_zenith.py:-;build_zenith.py:P3_2021_URL
https://www.zenith-bank.co.uk/media/2237/2022-annual-report-and-financial-statements.pdf	live	pdf	build_zenith.py:-;build_zenith.py:AR2022_URL;build_zenith.py:ASSET_QUALITY_SOURCES;build_zenith.py:CASH_FLOW_SOURCES;build_zenith.py:EQUITY_SOURCES;build_zenith.py:STATEMENTS_SOURCES
https://www.zenith-bank.co.uk/media/2238/zbuk-31dec22-pillar-3-disclosures.pdf	live	pdf	build_zenith.py:-;build_zenith.py:P3_2022_URL
https://www.zenith-bank.co.uk/media/2253/2023-annual-report-and-financial-statements.pdf	live	pdf	build_zenith.py:-;build_zenith.py:AR2023_URL;build_zenith.py:ASSET_QUALITY_SOURCES;build_zenith.py:CASH_FLOW_SOURCES;build_zenith.py:EQUITY_SOURCES;build_zenith.py:STATEMENTS_SOURCES
https://www.zenith-bank.co.uk/media/2260/pillar-3-31dec23-final.pdf	live	pdf	build_zenith.py:-;build_zenith.py:P3_2023_URL
https://www.zenith-bank.co.uk/media/2273/2024-annual-report-and-financial-statements.pdf	live	pdf	build_zenith.py:-;build_zenith.py:AR2024_URL;build_zenith.py:ASSET_QUALITY_SOURCES;build_zenith.py:CASH_FLOW_SOURCES;build_zenith.py:EQUITY_SOURCES;build_zenith.py:STATEMENTS_SOURCES
https://www.zenith-bank.co.uk/media/2274/31dec24-pillar-3-zbuk.pdf	live	pdf	build_zenith.py:-;build_zenith.py:P3_2024_URL
https://www.zenith-bank.co.uk/media/2290/pillar-3-zbuk-31dec25.pdf	live	pdf	build_zenith.py:-;build_zenith.py:P3_2025_URL
