url	kind	scripts
http://web.archive.org/web/20160826052010/http://www.zenith-bank.co.uk/uploads/ZBL_Pillar_3_Disclosure_Document_2014.pdf	wayback	build_zenith.py
http://web.archive.org/web/20161128044735/http://www.zenith-bank.co.uk/uploads/ZBL_Pillar_3_Disclosure_Document_2015.pdf	wayback	build_zenith.py
http://web.archive.org/web/20200929085826/https://chetwood.co/static/ea27728be3ae831ddb0ef7888e332546/Pillar3Disclosures.pdf	wayback	build_chetwood.py
http://web.archive.org/web/20210830132929/https://chetwood.co/static/3d0ade6e892213e246ca03dc1d84b417/AnnualReport.pdf	wayback	build_chetwood.py
http://web.archive.org/web/20211128171331/https://chetwood.co/static/221a3946677e4d8c49c5525d22f9b534/Pillar3Disclosures.pdf	wayback	build_chetwood.py
http://web.archive.org/web/20220125010012if_/http://www.persiabank.co.uk/Pillar%203%202020%20v7.pdf	wayback	build_persia_international_bank.py
http://web.archive.org/web/20221005205114/https://www.atombank.co.uk/~/docs/pillar-3-disclosures-18-19.pdf	wayback	build_atom_bank.py
http://web.archive.org/web/20221005211108/https://www.atombank.co.uk/~/docs/pillar-3-disclosures-17-18.pdf	wayback	build_atom_bank.py
http://web.archive.org/web/20221005211125/https://www.atombank.co.uk/~/docs/pillar-3-disclosures-16-17.pdf	wayback	build_atom_bank.py
http://web.archive.org/web/20221005223922/https://www.atombank.co.uk/~/docs/pillar-3-disclosures-19-20.pdf	wayback	build_atom_bank.py
http://web.archive.org/web/20230131231341/https://chetwood.co/static/7fbc3d1ed9c0913dca3435f640a5a570/AnnualReport.pdf	wayback	build_chetwood.py
http://web.archive.org/web/20230131235943/https://chetwood.co/static/815e2dd174c4655ddf55a93ca1029ce3/Pillar3Disclosures.pdf	wayback	build_chetwood.py
http://web.archive.org/web/20230502054346/https://www.itau.com.br/media/dam/m/58b090bc84eddb94/original/Pillar-3-2022.pdf	wayback	build_itau_bba_international.py
http://web.archive.org/web/20230502062443/https://www.itau.com.br/content/dam/ibba/en/Pillar-3-2021.pdf	wayback	build_itau_bba_international.py
http://web.archive.org/web/20231210004904/https://www.recognisebank.co.uk/wp-content/uploads/2023/10/Pillar-3-disclosures-March-2023-RBL.pdf	wayback	build_recognise_bank.py
http://web.archive.org/web/20240315022245/https://chetwood.co/static/330c40d433df90b83d3b3e5c673e21cc/Pillar3Disclosures.pdf	wayback	build_chetwood.py
http://web.archive.org/web/20240812211731/https://www.itau.com.br/media/dam/m/11e1e216dd5df1fd/original/Pillar-3-2023.pdf	wayback	build_itau_bba_international.py
http://web.archive.org/web/20240920030034/https://chetwood.co/static/97d26e488d5277699e5b9a9983db4d5b/AnnualReport.pdf	wayback	build_chetwood.py
http://web.archive.org/web/20260110002617if_/http://www.persiabank.co.uk/Pillar%203%202021%20v3.pdf	wayback	build_persia_international_bank.py
http://www.crownagentsbank.com/wp-content/uploads/2025/09/2023_cab_pillar_3_disclosures_final.pdf	live	build_crown_agents_bank.py
http://www.crownagentsbank.com/wp-content/uploads/2025/09/cab_2021_financial_statements_1_apr.pdf	live	build_crown_agents_bank.py
http://www.crownagentsbank.com/wp-content/uploads/2025/09/cab_financial_statements_2022_signed_19_april_formatted_version.pdf	live	build_crown_agents_bank.py
http://www.crownagentsbank.com/wp-content/uploads/2025/09/cab_fs_ye_2023_signed_3_april_2024_audited.pdf	live	build_crown_agents_bank.py
http://www.crownagentsbank.com/wp-content/uploads/2025/09/cab_pillar_3_-_document_2024_post_bac.pdf	live	build_crown_agents_bank.py
http://www.crownagentsbank.com/wp-content/uploads/2025/09/cab_pillar_3_disclosures_2022_v3.pdf	live	build_crown_agents_bank.py
http://www.hib.uk.com/hibacc2024.pdf	live	build_havin_bank.py
http://www.persiabank.co.uk/Pillar%203%202021%20v3.pdf	live	build_persia_international_bank.py
https://afinbank.com/wp-content/uploads/2025/09/Afin-Bank-2024-Pillar-3-Disclosures-FINAL.pdf	live	build_afin_bank.py
https://afinbank.com/wp-content/uploads/2025/09/Afin-Bank-Ltd-Year-End-Accounts-FV24-FINAL-SIGNED.pdf	live	build_afin_bank.py
https://aib.ie/content/dam/frontdoor/investorrelations/docs/resultscentre/annualreport/2022/AIB-Group-UK-p.l.c-Annual-Financial-Report-2022.pdf	live	build_aib_uk.py
https://aib.ie/content/dam/frontdoor/investorrelations/docs/resultscentre/annualreport/2023/aib-group-uk-plc-annual-financial-report-2023.pdf	live	build_aib_uk.py
https://alphabanklondon.co.uk/wp-content/uploads/2020/05/ABL-Financial-Statements-2019-1.pdf	live	build_alpha_bank_london.py
https://arabbankeurope.com/wp-content/uploads/202602_EABAnnualReport_v9.pdf	live	build_arab_bank_europe.py
https://assets.ctfassets.net/056oa4qkl0n4/3IhfDT5SeXi0hEaeG4qX3P/066a72110553dbd149a1e9e27c095ffb/2021_Pillar_3_Disclosures_document.pdf	live	build_monument_bank.py
https://assets.ctfassets.net/xzmqg68ot16t/1aUkuB7BcAd8Pj5Kq0RNqh/101ced4af6be2d55cd37fad3542829b2/Cynergy_Bank_-_Annual_Report_2025.pdf	live	build_cynergy_bank.py
https://assets.ctfassets.net/xzmqg68ot16t/2AeSbXsBP7fwKhngGTLWxb/ca86e60128ab83d41842b85ae74aa326/Annual_Report_2024.pdf	live	build_cynergy_bank.py
https://assets.ctfassets.net/xzmqg68ot16t/2oPLoaeUJ2c4kRJcNMSyMp/54230fc39821a0d6ede6f81f1c7528ce/Cynergy_Bank_Limited_-_Annual_Report_2023.pdf	live	build_cynergy_bank.py
https://assets.gatehousebank.com/production/downloads/Gatehouse-Bank-Annual-Report-2021-FINAL-web.pdf	live	build_gatehouse.py
https://assets.gatehousebank.com/production/downloads/Gatehouse-Bank-Annual-Report-2025.pdf	live	build_gatehouse.py
https://assets.gatehousebank.com/production/downloads/Gatehouse-Bank-Pillar-III-Disclosure-2021-FINAL_2022-08-23-154942_nofu.pdf	live	build_gatehouse.py
https://assets.gatehousebank.com/production/downloads/Gatehouse-Bank-Pillar-III-Disclosure-2023-FINAL.pdf	live	build_gatehouse.py
https://assets.gatehousebank.com/production/downloads/Gatehouse-Bank-Pillar-III-Disclosure-2024-FINAL.pdf	live	build_gatehouse.py
https://assets.gatehousebank.com/production/downloads/gatehousebankannualreport2017-wesbite2.pdf	live	build_gatehouse.py
https://assets.gatehousebank.com/production/downloads/gatehousebankpillariiidisclosure2017.pdf	live	build_gatehouse.py
https://assets.santandermedia.com/adobe/assets/urn:aaid:aem:3af8ccd7-5ee0-4196-9577-83a30558e64c/original/as/02536CCAA25SantanderFinancialServicesPlc.pdf	live	build_santander_financial_services.py
https://assets.santandermedia.com/adobe/assets/urn:aaid:aem:58592004-0ef9-4156-9df8-367908fc81a9/original/as/sfs_2021_annual_report.pdf	live	build_santander_financial_services.py
https://assets.santandermedia.com/adobe/assets/urn:aaid:aem:8da5f087-d631-4188-9c9c-9671410070c5/original/as/sfs_annual_report_2023.pdf	live	build_santander_financial_services.py
https://assets.santandermedia.com/adobe/assets/urn:aaid:aem:f15fea69-5780-484a-bb22-ce42b29eeac3/original/as/santander_financial_services_plc_2022_annual_report.pdf	live	build_santander_financial_services.py
https://assets.unity.co.uk/2022/08/PILLAR3-2021-FINAL.pdf	live	build_unity_trust.py
https://assets.unity.co.uk/2022/08/Unity-Trust-Bank_Report-and-Accounts-2021.pdf	live	build_unity_trust.py
https://assets.unity.co.uk/2023/03/Unity-Trust-Bank_2022-Pillar-3-Disclosures.pdf	live	build_unity_trust.py
https://assets.unity.co.uk/U798_0324_Unity_Trust_Bank_Annual-Report-and-Accounts_2023.pdf	live	build_unity_trust.py
https://assets.unity.co.uk/Unity-Trust-Bank-Annual-Report-and-Accounts-2024.pdf	live	build_unity_trust.py
https://assets.unity.co.uk/Unity-Trust-Bank-Annual-Report-and-Accounts-2025.pdf	live	build_unity_trust.py
https://assets.unity.co.uk/Unity-Trust-Bank-PILLAR3-2019.pdf	live	build_unity_trust.py
https://assets.unity.co.uk/Unity-Trust-Bank-PILLAR3-2023-1.pdf	live	build_unity_trust.py
https://assets.unity.co.uk/Unity-Trust-Bank-PILLAR3-2024.pdf	live	build_unity_trust.py
https://assets.unity.co.uk/Unity-Trust-Bank-PILLAR3-2025-1.pdf	live	build_unity_trust.py
https://assets.website-files.com/62a364a1705cce548303c9aa/6337028c7519c4c08e1b5d54_TML_Pillar%203%202021.12.31_Board.pdf	live	build_tandem.py
https://bankofceylon.co.uk/downloads/corporate/BOCUK_Financial_statements_2023.pdf	live	build_bank_of_ceylon_uk.py
https://brownshipley.com/media/o4tl2pod/pillar-3-disclosure-2024-final-draft_cleanv2.pdf	live	build_brown_shipley.py
https://ccbank.co.uk/wp-content/uploads/2021/05/CCB-Pillar-3-2017.pdf	live	build_cambridge_and_counties.py
https://ccbank.co.uk/wp-content/uploads/2021/05/CCB-Pillar-3-2018.pdf	live	build_cambridge_and_counties.py
https://ccbank.co.uk/wp-content/uploads/2021/05/CCB-Pillar-3-2019.pdf	live	build_cambridge_and_counties.py
https://ccbank.co.uk/wp-content/uploads/2021/05/CCB-Pillar-3-Disclosures-2015.pdf	live	build_cambridge_and_counties.py
https://ccbank.co.uk/wp-content/uploads/2021/05/CCB-Pillar-3-Disclosures-2016.pdf	live	build_cambridge_and_counties.py
https://ccbank.co.uk/wp-content/uploads/2021/07/CCB-Pillar-3-2020.pdf	live	build_cambridge_and_counties.py
https://ccbank.co.uk/wp-content/uploads/2022/06/CCB_Pillar-3-2021.pdf	live	build_cambridge_and_counties.py
https://ccbank.co.uk/wp-content/uploads/2023/05/Pillar-3-Disclosure2022.pdf	live	build_cambridge_and_counties.py
https://ccbank.co.uk/wp-content/uploads/2023/06/CCB_Annual-Report_2022.pdf	live	build_cambridge_and_counties.py
https://ccbank.co.uk/wp-content/uploads/2025/05/86395_CCB-2024-Annual-Report-web.pdf	live	build_cambridge_and_counties.py
https://ccbank.co.uk/wp-content/uploads/2026/04/Cambridge__Counties-Bank_Annual-Report_2025.pdf	live	build_cambridge_and_counties.py
https://cdn.craft.cloud/019db931-b985-7148-ac09-8f1d1e20d1a6/assets/content/hampden/content/Hampden-Bank-Annual-Report-and-Financial-Statements-2024.pdf	live	build_hampden_co.py
https://cdn.craft.cloud/019db931-b985-7148-ac09-8f1d1e20d1a6/assets/content/hampden/content/Hampden-Co-2022-Annual-Report-and-Financial-Statements.pdf	live	build_hampden_co.py
https://cdn.craft.cloud/019db931-b985-7148-ac09-8f1d1e20d1a6/assets/content/hampden/content/Hampden-Co-Annual-Report-2021.pdf	live	build_hampden_co.py
https://cdn.craft.cloud/019db931-b985-7148-ac09-8f1d1e20d1a6/assets/content/hampden/content/Hampden-Co-Annual-Report-and-Financial-Statements-2023.pdf	live	build_hampden_co.py
https://cdn.craft.cloud/019db931-b985-7148-ac09-8f1d1e20d1a6/assets/content/hampden/content/Hampden-Co-plc-2023-Pillar-3-Disclosures.pdf	live	build_hampden_co.py
https://cdn.craft.cloud/019db931-b985-7148-ac09-8f1d1e20d1a6/assets/content/hampden/content/Hampden_Bank_Annual_Report_2025_2026-06-09-100801_cggc.pdf	live	build_hampden_co.py
https://cdn.prod.website-files.com/62b1c54534b6a11713c35c02/66a0e99ad693a6e63fe72544_TML_Pillar%203%202023%20Final.pdf	live	build_tandem.py
https://cdn.prod.website-files.com/62b1c54534b6a11713c35c02/680f52c61791aa8addbecd66_TML_Pillar%203%202024%20Final.pdf	live	build_tandem.py
https://cdn.prod.website-files.com/62b1c54534b6a11713c35c02/6a1da906ea626c65de0ea1b6_TML_Pillar%203%202025%20Final.pdf	live	build_tandem.py
https://cdn.prod.website-files.com/6435124ea79f72c265f72807/6489c5a09d3686a31e3ae73d_Monument_Bank_Limited_2020_Annual_Report.pdf	live	build_monument_bank.py
https://cdn.prod.website-files.com/6435124ea79f72c265f72807/65168a20ee9b129fb0cb9fe3_Monument%20Bank%20Pillar%203%20Report.pdf	live	build_monument_bank.py
https://cdn.prod.website-files.com/6435124ea79f72c265f72807/66f410fafb215ace68a82827_Monument%20Bank%20Pillar%203%20Report.pdf	live	build_monument_bank.py
https://cdn.prod.website-files.com/6435124ea79f72c265f72807/66f6d2535d967ffe1afc3061_Monument%20Bank%20FY23.pdf	live	build_monument_bank.py
https://cdn.prod.website-files.com/6435124ea79f72c265f72807/68948defbf0375a1d85d11f9_Monument%20Bank%202024.pdf	live	build_monument_bank.py
https://cdn.prod.website-files.com/67cb23eaf0c6c4d4080e059a/686301edbbd3ea24c5c8059f_mizuho_annual_report_2024_final_v02.pdf	live	build_mizuho_international.py
https://cdn.prod.website-files.com/67cb23eaf0c6c4d4080e059a/6863021624e9468651ae2fbd_mizuho_annual_report_2023_final_02.pdf	live	build_mizuho_international.py
https://cdn.prod.website-files.com/67cb23eaf0c6c4d4080e059a/686302389cf6e01446043fd2_2022-mizuho-international-plc-annual-report.pdf	live	build_mizuho_international.py
https://cdn.prod.website-files.com/67cb23eaf0c6c4d4080e059a/686302637f7fc2c72f2e2f59_2021-mizuho-international-plc-annual-report.pdf	live	build_mizuho_international.py
https://cdn.prod.website-files.com/67cb23eaf0c6c4d4080e059a/6863028d4802cdc23dd6552c_2020-mizuho-international-plc-annual-report.pdf	live	build_mizuho_international.py
https://cdn.prod.website-files.com/67cb23eaf0c6c4d4080e059a/686302ac32d1c7376f1f1877_2019-mizuho-international-plc-annual-report.pdf	live	build_mizuho_international.py
https://cdn.prod.website-files.com/67cb23eaf0c6c4d4080e059a/686302c5e1d535ec3306fbee_2018-mizuho-international-plc-annual-report-1.pdf	live	build_mizuho_international.py
https://cdn.prod.website-files.com/67cb23eaf0c6c4d4080e059a/686302d732d1c7376f1f2ad2_2017-mizuho-international-plc-annual-report.pdf	live	build_mizuho_international.py
https://cdn.prod.website-files.com/67cb23eaf0c6c4d4080e059a/686302eda925dd5c1687cecd_2016-mizuho-international-plc-annual-report.pdf	live	build_mizuho_international.py
https://cdn.prod.website-files.com/67cb23eaf0c6c4d4080e059a/68630302eca4998ff565c8ea_2015-mizuho-international-plc-annual-report.pdf	live	build_mizuho_international.py
https://cdn.prod.website-files.com/67cb23eaf0c6c4d4080e059a/6864747a2fb833ca68387b1e_mhi-consolidated-pillar-3-disclosure-2024-final.pdf	live	build_mizuho_international.py
https://cdn.prod.website-files.com/67cb23eaf0c6c4d4080e059a/68647496be5f9b72fe43c3f9_mhi-consolidated-pillar-3-disclosure-2023-final.pdf	live	build_mizuho_international.py
https://cdn.prod.website-files.com/67cb23eaf0c6c4d4080e059a/686474abd90349ac917e208a_2022-mhi-consolidated-pillar-3-disclosure.pdf	live	build_mizuho_international.py
https://cdn.prod.website-files.com/67cb23eaf0c6c4d4080e059a/6864754eb71eb72dcfb8ec06_2021-mizuho-international-plc-pillar-3-disclosure.pdf	live	build_mizuho_international.py
https://cdn.prod.website-files.com/67cb23eaf0c6c4d4080e059a/686475629a3272fed34cef93_2020-pillar-3-disclosure.pdf	live	build_mizuho_international.py
https://cdn.prod.website-files.com/67cb23eaf0c6c4d4080e059a/686475789a3272fed34cf5a7_2019-pillar-3-disclosure.pdf	live	build_mizuho_international.py
https://cdn.prod.website-files.com/67cb23eaf0c6c4d4080e059a/6864758d6847432aa76ef044_2018-pillar-3-disclosure.pdf	live	build_mizuho_international.py
https://cdn.prod.website-files.com/67cb23eaf0c6c4d4080e059a/6864759fa4cb331151bf5ee9_2017-pillar-3-disclosure.pdf	live	build_mizuho_international.py
https://cdn.prod.website-files.com/67cb23eaf0c6c4d4080e059a/686475b6c99b915dfa9735fb_2016-pillar-3-disclosure.pdf	live	build_mizuho_international.py
https://cdn.prod.website-files.com/67cb23eaf0c6c4d4080e059a/686475c97ce484821ccefc82_2015-pillar-3-disclosure.pdf	live	build_mizuho_international.py
https://cdn.prod.website-files.com/67cb23eaf0c6c4d4080e059a/686475e150ef186144c44568_2014-pillar-3-disclosure.pdf	live	build_mizuho_international.py
https://cdn.prod.website-files.com/67cb23eaf0c6c4d4080e059a/6949753a5e4af5e79887a666_MIzuho_MHI_Annual_Report_2025.pdf	live	build_mizuho_international.py
https://cdn.prod.website-files.com/67cb23eaf0c6c4d4080e059a/6a903f20d82fcd0100158b9f_MHI%20consolidated%20Pillar%203%20disclosure%202025.pdf	live	build_mizuho_international.py
https://chetwoodbank.co.uk/documents/chetwood-bank-annual-report.pdf	live	build_chetwood.py
https://chetwoodbank.co.uk/documents/chetwood-bank-pillar-three-disclosures.pdf	live	build_chetwood.py
https://clear.bank/uploads/assets/ClearBank-Annual-Report-2016.pdf	live	build_clearbank.py
https://clear.bank/uploads/assets/ClearBank-Annual-Report-2017.pdf	live	build_clearbank.py
https://clear.bank/uploads/assets/ClearBank-Annual-Report-2018.pdf	live	build_clearbank.py
https://clear.bank/uploads/assets/ClearBank-Annual-Report-2019.pdf	live	build_clearbank.py
https://clear.bank/uploads/assets/ClearBank-Annual-Report-2020.pdf	live	build_clearbank.py
https://clear.bank/uploads/assets/ClearBank-Annual-Report-2021.pdf	live	build_clearbank.py
https://clear.bank/uploads/assets/ClearBank-Annual-Report-2025.pdf	live	build_clearbank.py
https://clear.bank/uploads/assets/ClearBank-Annual-Report-and-Accounts-2023.pdf	live	build_clearbank.py
https://clear.bank/uploads/assets/ClearBank-Annual-Report-and-Accounts_2022.pdf	live	build_clearbank.py
https://clear.bank/uploads/assets/ClearBank-Pillar-3-2022.pdf	live	build_clearbank.py
https://clear.bank/uploads/assets/ClearBank-Pillar-3-2025.pdf	live	build_clearbank.py
https://clear.bank/uploads/assets/ClearBank-Pillar-3-Disclosure-2023.pdf	live	build_clearbank.py
https://clear.bank/uploads/assets/ClearBank-Pillar-3-disclosure-2021.pdf	live	build_clearbank.py
https://cms.griffin.com/griffin-assets/Griffin_Bank_Ltd_2023_Annual_Report_and_Financial_Statements_9c92dd2876.pdf	live	build_griffin_bank.py
https://cms.griffin.com/griffin-assets/Griffin_Bank_Ltd_Annual_Report_2024_b98c8d4c38.pdf	live	build_griffin_bank.py
https://cms.griffin.com/griffin-assets/Griffin_Bank_Ltd_Annual_Report_2025_edeb37eca7.pdf	live	build_griffin_bank.py
https://cms.griffin.com/griffin-assets/Griffin_Bank_Ltd_Pillar_3_30_Sept_2023_df3ca44acc.pdf	live	build_griffin_bank.py
https://danskebank.co.uk/-/media/danske-bank/uk/about-us/corporate-governance/annual-reports/northern-bank---annual-report-og-accounts-2020.pdf	live	build_northern_bank.py
https://fcmbuk.com/wp-content/uploads/2022/07/Pillar-III-Disclosures-FYE-2021-002.pdf	live	build_fcmb_uk.py
https://fcmbuk.com/wp-content/uploads/2023/09/FCMB-Bank-UK-Limited-Signed-Annual-Report-Financial-Statements-2022.pdf	live	build_fcmb_uk.py
https://fcmbuk.com/wp-content/uploads/2023/09/FCMB-Bank-UK-Limited-Signed-Audited-Accounts-2021.pdf	live	build_fcmb_uk.py
https://fcmbuk.com/wp-content/uploads/2023/09/Pillar-III-Disclosures-FYE-2022.pdf	live	build_fcmb_uk.py
https://fcmbuk.com/wp-content/uploads/2024/07/FCMB-Bank-UK-Limited-Audited-Accounts-2023.pdf	live	build_fcmb_uk.py
https://fcmbuk.com/wp-content/uploads/2024/08/Pillar-III-Disclosures-FYE-2023.pdf	live	build_fcmb_uk.py
https://fcmbuk.com/wp-content/uploads/2025/09/FCMB-Bank-UK-Limited-Audited-Accounts-2024-Signed.pdf	live	build_fcmb_uk.py
https://fcmbuk.com/wp-content/uploads/2025/09/Pillar-III-Disclosures-FYE-2024.pdf	live	build_fcmb_uk.py
https://fcmbuk.com/wp-content/uploads/2026/08/5.-Pillar-III-Disclosures-FYE-2025-30-June-2026.pdf	live	build_fcmb_uk.py
https://fcmbuk.com/wp-content/uploads/2026/08/SIGNED-FCMB-Bank-UK-Limited-Audited-Accounts-2025.pdf	live	build_fcmb_uk.py
https://fidbank.co.uk/assets/Uploads/NewFolder/FBUK-Pillar-3-Disclosure-2021.pdf	live	build_fidbank_uk.py
https://fidbank.co.uk/assets/Uploads/NewFolder/FBUK-Pillar-3-Disclosure-2022.pdf	live	build_fidbank_uk.py
https://fidbank.co.uk/assets/Uploads/NewFolder/FidBank-UK-Pillar-3-Disclosure-2023.pdf	live	build_fidbank_uk.py
https://fidbank.co.uk/assets/Uploads/NewFolder/FidBank-UK-Pillar-3-Disclosure-2024.pdf	live	build_fidbank_uk.py
https://files.bacb.co.uk/production/files/2014-Pillar-3-secured.pdf	live	build_british_arab_commercial_bank.py
https://files.bacb.co.uk/production/files/2015-Pillar-3-secured.pdf	live	build_british_arab_commercial_bank.py
https://files.bacb.co.uk/production/files/2019-Pillar-3.pdf	live	build_british_arab_commercial_bank.py
https://files.bacb.co.uk/production/files/Annual-Report-2014-Final.pdf	live	build_british_arab_commercial_bank.py
https://files.bacb.co.uk/production/files/BACB-Annual-Report-2020.pdf	live	build_british_arab_commercial_bank.py
https://files.bacb.co.uk/production/files/BACB_AnnualReportYE2018-complete-6.pdf	live	build_british_arab_commercial_bank.py
https://files.bacb.co.uk/production/files/BACB_AnnualReportYE2019-print-3-opt.pdf	live	build_british_arab_commercial_bank.py
https://files.bacb.co.uk/production/files/BACB_AnnualReportYE2021-1.pdf	live	build_british_arab_commercial_bank.py
https://files.bacb.co.uk/production/files/BACB_AnnualReportYE2022_WEB-1proof-10.pdf	live	build_british_arab_commercial_bank.py
https://files.bacb.co.uk/production/files/BACB_AnnualReportYE2023_WEB-06.pdf	live	build_british_arab_commercial_bank.py
https://files.bacb.co.uk/production/files/BACB_AnnualReportYE2024_WEB-Final.pdf	live	build_british_arab_commercial_bank.py
https://files.bacb.co.uk/production/files/BACB_AnnualReportYE2025_WEB-Final.pdf	live	build_british_arab_commercial_bank.py
https://files.bacb.co.uk/production/files/BACB_AnnualReport_online-2017.pdf	live	build_british_arab_commercial_bank.py
https://files.bacb.co.uk/production/files/BACB_AnnualReport_online-2018-v4.pdf	live	build_british_arab_commercial_bank.py
https://files.bacb.co.uk/production/files/BACB_Pillar3-2021_v3.pdf	live	build_british_arab_commercial_bank.py
https://files.bacb.co.uk/production/files/BACB_Pillar3YE2022-1.pdf	live	build_british_arab_commercial_bank.py
https://files.bacb.co.uk/production/files/BACB_Pillar3YE2023-03-002.pdf	live	build_british_arab_commercial_bank.py
https://files.bacb.co.uk/production/files/BACB_Pillar3_YE2024web-05.pdf	live	build_british_arab_commercial_bank.py
https://files.bacb.co.uk/production/files/BACB_Pillar3_YE2025web-03.pdf	live	build_british_arab_commercial_bank.py
https://files.bacb.co.uk/production/files/Pillar-3-2016-FINAL-June17.pdf	live	build_british_arab_commercial_bank.py
https://files.bacb.co.uk/production/files/Pillar-3-2017-FINAL-24-May-2018.pdf	live	build_british_arab_commercial_bank.py
https://files.bacb.co.uk/production/files/Pillar-3-2018_Final-secured.pdf	live	build_british_arab_commercial_bank.py
https://files.bacb.co.uk/production/files/Report-Financials-2015-FINAL-18032016.pdf	live	build_british_arab_commercial_bank.py
https://framerusercontent.com/assets/5YzVUZr8JQg4njsGLzu4ZBXBs8.pdf	live	build_lhv.py
https://framerusercontent.com/assets/6Jp4ZWQKQVS1wXUDoBneovYKzIo.pdf	live	build_lhv.py
https://framerusercontent.com/assets/OJpwHIE7Kzeo65KeJdj7ZrJGUk.pdf	live	build_lhv.py
https://framerusercontent.com/assets/ZBWKLmRUPe8T4hKrOicG3V2KYeE.pdf	live	build_lhv.py
https://framerusercontent.com/assets/srilZFyKHEx1zeu697l5ZFVMXoU.pdf	live	build_lhv.py
https://framerusercontent.com/assets/xqUVp5XxVe8i90y3LAxlQmmQg.pdf	live	build_lhv.py
https://gib-am.files.svdcdn.com/production/documents/2024-GIBUK-Pillar-3-disclosures-Board-approved.pdf	live	build_gulf_international_bank_uk.py
https://gib-am.files.svdcdn.com/production/documents/Fund-sustainability-related-documents/2023-GIBUK-Pillar-3-disclosures.pdf	live	build_gulf_international_bank_uk.py
https://gtbank-uk.files.svdcdn.com/production/media/GTBUK-Pillar-3-2022.pdf	live	build_guaranty_trust_bank_uk.py
https://hblbankuk.com/wp-content/uploads/2020/03/HBL-UK-2025-Pillar-III-Disclosure.pdf	live	build_hbl_bank_uk.py
https://hblbankuk.com/wp-content/uploads/2022/06/Pillar-III-Disclosures-2021.pdf	live	build_hbl_bank_uk.py
https://hblbankuk.com/wp-content/uploads/2023/06/HBL-UK-2022-Pillar-III-Disclosure-V1.pdf	live	build_hbl_bank_uk.py
https://hblbankuk.com/wp-content/uploads/2025/05/Pillar-III-Disclosure-2024.pdf	live	build_hbl_bank_uk.py
https://hodgebank.co.uk/wp-content/uploads/2024/07/Annual-report-Jan-25.01.24.pdf	live	build_julian_hodge_bank.py
https://hodgebank.co.uk/wp-content/uploads/2024/07/Hodge-Annual-Report-2020_2021.pdf	live	build_julian_hodge_bank.py
https://hodgebank.co.uk/wp-content/uploads/2024/07/Hodge-Annual-Report-April-04.04.23-optimised.pdf	live	build_julian_hodge_bank.py
https://hodgebank.co.uk/wp-content/uploads/2024/07/Hodge-Pillar-3-Document-2020_2021.pdf	live	build_julian_hodge_bank.py
https://hodgebank.co.uk/wp-content/uploads/2024/07/Hodge-pillar-3-11.03.24.pdf	live	build_julian_hodge_bank.py
https://hodgebank.co.uk/wp-content/uploads/2024/07/Hodge-pillar-3-19.06.23.pdf	live	build_julian_hodge_bank.py
https://hodgebank.co.uk/wp-content/uploads/2025/02/Hodge-annual-report-21.02.25.pdf	live	build_julian_hodge_bank.py
https://hodgebank.co.uk/wp-content/uploads/2026/02/Hodge-AR-28.01.26.pdf	live	build_julian_hodge_bank.py
https://home.barclays/content/dam/home-barclays/documents/investor-relations/ResultAnnouncements/FullYear2025Results/FY25-BBUKPLC-Pillar-3.pdf	live	build_barclays.py
https://home.barclays/content/dam/home-barclays/documents/investor-relations/reports-and-events/annual-reports/2018/2018-barclays-bank-uk-plc-annual-report.pdf	live	build_barclays.py
https://home.barclays/content/dam/home-barclays/documents/investor-relations/reports-and-events/annual-reports/2019/Barclays%20Bank%20UK%20PLC%20Annual%20Report%202019.pdf	live	build_barclays.py
https://home.barclays/content/dam/home-barclays/documents/investor-relations/reports-and-events/annual-reports/2019/Barclays%20Bank%20UK%20PLC%20Pillar%203%20Report.pdf	live	build_barclays.py
https://home.barclays/content/dam/home-barclays/documents/investor-relations/reports-and-events/annual-reports/2020/Barclays%20Bank%20UK%20PLC%20Pillar%203%20Report%202020.pdf	live	build_barclays.py
https://home.barclays/content/dam/home-barclays/documents/investor-relations/reports-and-events/annual-reports/2020/Barclays-Bank-UK-PLC-2020-Annual-Report.pdf	live	build_barclays.py
https://home.barclays/content/dam/home-barclays/documents/investor-relations/reports-and-events/annual-reports/2021/Barclays-Bank-UK-PLC-2021-Annual-Report.pdf	live	build_barclays.py
https://home.barclays/content/dam/home-barclays/documents/investor-relations/reports-and-events/annual-reports/2021/Barclays-Bank-UK-PLC-Pillar-3-Report-2021.pdf	live	build_barclays.py
https://home.barclays/content/dam/home-barclays/documents/investor-relations/reports-and-events/annual-reports/2023/BB-UK-Pillar-3-Report-2023.pdf	live	build_barclays.py
https://home.barclays/content/dam/home-barclays/documents/investor-relations/reports-and-events/annual-reports/2023/Barclays-Bank-UK-Annual-Report-2023-Results-committee.pdf	live	build_barclays.py
https://home.barclays/content/dam/home-barclays/documents/investor-relations/reports-and-events/annual-reports/2025/Barclays-Bank-UK-PLC-Annual-Report-2025.pdf	live	build_barclays.py
https://investorrelations.bankofireland.com/app/uploads/Annual-Report-UK-2024-web-version.pdf	live	build_bank_of_ireland.py
https://investorrelations.bankofireland.com/app/uploads/BOI-UKPLC-2023-Annual-Report.pdf	live	build_bank_of_ireland.py
https://investors.natwestgroup.com/~/media/Files/R/RBS-IR-V2/2014-reports/pillar-3-report-2014-v2.pdf	live	build_national_westminster_bank.py
https://investors.natwestgroup.com/~/media/Files/R/RBS-IR-V2/results-center/11-08-2025/nwm-pillar3-h1-report.pdf	live	build_natwest_markets.py
https://investors.natwestgroup.com/~/media/Files/R/RBS-IR-V2/results-center/11112022/natwest-markets-plc-q3-pillar-3-supplement.pdf	live	build_natwest_markets.py
https://investors.natwestgroup.com/~/media/Files/R/RBS-IR-V2/results-center/11112025/11112025-nwb-pillar-3-report.pdf	live	build_national_westminster_bank.py
https://investors.natwestgroup.com/~/media/Files/R/RBS-IR-V2/results-center/11112025/11112025-nwm-pillar-3-report.pdf	live	build_natwest_markets.py
https://investors.natwestgroup.com/~/media/Files/R/RBS-IR-V2/results-center/12112024/nwb-plc-pillar-3-q3-2024.pdf	live	build_national_westminster_bank.py
https://investors.natwestgroup.com/~/media/Files/R/RBS-IR-V2/results-center/12112024/nwm-plc-pillar-3-q3-2024.pdf	live	build_natwest_markets.py
https://investors.natwestgroup.com/~/media/Files/R/RBS-IR-V2/results-center/13-11-2023/natwest-bank-plc-pillar-3-q3-2023.pdf	live	build_national_westminster_bank.py
https://investors.natwestgroup.com/~/media/Files/R/RBS-IR-V2/results-center/13-11-2023/natwest-markets-plc-pillar-3-q3-2023.pdf	live	build_natwest_markets.py
https://investors.natwestgroup.com/~/media/Files/R/RBS-IR-V2/results-center/13022026/nwb-annual-report.pdf	live	build_national_westminster_bank.py
https://investors.natwestgroup.com/~/media/Files/R/RBS-IR-V2/results-center/13022026/nwb-pillar-3-report.pdf	live	build_national_westminster_bank.py
https://investors.natwestgroup.com/~/media/Files/R/RBS-IR-V2/results-center/13022026/nwh-annual-report.pdf	live	build_rbs.py
https://investors.natwestgroup.com/~/media/Files/R/RBS-IR-V2/results-center/13022026/nwh-pillar-3-report.pdf	live	build_rbs.py
https://investors.natwestgroup.com/~/media/Files/R/RBS-IR-V2/results-center/13022026/nwm-annual-report.pdf	live	build_natwest_markets.py
https://investors.natwestgroup.com/~/media/Files/R/RBS-IR-V2/results-center/13022026/nwm-pillar-3-report.pdf	live	build_natwest_markets.py
https://investors.natwestgroup.com/~/media/Files/R/RBS-IR-V2/results-center/13022026/rbs-annual-report.pdf	live	build_rbs.py
https://investors.natwestgroup.com/~/media/Files/R/RBS-IR-V2/results-center/13022026/rbs-pillar-3-report.pdf	live	build_rbs.py
https://investors.natwestgroup.com/~/media/Files/R/RBS-IR-V2/results-center/13052025/nwm-pillar3-report.pdf	live	build_natwest_markets.py
https://investors.natwestgroup.com/~/media/Files/R/RBS-IR-V2/results-center/14022025/nwb-annual-report.pdf	live	build_national_westminster_bank.py
https://investors.natwestgroup.com/~/media/Files/R/RBS-IR-V2/results-center/14022025/nwb-pillar-3-report.pdf	live	build_national_westminster_bank.py
https://investors.natwestgroup.com/~/media/Files/R/RBS-IR-V2/results-center/14022025/nwh-annual-report.pdf	live	build_rbs.py
https://investors.natwestgroup.com/~/media/Files/R/RBS-IR-V2/results-center/14022025/nwm-annual-report.pdf	live	build_natwest_markets.py
https://investors.natwestgroup.com/~/media/Files/R/RBS-IR-V2/results-center/14022025/nwm-pillar-3-report.pdf	live	build_natwest_markets.py
https://investors.natwestgroup.com/~/media/Files/R/RBS-IR-V2/results-center/14022025/rbs-plc-annual-report.pdf	live	build_rbs.py
https://investors.natwestgroup.com/~/media/Files/R/RBS-IR-V2/results-center/14022025/rbs-plc-pillar-3-report.pdf	live	build_rbs.py
https://investors.natwestgroup.com/~/media/Files/R/RBS-IR-V2/results-center/16022024/nwb-plc-annual-report.pdf	live	build_national_westminster_bank.py
https://investors.natwestgroup.com/~/media/Files/R/RBS-IR-V2/results-center/16022024/nwb-plc-pillar-3-report.pdf	live	build_national_westminster_bank.py
https://investors.natwestgroup.com/~/media/Files/R/RBS-IR-V2/results-center/16022024/nwmp-annual-report.pdf	live	build_natwest_markets.py
https://investors.natwestgroup.com/~/media/Files/R/RBS-IR-V2/results-center/16022024/nwmp-pillar-3-report.pdf	live	build_natwest_markets.py
https://investors.natwestgroup.com/~/media/Files/R/RBS-IR-V2/results-center/16022024/rbs-plc-annual-report.pdf	live	build_rbs.py
https://investors.natwestgroup.com/~/media/Files/R/RBS-IR-V2/results-center/16022024/rbs-plc-pillar-3-report.pdf	live	build_rbs.py
https://investors.natwestgroup.com/~/media/Files/R/RBS-IR-V2/results-center/17022023/nwb-plc-annual-report.pdf	live	build_national_westminster_bank.py
https://investors.natwestgroup.com/~/media/Files/R/RBS-IR-V2/results-center/17022023/nwb-plc-pillar-3-report.pdf	live	build_national_westminster_bank.py
https://investors.natwestgroup.com/~/media/Files/R/RBS-IR-V2/results-center/17022023/nwmp-annual-report.pdf	live	build_natwest_markets.py
https://investors.natwestgroup.com/~/media/Files/R/RBS-IR-V2/results-center/17022023/nwmp-pillar-3-report.pdf	live	build_natwest_markets.py
https://investors.natwestgroup.com/~/media/Files/R/RBS-IR-V2/results-center/17022023/rbs-plc-annual-report.pdf	live	build_rbs.py
https://investors.natwestgroup.com/~/media/Files/R/RBS-IR-V2/results-center/18022022/nwg-pillar-3-supplement-2021.pdf	live	build_natwest_markets.py
https://investors.natwestgroup.com/~/media/Files/R/RBS-IR-V2/results-center/18022022/nwm-plc-annual-report-2021.pdf	live	build_natwest_markets.py
https://investors.natwestgroup.com/~/media/Files/R/RBS-IR-V2/results-center/18022022/rbs-plc-annual-report-2021.pdf	live	build_rbs.py
https://investors.natwestgroup.com/~/media/Files/R/RBS-IR-V2/results-center/2023/natwest-markets-plc-pillar-3-h1-2023.pdf	live	build_natwest_markets.py
https://investors.natwestgroup.com/~/media/Files/R/RBS-IR-V2/results-center/2024/natwest-markets-plc-pillar-3-q1-2024.pdf	live	build_natwest_markets.py
https://investors.natwestgroup.com/~/media/Files/R/RBS-IR-V2/results-center/2024/nwm-plc-pillar-3-hy-2024.pdf	live	build_natwest_markets.py
https://investors.natwestgroup.com/~/media/Files/R/RBS-IR-V2/results-center/28042023/natwest-markets-plc-pillar-3-q1-2023.pdf	live	build_natwest_markets.py
https://investors.natwestgroup.com/~/media/Files/R/RBS-IR-V2/results-center/29072022/natwest-marketsplc-pillar-3-supplement.pdf	live	build_natwest_markets.py
https://monzo.com/annual-report/2025/Monzo%20Bank%20Group%20FY2025%20Annual%20Report.pdf	live	build_monzo.py
https://monzo.com/annual-report/2025/monzo-pillar-3-2025.pdf	live	build_monzo.py
https://monzo.com/annual-report/2026/Monzo-Annual-Report-2026.pdf	live	build_monzo.py
https://monzo.com/docs/monzo-annual-report-2020.pdf	live	build_monzo.py
https://monzo.com/docs/monzo-annual-report-2023.pdf	live	build_monzo.py
https://monzo.com/docs/monzo-annual-report-2024.pdf	live	build_monzo.py
https://monzo.com/docs/monzo-pillar-3-2023.pdf	live	build_monzo.py
https://monzo.com/docs/monzo-pillar-3-2024.pdf	live	build_monzo.py
https://monzo.com/documents/pillar_3_2020.pdf	live	build_monzo.py
https://monzo.com/static/docs/monzo-annual-report-2022.pdf	live	build_monzo.py
https://monzo.com/static/docs/monzo-pillar-3-2021.pdf	live	build_monzo.py
https://monzo.com/static/docs/monzo-pillar-3-2022.pdf	live	build_monzo.py
https://oaknorth.co.uk/wp-content/uploads/2022/01/AnnualReport2020.pdf	live	build_oaknorth.py
https://oaknorth.co.uk/wp-content/uploads/2022/02/2015-Pillar-3-Capital-Requirement-Disclosures.pdf	live	build_oaknorth.py
https://oaknorth.co.uk/wp-content/uploads/2022/02/2016-Pillar-3-Capital-Requirement-disclosures.pdf	live	build_oaknorth.py
https://oaknorth.co.uk/wp-content/uploads/2022/02/2017-Pillar-3-Capital-Requirement-disclosures.pdf	live	build_oaknorth.py
https://oaknorth.co.uk/wp-content/uploads/2022/02/2018-Pillar-3-Capital-Requirement-disclosures.pdf	live	build_oaknorth.py
https://oaknorth.co.uk/wp-content/uploads/2022/02/2019-Pillar-3-Capital-Requirement-and-Remuneration-Policy-disclosures.pdf	live	build_oaknorth.py
https://oaknorth.co.uk/wp-content/uploads/2022/02/2020-Pillar-3-Capital-Requirement-and-Remuneration-Policy-disclosures-1.pdf	live	build_oaknorth.py
https://oaknorth.co.uk/wp-content/uploads/2022/02/ONB-Annual-Report-2018-1.pdf	live	build_oaknorth.py
https://oaknorth.co.uk/wp-content/uploads/2022/02/ONB-Annual-Report-2019-1.pdf	live	build_oaknorth.py
https://oaknorth.co.uk/wp-content/uploads/2022/07/OakNorth_Pillar-3_2021.pdf	live	build_oaknorth.py
https://oaknorth.co.uk/wp-content/uploads/2023/03/OakNorth-Annual-Report-2022.pdf	live	build_oaknorth.py
https://oaknorth.co.uk/wp-content/uploads/2023/05/Pillar-3-disclosures-2022_Final.pdf	live	build_oaknorth.py
https://oaknorth.co.uk/wp-content/uploads/2024/03/OakNorth_Annual_Report_2023.pdf	live	build_oaknorth.py
https://oaknorth.co.uk/wp-content/uploads/2024/05/Pillar-3-Disclosure-OakNorth-Bank-Plc-2023.pdf	live	build_oaknorth.py
https://oaknorth.co.uk/wp-content/uploads/2025/03/Annual_Report_2024.pdf	live	build_oaknorth.py
https://oaknorth.co.uk/wp-content/uploads/2025/05/Pillar-3-Disclosures-OakNorth-Bank-Plc-2024.pdf	live	build_oaknorth.py
https://oaknorth.co.uk/wp-content/uploads/2026/03/Annual_Report_2025.pdf	live	build_oaknorth.py
https://oaknorth.co.uk/wp-content/uploads/2026/04/Pillar-3-Disclosures-OakNorth-Bank-Plc-2025-1.pdf	live	build_oaknorth.py
https://osb.co.uk/media/cqepdkda/osb-group-pillar-3-disclosures-2022.pdf	live	build_charter_court.py
https://pic.bankofchina.com/bocappd/uk/201109/P020110901339400504145.pdf	live	build_bank_of_china_uk.py
https://pic.bankofchina.com/bocappd/uk/201109/P020110901339600023124.pdf	live	build_bank_of_china_uk.py
https://pic.bankofchina.com/bocappd/uk/201206/P020120618317067419492.pdf	live	build_bank_of_china_uk.py
https://pic.bankofchina.com/bocappd/uk/201301/P020130110394685934112.pdf	live	build_bank_of_china_uk.py
https://pic.bankofchina.com/bocappd/uk/201312/P020131213310466908739.pdf	live	build_bank_of_china_uk.py
https://pic.bankofchina.com/bocappd/uk/201505/P020150504339499661074.pdf	live	build_bank_of_china_uk.py
https://pic.bankofchina.com/bocappd/uk/201505/P020150504352614441641.pdf	live	build_bank_of_china_uk.py
https://pic.bankofchina.com/bocappd/uk/201509/P020150910375228515274.pdf	live	build_bank_of_china_uk.py
https://pic.bankofchina.com/bocappd/uk/201606/P020160620504225340480.pdf	live	build_bank_of_china_uk.py
https://pic.bankofchina.com/bocappd/uk/201606/P020160620504436264971.pdf	live	build_bank_of_china_uk.py
https://pic.bankofchina.com/bocappd/uk/201706/P020170627373089457851.pdf	live	build_bank_of_china_uk.py
https://pic.bankofchina.com/bocappd/uk/201706/P020170627381103226068.pdf	live	build_bank_of_china_uk.py
https://pic.bankofchina.com/bocappd/uk/201803/P020180328577372288229.pdf	live	build_bank_of_china_uk.py
https://pic.bankofchina.com/bocappd/uk/201805/P020180517534275167127.pdf	live	build_bank_of_china_uk.py
https://pic.bankofchina.com/bocappd/uk/201904/P020190410408108385209.pdf	live	build_bank_of_china_uk.py
https://pic.bankofchina.com/bocappd/uk/201904/P020190410506087628158.pdf	live	build_bank_of_china_uk.py
https://pic.bankofchina.com/bocappd/uk/202007/P020200727323473194461.pdf	live	build_bank_of_china_uk.py
https://pic.bankofchina.com/bocappd/uk/202009/P020200909535865685853.pdf	live	build_bank_of_china_uk.py
https://pic.bankofchina.com/bocappd/uk/202109/P020210902654360894172.pdf	live	build_bank_of_china_uk.py
https://pic.bankofchina.com/bocappd/uk/202110/P020211027537761891740.pdf	live	build_bank_of_china_uk.py
https://pic.bankofchina.com/bocappd/uk/202303/P020230331590070165221.pdf	live	build_bank_of_china_uk.py
https://pic.bankofchina.com/bocappd/uk/202403/P020240315379765805794.pdf	live	build_bank_of_china_uk.py
https://pic.bankofchina.com/bocappd/uk/202405/P020240508355110735895.pdf	live	build_bank_of_china_uk.py
https://pic.bankofchina.com/bocappd/uk/202507/P020250718380377744220.pdf	live	build_bank_of_china_uk.py
https://pic.bankofchina.com/bocappd/uk/202605/P020260506389809417235.pdf	live	build_bank_of_china_uk.py
https://pic.bankofchina.com/bocappd/uk/202607/P020260716391457618567.pdf	live	build_bank_of_china_uk.py
https://pnb-website.s3-ap-southeast-1.amazonaws.com/uploads/docs/Pillar3_Disclosures.pdf	live	build_philippine_national_bank_europe.py
https://pnb-website.s3-ap-southeast-1.amazonaws.com/uploads/docs/Pillar3_Disclosures_for_2020.pdf	live	build_philippine_national_bank_europe.py
https://pnb-website.s3-ap-southeast-1.amazonaws.com/uploads/docs/Pillar3_Disclosures_for_2021.pdf	live	build_philippine_national_bank_europe.py
https://rebrand-dev.utbank.co.uk/wp-content/uploads/2022/03/UTB-Partners-Pillar-3-Disclosure-2021-FINAL1-.pdf	live	build_united_trust_bank.py
https://recognisebank.co.uk/wp-content/uploads/2023/10/2022-Annual-Report-Recognise-Bank-Limited.pdf	live	build_recognise_bank.py
https://recognisebank.co.uk/wp-content/uploads/2023/10/230821-Recognise-Bank-2023-Annual-Report-WEB.pdf	live	build_recognise_bank.py
https://recognisebank.co.uk/wp-content/uploads/2024-Annual-Report-Accounts.pdf	live	build_recognise_bank.py
https://recognisebank.co.uk/wp-content/uploads/274107-Recognise-Bank-Annual-Report-WEB.pdf	live	build_recognise_bank.py
https://recognisebank.co.uk/wp-content/uploads/Pillar-3-disclosure-March-2024-RBL.pdf	live	build_recognise_bank.py
https://recognisebank.co.uk/wp-content/uploads/Pillar-3-disclosure-March-2026-RBL-v1.1-To-BAC-updated_-1-1.pdf	live	build_recognise_bank.py
https://redwoodbank.co.uk/getmedia/e38875ba-5520-4dc9-bcbe-cffbe05bd276/2021-Pillar-3_Redwood-Bank.pdf	live	build_redwood_bank.py
https://redwoodbank.co.uk/media/0h5hp3ku/2024-redwood-bank-annual-report-and-accounts.pdf	live	build_redwood_bank.py
https://redwoodbank.co.uk/media/55un2r5s/pillar-3-disclosures-2017.pdf	live	build_redwood_bank.py
https://redwoodbank.co.uk/media/c0hpdvqn/redwood-pillar-3-2023.pdf	live	build_redwood_bank.py
https://redwoodbank.co.uk/media/ezed3mwh/redwood-pillar-3-2018-1.pdf	live	build_redwood_bank.py
https://redwoodbank.co.uk/media/f5la0lih/redwood-pillar-3-2022.pdf	live	build_redwood_bank.py
https://redwoodbank.co.uk/media/howpdnen/2025-annual-report-and-accounts_redwood-bank-signed-150426.pdf	live	build_redwood_bank.py
https://redwoodbank.co.uk/media/sybdkdyg/redwood-bank-2019-pillar-3-disclosures.pdf	live	build_redwood_bank.py
https://redwoodbank.co.uk/media/tu2f2l2x/redwood-bank-pillar-3-2020.pdf	live	build_redwood_bank.py
https://redwoodbank.co.uk/media/u5sb3ky5/redwood-pillar-3-2021-1.pdf	live	build_redwood_bank.py
https://redwoodbank.co.uk/media/zrjnifqm/redwood-year-end-annual-report-and-accounts-2023-1.pdf	live	build_redwood_bank.py
https://sbiuk.statebank/documents/274771/1346149/Annual+Statement+2019.PDF	live	build_state_bank_of_india_uk.py
https://sbiuk.statebank/documents/274771/1346149/SBI+UK+Limited+Pillar+3+Disclosures+March+2020.pdf	live	build_state_bank_of_india_uk.py
https://sbiuk.statebank/documents/274771/1346149/SBI+UK+Limited+Pillar+3+Disclosures_31+Mar+2019.pdf	live	build_state_bank_of_india_uk.py
https://sbiuk.statebank/documents/274771/1346149/SBIUK+Annual+Report+March+2020.pdf	live	build_state_bank_of_india_uk.py
https://static.ifastgb.com/investor-relations/iFAST%20Global%20Bank%20Limited%20Pillar%203%20Disclosures%202025.pdf	live	build_ifast_global_bank.py
https://static.ifastgb.com/investor-relations/iFAST%20Global%20Bank%20Ltd.%20Annual%20Report%202024.pdf	live	build_ifast_global_bank.py
https://static.ifastgb.com/investor-relations/iFAST%20Global%20Bank%20Ltd.%20Annual%20Report%202025.pdf	live	build_ifast_global_bank.py
https://streambank.co.uk/pdf/FY24-Pillar-3-StreamBank-PLC.pdf	live	build_streambank.py
https://streambank.co.uk/pdf/March-2025-Annual-Report-2025.pdf	live	build_streambank.py
https://streambank.co.uk/pdf/March-2025-Pillar-3-Disclosures.pdf	live	build_streambank.py
https://streambank.co.uk/pdf/StreamBank-PLC-Annual-Report-and-Financial-Statements.pdf	live	build_streambank.py
https://streambank.co.uk/pdf/StreamBank-Plc-FY24-Live-PwC-Signed.pdf	live	build_streambank.py
https://streambank.co.uk/pdf/StreamBank-Plc-Financial-Statements-31-March-2023-Signed.pdf	live	build_streambank.py
https://v.icbc.com.cn/userfiles/Resources/ICBC/haiwai/ICBCLondon/download/2022/2021Pillar3Disclosure.pdf	live	build_icbc_london.py
https://v.icbc.com.cn/userfiles/Resources/ICBC/haiwai/ICBCLondon/download/2023/2022Pillar3Disclosure.pdf	live	build_icbc_london.py
https://v.icbc.com.cn/userfiles/Resources/ICBC/haiwai/ICBCLondon/download/2024/2023_pillar_3_disclosure.pdf	live	build_icbc_london.py
https://v.icbc.com.cn/userfiles/Resources/ICBC/haiwai/ICBCLondon/download/2024/2024_pillar_3_disclosure.pdf	live	build_icbc_london.py
https://v.icbc.com.cn/userfiles/Resources/ICBC/haiwai/ICBCLondon/download/2024/ICBCReport2024.pdf	live	build_icbc_london.py
https://v.icbc.com.cn/userfiles/Resources/ICBC/haiwai/ICBCLondon/download/2025/2025_pillar_3_disclosure.pdf	live	build_icbc_london.py
https://v.icbc.com.cn/userfiles/Resources/ICBC/haiwai/ICBCLondon/download/2025/ICBCReport2025.pdf	live	build_icbc_london.py
https://v.icbc.com.cn/userfiles/Resources/ICBC/haiwai/StandardBank/Download/2019/ConsolidatedAnnualReport2016.pdf	live	build_icbc_standard_bank.py
https://v.icbc.com.cn/userfiles/Resources/ICBC/haiwai/StandardBank/Download/2019/Consolidated_Annual_Report_2017.pdf	live	build_icbc_standard_bank.py
https://v.icbc.com.cn/userfiles/Resources/ICBC/haiwai/StandardBank/Download/2019/Consolidated_Annual_Report_2018.pdf	live	build_icbc_standard_bank.py
https://v.icbc.com.cn/userfiles/Resources/ICBC/haiwai/StandardBank/Download/2019/ICBCS_Pillar_3_2015.pdf	live	build_icbc_standard_bank.py
https://v.icbc.com.cn/userfiles/Resources/ICBC/haiwai/StandardBank/Download/2019/ICBCStandardBankPlcAFS2015.pdf	live	build_icbc_standard_bank.py
https://v.icbc.com.cn/userfiles/Resources/ICBC/haiwai/StandardBank/Download/2019/Pillar3Disclosures2016.pdf	live	build_icbc_standard_bank.py
https://v.icbc.com.cn/userfiles/Resources/ICBC/haiwai/StandardBank/Download/2019/Pillar_3_Disclosures_2017.pdf	live	build_icbc_standard_bank.py
https://v.icbc.com.cn/userfiles/Resources/ICBC/haiwai/StandardBank/Download/2019/Pillar_3_Disclosures_2018.pdf	live	build_icbc_standard_bank.py
https://v.icbc.com.cn/userfiles/Resources/ICBC/haiwai/StandardBank/Download/2020/ConsolidatedAnnualReport.pdf	live	build_icbc_standard_bank.py
https://v.icbc.com.cn/userfiles/Resources/ICBC/haiwai/StandardBank/Download/2020/Pillar3Disclosures19.pdf	live	build_icbc_standard_bank.py
https://v.icbc.com.cn/userfiles/Resources/ICBC/haiwai/StandardBank/Download/2021/2020Pillar3.pdf	live	build_icbc_standard_bank.py
https://v.icbc.com.cn/userfiles/Resources/ICBC/haiwai/StandardBank/Download/2021/ConsolidatedAnnualReport20.pdf	live	build_icbc_standard_bank.py
https://v.icbc.com.cn/userfiles/Resources/ICBC/haiwai/StandardBank/Download/2022/2021_Pillar_3_document.pdf	live	build_icbc_standard_bank.py
https://v.icbc.com.cn/userfiles/Resources/ICBC/haiwai/StandardBank/Download/2022/Consolidated_Annual_Report_2021.pdf	live	build_icbc_standard_bank.py
https://v.icbc.com.cn/userfiles/resources/icbc/haiwai/standardbank/download/2023/2023annualreportyasuo.pdf	live	build_icbc_standard_bank.py
https://v.icbc.com.cn/userfiles/resources/icbc/haiwai/standardbank/download/2023/2023pillar3.pdf	live	build_icbc_standard_bank.py
https://v.icbc.com.cn/userfiles/resources/icbc/haiwai/standardbank/download/2023/2025pillar3disclosures.pdf	live	build_icbc_standard_bank.py
https://v.icbc.com.cn/userfiles/resources/icbc/haiwai/standardbank/download/2023/consolidatedannualreport2025.pdf	live	build_icbc_standard_bank.py
https://vpr.hkma.gov.hk/statics/assets/doc/100273/ar_22/ar_22_eng.pdf	live	build_melli_bank.py
https://vpr.hkma.gov.hk/statics/assets/doc/100273/ar_23/ar_23_eng.pdf	live	build_melli_bank.py
https://wealth.db.com/dam/deutschewealth/location-assets/emea/uk/docs/2023-db-investments-gb-limited-pillar-3-report.pdf	live	build_db_uk_bank.py
https://wealth.db.com/dam/deutschewealth/location-assets/emea/uk/docs/2025-04-29-DBIGB-Pillar-3-Report-2024-Final.pdf	live	build_db_uk_bank.py
https://wealth.db.com/dam/deutschewealth/location-assets/emea/uk/docs/dbigb-pillar-3-report-2025-final.pdf	live	build_db_uk_bank.py
https://weatherbys.bank/app/uploads/2023/05/Weatherbys-Bank-Pillar-3-Dislcosures-2022.pdf	live	build_weatherbys.py
https://weatherbys.bank/app/uploads/2024/05/Weatherbys-Bank-Pillar-3-Dislcosures-2023.pdf	live	build_weatherbys.py
https://web.archive.org/web/20170629113020if_/https://www.credit-suisse.com/media/assets/corporate/docs/about-us/investor-relations/regulatory-disclosures/csi-pillar-3-disclosures-2016.pdf	wayback	build_credit_suisse_international.py
https://web.archive.org/web/20200930032441/http://mcafundingforchurches.co.uk/sitefiles/resources/pdf/pillar3disclosures2019.pdf	wayback	build_methodist_chapel_aid.py
https://web.archive.org/web/20210515024743/https://www.mcafundingforchurches.co.uk/sitefiles/resources/pdf/pillar3disclosures2020.pdf	wayback	build_methodist_chapel_aid.py
https://web.archive.org/web/20210517002419id_/https://hodgebank.co.uk/wp-content/uploads/2020/02/Pillar-3-Disclosure-FY19-FINAL.pdf	wayback	build_julian_hodge_bank.py
https://web.archive.org/web/20210517004624id_/https://hodgebank.co.uk/wp-content/uploads/2019/04/jhb-pillar3-2018.pdf	wayback	build_julian_hodge_bank.py
https://web.archive.org/web/20210517011507id_/https://hodgebank.co.uk/wp-content/uploads/2021/02/1.-JHB-Financial-Statements.pdf	wayback	build_julian_hodge_bank.py
https://web.archive.org/web/20210517014628id_/https://hodgebank.co.uk/wp-content/uploads/2020/02/FINAL-Julian-Hodge-Bank-Limited-FY18.pdf	wayback	build_julian_hodge_bank.py
https://web.archive.org/web/20210627075317if_/https://www.credit-suisse.com/media/assets/corporate/docs/about-us/investor-relations/regulatory-disclosures/csi-pillar-3-disclosures-2018.pdf	wayback	build_credit_suisse_international.py
https://web.archive.org/web/20210627075328if_/https://www.credit-suisse.com/media/assets/about-us/docs/investor-relations/financial-regulatory-disclosures/regulatory-disclosures/regulatory-disclosures-subsidiaries/csi-pillar-3-disclosures-2017.pdf	wayback	build_credit_suisse_international.py
https://web.archive.org/web/20210627075334if_/https://www.credit-suisse.com/media/assets/corporate/docs/about-us/investor-relations/regulatory-disclosures/csi-pillar-3-disclosures-2020.pdf	wayback	build_credit_suisse_international.py
https://web.archive.org/web/20210627075339if_/https://www.credit-suisse.com/media/assets/corporate/docs/about-us/investor-relations/regulatory-disclosures/csi-pillar-3-disclosures-2019.pdf	wayback	build_credit_suisse_international.py
https://web.archive.org/web/20210627075342if_/https://www.credit-suisse.com/media/assets/corporate/docs/about-us/investor-relations/regulatory-disclosures/csi-pillar-3-disclosures-2015.pdf	wayback	build_credit_suisse_international.py
https://web.archive.org/web/20210918132915/https://www.kleinworthambros.com/fileadmin/user_upload/kleinworthambros/2019_Pillar_3_Disclosure_KH.pdf	wayback	build_union_bancaire_privee_uk.py
https://web.archive.org/web/20211015234304/https://www.fcebank.com/pdf/investor_center/2014_Pillar_3_Disclosure.pdf	wayback	build_fce_bank.py
https://web.archive.org/web/20220218072522/https://investors.natwestgroup.com/~/media/Files/R/RBS-IR-V2/results-center/18022022/nwh-pillar-3-supplement-fy-2021.pdf	wayback	build_national_westminster_bank.py
https://web.archive.org/web/20220518000354/https://gibam.com/assets/2020-GIBUK-Pillar-3_Final.pdf	wayback	build_gulf_international_bank_uk.py
https://web.archive.org/web/20220518033330/https://hampdenandco.com/content/hampden/content/Hampden-Co-Pillar-3-disclosures-2020-for-Web.pdf	wayback	build_hampden_co.py
https://web.archive.org/web/20220519120942/https://www.bankofafricaunitedkingdom.co.uk/assets/239/BMCE___Pillar_III_VF___31122017.pdf	wayback	build_bank_of_africa_uk.py
https://web.archive.org/web/20220519121800/https://www.bankofafricaunitedkingdom.co.uk/assets/0/BMCE___Pillar_3_disclosures____2015.pdf	wayback	build_bank_of_africa_uk.py
https://web.archive.org/web/20220615085005/https://www.fcebank.com/pdf/investor_center/2011_Annual_FCEReport.pdf	wayback	build_fce_bank.py
https://web.archive.org/web/20220615085008/https://www.fcebank.com/pdf/investor_center/2017_Annual_Report.pdf	wayback	build_fce_bank.py
https://web.archive.org/web/20220615085018/https://www.fcebank.com/pdf/investor_center/2015_annual_report.pdf	wayback	build_fce_bank.py
https://web.archive.org/web/20220615085021/https://www.fcebank.com/pdf/investor_center/2014_annual_accts.pdf	wayback	build_fce_bank.py
https://web.archive.org/web/20220615085027/https://www.fcebank.com/pdf/investor_center/2016_annual_report.pdf	wayback	build_fce_bank.py
https://web.archive.org/web/20220615085039/https://www.fcebank.com/pdf/investor_center/2010_Annual_FCEReport.pdf	wayback	build_fce_bank.py
https://web.archive.org/web/20220615085046/https://www.fcebank.com/pdf/investor_center/2006_Annual_FCEReport.pdf	wayback	build_fce_bank.py
https://web.archive.org/web/20220615085056/https://www.fcebank.com/pdf/investor_center/2009_Annual_FCEReport.pdf	wayback	build_fce_bank.py
https://web.archive.org/web/20220615085100/https://www.fcebank.com/pdf/investor_center/2008_Annual_FCEReport.pdf	wayback	build_fce_bank.py
https://web.archive.org/web/20220615085110/https://www.fcebank.com/pdf/investor_center/2018_Annual_Report.pdf	wayback	build_fce_bank.py
https://web.archive.org/web/20220615085139/https://www.fcebank.com/pdf/investor_center/2013_annual_accts.pdf	wayback	build_fce_bank.py
https://web.archive.org/web/20220615085141/https://www.fcebank.com/pdf/investor_center/2019_Annual_Report.pdf	wayback	build_fce_bank.py
https://web.archive.org/web/20220615085155/https://www.fcebank.com/pdf/investor_center/2007_Annual_FCEReport.pdf	wayback	build_fce_bank.py
https://web.archive.org/web/20220615085358/https://www.fcebank.com/pdf/investor_center/2020_Annual_Report.pdf	wayback	build_fce_bank.py
https://web.archive.org/web/20220620025258id_/https://hodgebank.co.uk/wp-content/uploads/2019/01/jhb-financial-statements-20151031.pdf	wayback	build_julian_hodge_bank.py
https://web.archive.org/web/20220620025310id_/https://hodgebank.co.uk/wp-content/uploads/2019/01/jhb-pillar3-2017.pdf	wayback	build_julian_hodge_bank.py
https://web.archive.org/web/20220620025317id_/https://hodgebank.co.uk/wp-content/uploads/2019/01/jhb-financial-statements-20111031.pdf	wayback	build_julian_hodge_bank.py
https://web.archive.org/web/20220620025318id_/https://hodgebank.co.uk/wp-content/uploads/2019/01/jhb-financial-statements-20161031-1.pdf	wayback	build_julian_hodge_bank.py
https://web.archive.org/web/20220620025318id_/https://hodgebank.co.uk/wp-content/uploads/2019/01/jhb-financial-statements-20171031-1.pdf	wayback	build_julian_hodge_bank.py
https://web.archive.org/web/20220620025323id_/https://hodgebank.co.uk/wp-content/uploads/2019/01/jhb-financial-statements-20131031.pdf	wayback	build_julian_hodge_bank.py
https://web.archive.org/web/20220620025334id_/https://hodgebank.co.uk/wp-content/uploads/2019/01/jhb-financial-statements-20101031.pdf	wayback	build_julian_hodge_bank.py
https://web.archive.org/web/20220620025335id_/https://hodgebank.co.uk/wp-content/uploads/2020/02/Julian-Hodge-Bank-Limited-Master-FINAL-EY-Signed-FY19.pdf	wayback	build_julian_hodge_bank.py
https://web.archive.org/web/20220620025406id_/https://hodgebank.co.uk/wp-content/uploads/2019/01/jhb-pillar3-2016.pdf	wayback	build_julian_hodge_bank.py
https://web.archive.org/web/20220620025429id_/https://hodgebank.co.uk/wp-content/uploads/2019/01/jhb-pillar3-2015.pdf	wayback	build_julian_hodge_bank.py
https://web.archive.org/web/20220620025434id_/https://hodgebank.co.uk/wp-content/uploads/2019/01/jhb-pillar3-2014.pdf	wayback	build_julian_hodge_bank.py
https://web.archive.org/web/20220620025450id_/https://hodgebank.co.uk/wp-content/uploads/2021/02/2.-JHB-Pillar-III.pdf	wayback	build_julian_hodge_bank.py
https://web.archive.org/web/20220620025529id_/https://hodgebank.co.uk/wp-content/uploads/2019/01/jhb-financial-statements-20141031.pdf	wayback	build_julian_hodge_bank.py
https://web.archive.org/web/20220620211159/https://www.fcebank.com/pdf/investor_center/2012_annual_report_account.pdf	wayback	build_fce_bank.py
https://web.archive.org/web/20220625084136/https://www.mcafundingforchurches.co.uk/sitefiles/resources/pdf/2021-pillar-3-disclosures.pdf	wayback	build_methodist_chapel_aid.py
https://web.archive.org/web/20220703022837/https://www.providentfinancial.com/application/files/6516/1415/8644/provident-financial-plc-pillar-3-disclosures-2019.pdf	wayback	build_vanquis.py
https://web.archive.org/web/20220703024108/https://www.providentfinancial.com/application/files/7916/1454/6790/pfg_pillar_3_report-2017.pdf	wayback	build_vanquis.py
https://web.archive.org/web/20220703025345/https://www.providentfinancial.com/application/files/9516/1437/2735/2015-pillar-iii-disclosures-april-2015.pdf	wayback	build_vanquis.py
https://web.archive.org/web/20220703030203/https://www.providentfinancial.com/application/files/4516/1454/6864/22746_pfg_pillar_3_report_2018-2.pdf	wayback	build_vanquis.py
https://web.archive.org/web/20220703030607/https://www.providentfinancial.com/application/files/3716/2049/4304/Provident_Financial_plc_Pillar_3_Disclosures_2020.pdf	wayback	build_vanquis.py
https://web.archive.org/web/20220703055435/https://www.providentfinancial.com/application/files/2416/1454/4505/pf-plc-2016-pillar-3-disclosures.pdf	wayback	build_vanquis.py
https://web.archive.org/web/20221014171921/https://www.hsbc.com/-/files/hsbc/investors/hsbc-results/2019/annual/pdfs/hsbc-uk-bank-plc/200218-pillar-3-disclosures-31-december-2019.pdf	wayback	build_hsbc_uk_bank_plc.py
https://web.archive.org/web/20221124023931/https://assets.unity.co.uk/2022/08/PILLAR3-2020-Final.pdf	wayback	build_unity_trust.py
https://web.archive.org/web/20230329132856/https://gibam.com/assets/2021-GIBUK-Pillar-3_Final.pdf	wayback	build_gulf_international_bank_uk.py
https://web.archive.org/web/20230330205458/https://www.smbcgroup.com/emea/images/SMBC/media/SMBC/pdf/disclosures/pillar3disclosures310317.pdf	wayback	build_smbc.py
https://web.archive.org/web/20230923163742if_/https://www.ubluk.com/media/1368/ubl-2022-pillar-3-final-published.pdf	wayback	build_united_national.py
https://web.archive.org/web/20240223164517/https://gibam.com/assets/2022-GIBUK-Pillar-3-disclosures_VF.pdf	wayback	build_gulf_international_bank_uk.py
https://web.archive.org/web/20240527065243/https://www.smbcgroup.com/emea/images/SMBC/media/SMBC/pdf/disclosures/pillar3-31-03-15.pdf	wayback	build_smbc.py
https://web.archive.org/web/20240527070848/https://www.smbcgroup.com/emea/images/SMBC/media/SMBC/pdf/disclosures/pillar3disclosures310316.pdf	wayback	build_smbc.py
https://web.archive.org/web/20240527071545/https://www.smbcgroup.com/emea/images/SMBC/media/SMBC/pdf/disclosures/smbce-pillar3-2020.pdf	wayback	build_smbc.py
https://web.archive.org/web/20240527071821/https://www.smbcgroup.com/emea/images/SMBC/media/SMBC/pdf/disclosures/smbce-pillar3-20180331.pdf	wayback	build_smbc.py
https://web.archive.org/web/20240527071944/https://www.smbcgroup.com/emea/images/SMBC/media/SMBC/pdf/disclosures/smbce-pillar3-2019.pdf	wayback	build_smbc.py
https://web.archive.org/web/20240527084156/https://www.hsbc.com/-/files/hsbc/investors/hsbc-results/2020/annual/pdfs/hsbc-uk-bank-plc/210223-pillar-3-disclosures-at-31-december-2020.pdf	wayback	build_hsbc_uk_bank_plc.py
https://web.archive.org/web/20240612221125/https://www.smbcgroup.com/emea/images/SMBC/media/SMBC/pdf/disclosures/smbcbi-annual-report-2021.pdf	wayback	build_smbc.py
https://web.archive.org/web/20240701160935/https://www.smbcgroup.com/emea/images/SMBC/media/SMBC/pdf/disclosures/pillar3-31mar14.pdf	wayback	build_smbc.py
https://web.archive.org/web/20240706060918/https://www.kleinworthambros.com/fileadmin/user_upload/kleinworthambros/Important_information/2021_KH_Pillar_3_Disclosure.pdf	wayback	build_union_bancaire_privee_uk.py
https://web.archive.org/web/20240712094621/https://www.smbcgroup.com/emea/images/SMBC/media/Notices-Reporting/Corporate%20Disclosures/smbcbi-pillar3-2022.pdf	wayback	build_smbc.py
https://web.archive.org/web/20240714131343/https://www.eabplc.com/downloads/Pillar3.pdf	wayback	build_arab_bank_europe.py
https://web.archive.org/web/2024id_/https://www.credit-suisse.com/media/assets/corporate/docs/about-us/investor-relations/regulatory-disclosures/csi-pillar-3-disclosures-2021.pdf	wayback	build_credit_suisse_international.py
https://web.archive.org/web/2024id_/https://www.credit-suisse.com/media/assets/corporate/docs/about-us/investor-relations/regulatory-disclosures/csi-pillar-3-disclosures-2022.pdf	wayback	build_credit_suisse_international.py
https://web.archive.org/web/20250407005711/https://www.mcafundingforchurches.co.uk/media/ngqlqg5o/pillar-3-disclosures-2023.pdf	wayback	build_methodist_chapel_aid.py
https://web.archive.org/web/20250726151714if_/https://www.ubluk.com/media/pqqda2ng/pillar-iii-disclosure-2021.pdf	wayback	build_united_national.py
https://web.archive.org/web/20250802155220if_/https://www.ubluk.com/media/o0bp44wd/pillar-iii-disclosure-2017.pdf	wayback	build_united_national.py
https://web.archive.org/web/20250803030355if_/https://www.ubluk.com/media/xq1lvuuj/pillar-iii-disclosure-2020.pdf	wayback	build_united_national.py
https://web.archive.org/web/20250804025501if_/https://www.ubluk.com/media/sqgdszjz/pillar-iii-disclosure-2019.pdf	wayback	build_united_national.py
https://web.archive.org/web/20250804031750if_/https://www.ubluk.com/media/5avboizc/pillar-iii-disclosure-2018.pdf	wayback	build_united_national.py
https://web.archive.org/web/20250805064645if_/https://www.ubluk.com/media/sp5brt0v/pillar-iii-disclosure-2016.pdf	wayback	build_united_national.py
https://wp-dfcapital-investors-2020.s3.eu-west-2.amazonaws.com/media/2021/04/21065603/Distribution-Finance-Capital-Holdings-plc-Pillar-3-31-December-2020.pdf	live	build_df_capital.py
https://wp-dfcapital-investors-2020.s3.eu-west-2.amazonaws.com/media/2021/04/21070044/Annual-report-and-accounts-Year-end-2020-Final-compressed.pdf	live	build_df_capital.py
https://wp-dfcapital-investors-2020.s3.eu-west-2.amazonaws.com/media/2022/04/DF-Capital-Pillar-III_Dec-2021-Final.pdf	live	build_df_capital.py
https://wp-dfcapital-investors-2020.s3.eu-west-2.amazonaws.com/media/2022/05/Annual-report-and-accounts-year-end-2021.pdf	live	build_df_capital.py
https://wp-dfcapital-investors-2020.s3.eu-west-2.amazonaws.com/media/2023/04/Pillar-3-Disclosures-31-December-2022.pdf	live	build_df_capital.py
https://wp-dfcapital-investors-2020.s3.eu-west-2.amazonaws.com/media/2024/04/DF-Capital-Annual-Report-and-Accounts-year-ending-2023-1.pdf	live	build_df_capital.py
https://wp-dfcapital-investors-2020.s3.eu-west-2.amazonaws.com/media/2024/04/DF-Capital-Pillar-III_2024-FINAL.pdf	live	build_df_capital.py
https://wp-dfcapital-investors-2020.s3.eu-west-2.amazonaws.com/media/2025/04/Distribution-Finance-Capital-Holdings-plc-Pillar-3-Disclosures-at-31-December-2024.pdf	live	build_df_capital.py
https://wp-dfcapital-investors-2020.s3.eu-west-2.amazonaws.com/media/2026/03/DF-Capital-Annual-Report-and-Accounts-year-ending-2025.pdf	live	build_df_capital.py
https://wp-dfcapital-investors-2020.s3.eu-west-2.amazonaws.com/media/2026/03/DF-Capital-Pillar-III-2025.pdf	live	build_df_capital.py
https://www.aib.ie/content/dam/frontdoor/investorrelations/docs/resultscentre/annualreport/2024/aib-group-uk-plc-annual-financial-report-2024.pdf	live	build_aib_uk.py
https://www.aib.ie/content/dam/frontdoor/investorrelations/docs/resultscentre/annualreport/2025/aib-group-uk-plc-annual-financial-report-2025.pdf	live	build_aib_uk.py
https://www.aldermore.co.uk/media/0wylhhas/pillar-3-fy-2026-aldermore-group.pdf	live	build_aldermore.py
https://www.aldermore.co.uk/media/2prbumkj/aldermore-group-plc-pillar-3-disclosure-document-at-30-june-2019.pdf	live	build_aldermore.py
https://www.aldermore.co.uk/media/hnhpw03l/pillar-3-2022_0.pdf	live	build_aldermore.py
https://www.aldermore.co.uk/media/jkkdbgnu/aldermore-group-plc-2024-pillar-3-disclosures.pdf	live	build_aldermore.py
https://www.aldermore.co.uk/media/ot5axgnp/pillar-3-disclosure-dec-2015.pdf	live	build_aldermore.py
https://www.aldermore.co.uk/media/sgufisw5/aldermore-group-plc-2025-pillar-3-disclosures.pdf	live	build_aldermore.py
https://www.aldermore.co.uk/media/tsybnoau/ara-fy-2026-aldermore-group.pdf	live	build_aldermore.py
https://www.aldermore.co.uk/media/xx1fg0me/half-year-pillar-3-disclosures-31-dec-2025.pdf	live	build_aldermore.py
https://www.allica.bank/hubfs/Allica%20Bank%20Limited_Pillar%203%20Report%20_Year-ended%2031%20December%202023.pdf	live	build_allica.py
https://www.allica.bank/hubfs/Allica-Bank_Annual-report_2023.pdf	live	build_allica.py
https://www.allica.bank/hubfs/pdf/Pillar-3-Report-2024_Allica.pdf	live	build_allica.py
https://www.allica.bank/hubfs/pdf/Pillar-3-Report-2025_Allica.pdf	live	build_allica.py
https://www.allica.bank/hubfs/pdf/allica-bank_annual-report-2025.pdf	live	build_allica.py
https://www.allica.bank/hubfs/pdf/web/investor-relations/Allica_Bank-Annual_Report-2022.pdf	live	build_allica.py
https://www.allica.bank/hubfs/pdf/web/investor-relations/Allica_Bank_Pillar_3_disclosure_2020.pdf	live	build_allica.py
https://www.allica.bank/hubfs/pdf/web/investor-relations/Allica_Bank_Pillar_3_disclosure_2022.pdf	live	build_allica.py
https://www.alphabanklondon.co.uk/sites/default/files/2025-10/ABL-Financial-Statements-2020.pdf	live	build_alpha_bank_london.py
https://www.alrayanbank.co.uk/sites/default/files/media/file-uploads/2021-07/2020_pillar_3_disclosures_-_final.pdf	live	build_alrayan.py
https://www.alrayanbank.co.uk/sites/default/files/media/file-uploads/2022-10/inv-rep-2021-pillar-3.pdf	live	build_alrayan.py
https://www.alrayanbank.co.uk/sites/default/files/media/file-uploads/2024-08/pb7703_al_rayan_pillar_3_disclosures_2023_v2.pdf	live	build_alrayan.py
https://www.alrayanbank.co.uk/sites/default/files/media/file-uploads/2025-04/04a_-_arb_financial_statements_fy_31-12-2024_-_signed_ey.cleaned.pdf	live	build_alrayan.py
https://www.alrayanbank.co.uk/sites/default/files/media/file-uploads/2025-09/alrayan_pillar_3_disclosures_2024_web_-_010925.pdf	live	build_alrayan.py
https://www.alrayanbank.co.uk/sites/default/files/media/file-uploads/2026-09/pb8084_alrayan_pillar_3_disclosures_2025.pdf	live	build_alrayan.py
https://www.arbuthnotlatham.co.uk/sites/default/files/documents/ABG-Pillar-3-Disclosures-2026-Interim.pdf	live	build_arbuthnot_latham.py
https://www.arbuthnotlatham.co.uk/sites/default/files/documents/ABG_Pillar_3_Disclosures_2021_Annual.pdf	live	build_arbuthnot_latham.py
https://www.arbuthnotlatham.co.uk/sites/default/files/documents/ABG_Pillar_3_Disclosures_2022_Final.pdf	live	build_arbuthnot_latham.py
https://www.arbuthnotlatham.co.uk/sites/default/files/documents/ABG_Pillar_3_Disclosures_2023_Final.pdf	live	build_arbuthnot_latham.py
https://www.arbuthnotlatham.co.uk/sites/default/files/documents/ABG_Report_and_Accounts_Final_2017.pdf	live	build_arbuthnot_latham.py
https://www.arbuthnotlatham.co.uk/sites/default/files/documents/abg-pillar-3-disclosures-december-24.pdf	live	build_arbuthnot_latham.py
https://www.atombank.co.uk/~/docs/atom-holdco-limited-pillar-3.pdf	live	build_atom_bank.py
https://www.atombank.co.uk/~/docs/pillar-3-disclosures-20-21.pdf	live	build_atom_bank.py
https://www.atombank.co.uk/~/docs/pillar-3-disclosures-21-22.pdf	live	build_atom_bank.py
https://www.atombank.co.uk/~/docs/pillar-3-disclosures-22-23.pdf	live	build_atom_bank.py
https://www.atombank.co.uk/~/docs/pillar-3-disclosures-24-25.pdf	live	build_atom_bank.py
https://www.bank-abc.com/en/CountrySites/Europe/London/Financial-Info/Basel%20Pillars/ABCIB%20Pillar%203%20final%20Board%202024%20.pdf	live	build_abc_international_bank.py
https://www.bank-abc.com/en/CountrySites/Europe/London/Financial-Info/Basel%20Pillars/ABCIB-Pillar3Disclosure-2020.pdf	live	build_abc_international_bank.py
https://www.bank-abc.com/en/CountrySites/Europe/London/Financial-Info/Basel%20Pillars/ABCIB-Pillar3Disclosure-2021.pdf	live	build_abc_international_bank.py
https://www.bank-abc.com/en/CountrySites/Europe/London/Financial-Info/Basel%20Pillars/ABCIB-Pillar3Disclosure-2022.pdf	live	build_abc_international_bank.py
https://www.bank-abc.com/en/CountrySites/Europe/London/Financial-Info/Basel%20Pillars/ABCIB-Pillar3Disclosure2019-postBRC.pdf	live	build_abc_international_bank.py
https://www.bank-abc.com/en/CountrySites/Europe/London/Financial-Info/Basel%20Pillars/BH2407109%20-%20Bank%20ABC%20Pillar%203%20Disclosures%202023%20-%20Final%20website%20version.pdf	live	build_abc_international_bank.py
https://www.bank-abc.com/en/CountrySites/Europe/London/Financial-Info/Basel%20Pillars/Bank-ABC-IB-Pillar-Report-2025.pdf	live	build_abc_international_bank.py
https://www.bank-abc.com/en/CountrySites/Europe/London/Financial-Info/Basel%20Pillars/Pillar-3-Disclosure-2018.pdf	live	build_abc_international_bank.py
https://www.bank-abc.com/en/CountrySites/Europe/London/Financial-Info/Basel%20Pillars/Pillar-3-Disclosure_2018.pdf	live	build_abc_international_bank.py
https://www.bank-abc.com/en/ShareholderRelations/Annual%20Reports/ABC%20IB%20Annual%20Report%202024%20_%20Spreads%20for%20web.pdf	live	build_abc_international_bank.py
https://www.bank-abc.com/en/ShareholderRelations/Annual%20Reports/ABCIB%20Annual%20Report%202014.pdf	live	build_abc_international_bank.py
https://www.bank-abc.com/en/ShareholderRelations/Annual%20Reports/ABCIB%20Annual%20Report%202019.pdf	live	build_abc_international_bank.py
https://www.bank-abc.com/en/ShareholderRelations/Annual%20Reports/ABCIB%20Annual%20Report%202022.pdf	live	build_abc_international_bank.py
https://www.bank-abc.com/en/ShareholderRelations/Annual%20Reports/ABCIB_Annual_Report_2020.pdf	live	build_abc_international_bank.py
https://www.bank-abc.com/en/ShareholderRelations/Annual%20Reports/Bank%20ABC%20Europe%202018%20Annual%20Report.pdf	live	build_abc_international_bank.py
https://www.bankofafricaunitedkingdom.co.uk/pdfs/finances/BOA_UK_Pillar_III_2022.pdf	live	build_bank_of_africa_uk.py
https://www.bankofafricaunitedkingdom.co.uk/pdfs/finances/Pillar3-Disclosures-2023.pdf	live	build_bank_of_africa_uk.py
https://www.bankofafricaunitedkingdom.co.uk/pdfs/finances/Pillar3-Disclosures-2024.pdf	live	build_bank_of_africa_uk.py
https://www.bankofbeirut.co.uk/Content/Uploads/AnnualReport/Annual%20Report%20and%20Financial%20Statements%202023%20-%20for%20publishing240429124230700~.pdf	live	build_bank_of_beirut_uk.py
https://www.bankofbeirut.co.uk/Content/Uploads/AnnualReport/Annual%20Report%20and%20Financial%20Statements%202024%20-%20Final%20-%20for%20publishing250506021233950~.pdf	live	build_bank_of_beirut_uk.py
https://www.bankofbeirut.co.uk/Content/uploads/Announcement/Bank_of_Beirut_UK_Ltd_-_Pillar_III_Disclosures_-_31DEC2022_-_Final.pdf	live	build_bank_of_beirut_uk.py
https://www.bankofbeirut.co.uk/Content/uploads/Announcement/Bank_of_Beirut_UK_Ltd_-_Pillar_III_Disclosures_-_31_December_2023.pdf	live	build_bank_of_beirut_uk.py
https://www.bankofbeirut.co.uk/Content/uploads/Announcement/bob-disclosures3-2024.pdf	live	build_bank_of_beirut_uk.py
https://www.bankofbeirut.co.uk/Content/uploads/AnnualReport/Annual_Report_and_Financial_Statements_2025_-_for_publishing.pdf	live	build_bank_of_beirut_uk.py
https://www.bankofbeirut.co.uk/Content/uploads/AnnualReport/Bank_of_beirut_UK_Annual_Report_-_2021_.pdf	live	build_bank_of_beirut_uk.py
https://www.bankofbeirut.co.uk/Content/uploads/PillarDisclosure/Bank_of_Beirut_UK_Ltd_-_Pillar_III_Disclosures_-_31_December_2025.pdf	live	build_bank_of_beirut_uk.py
https://www.bankofbeirut.co.uk/content/uploads/AnnualReport/bankofbeirut-uk2017-annualreport180614103530638~.pdf	live	build_bank_of_beirut_uk.py
https://www.bankofceylon.co.uk/downloads/corporate/BOCUK_Financial_statements_2022.pdf	live	build_bank_of_ceylon_uk.py
https://www.bankofceylon.co.uk/downloads/corporate/BOCUK_Pillar%203%20Disclosures%2031%20December%202018.pdf	live	build_bank_of_ceylon_uk.py
https://www.bankofceylon.co.uk/downloads/corporate/BOCUK_Pillar%203%20Disclosures%2031%20December%202019.pdf	live	build_bank_of_ceylon_uk.py
https://www.bankofceylon.co.uk/downloads/corporate/BOCUK_Pillar%203%20Disclosures%2031%20December%202020.pdf	live	build_bank_of_ceylon_uk.py
https://www.bankofceylon.co.uk/downloads/corporate/BOCUK_Pillar%203%20Disclosures%2031%20December%202021.pdf	live	build_bank_of_ceylon_uk.py
https://www.bankofceylon.co.uk/downloads/corporate/BOCUK_Pillar%203%20Disclosures%2031%20December%202024.pdf	live	build_bank_of_ceylon_uk.py
https://www.bankofceylon.co.uk/downloads/corporate/BOCUK_Pillar%203%20Disclosures%2031%20December%202025.pdf	live	build_bank_of_ceylon_uk.py
https://www.bankofchina.com/uk/aboutus/ab5/202303/P020230315381669571541.pdf	live	build_bank_of_china_uk.py
https://www.bankofchina.com/uk/aboutus/ab5/202310/P020231026347190320350.pdf	live	build_bank_of_china_uk.py
https://www.bankofchina.com/uk/aboutus/ab5/202410/P020241008402737321677.pdf	live	build_bank_of_china_uk.py
https://www.bankofchina.com/uk/aboutus/ab5/202507/P020250718380587744231.pdf	live	build_bank_of_china_uk.py
https://www.bankofengland.co.uk/-/media/boe/files/prudential-regulation/policy-statement/2021/october/ps2121.pdf	live	build_aib_uk.py
https://www.bankofengland.co.uk/-/media/boe/files/prudential-regulation/regulatory-action/2026/final-notice-bol-and-oplyse-holdings-limited.pdf	live	build_bank_of_london.py
https://www.bankofirelanduk.com/app/uploads/2017/04/Annual-Report-UK-2021.pdf	live	build_bank_of_ireland.py
https://www.bankofirelanduk.com/app/uploads/BOI-UK-Annual-Report-2022.pdf	live	build_bank_of_ireland.py
https://www.bankofirelanduk.com/app/uploads/annual-report_2025_boi-uk.pdf	live	build_bank_of_ireland.py
https://www.banksepah.co.uk/uploads/documents/Pillar-3-Disclosures-31-March-2021.pdf	live	build_bank_sepah_international.py
https://www.banksepah.co.uk/uploads/documents/Pillar3Disclosureasat31March2025.pdf	live	build_bank_sepah_international.py
https://www.banksepah.co.uk/uploads/documents/Pillar3Disclosuresasat31March2024.pdf	live	build_bank_sepah_international.py
https://www.banksepah.co.uk/uploads/documents/Pillar_3_Disclosures_31_March_2022.pdf	live	build_bank_sepah_international.py
https://www.banksepah.co.uk/uploads/documents/Pillar_3_Disclosures_31_March_2023.pdf	live	build_bank_sepah_international.py
https://www.birminghambank.com/hubfs/Birmingham%20Bank%202024%20Theme/PDFs/09i-Pillar-3-Disclosures-Report-as-at-140425.pdf	live	build_birmingham_bank.py
https://www.birminghambank.com/wp-content/uploads/Birmingham-Bank-Pillar-3-Disclosures-2022-final.pdf	live	build_birmingham_bank.py
https://www.bkmandiri.co.uk/media/2024/12/BMEL-Annual-Report-2021.pdf	live	build_bank_mandiri_europe.py
https://www.bkmandiri.co.uk/media/2024/12/BMEL-Annual-Report-2022.pdf	live	build_bank_mandiri_europe.py
https://www.bkmandiri.co.uk/media/2024/12/BMEL-Annual-Report-2023.pdf	live	build_bank_mandiri_europe.py
https://www.bkmandiri.co.uk/media/2025/04/BMEL-Annual-Report-2024.pdf	live	build_bank_mandiri_europe.py
https://www.bkmandiri.co.uk/media/2026/04/BMEL-Annual-Report-2025.pdf	live	build_bank_mandiri_europe.py
https://www.blme.com/media/1356/2014-pillar-iii-disclosures.pdf	live	build_blme.py
https://www.blme.com/media/1454/2015-pillar-iii-disclosures-blme-plc.pdf	live	build_blme.py
https://www.blme.com/media/1498/blme-plc-financial-statements-31-december-2015.pdf	live	build_blme.py
https://www.blme.com/media/1539/2016-financial-statements-blme-plc.pdf	live	build_blme.py
https://www.blme.com/media/1547/pillar-iii-2016-disclosures-blme-plc.pdf	live	build_blme.py
https://www.blme.com/media/1630/2014-financial-statements-blme-plc.pdf	live	build_blme.py
https://www.blme.com/media/1634/2017-financial-statements-blme-plc.pdf	live	build_blme.py
https://www.blme.com/media/1649/2017-pillar-3-disclosure.pdf	live	build_blme.py
https://www.blme.com/media/1722/2018-financial-statements-blme-plc.pdf	live	build_blme.py
https://www.blme.com/media/1728/2018-pillar-iii-disclosure.pdf	live	build_blme.py
https://www.blme.com/media/1852/blme-plc-financial-statements-31-december-2019.pdf	live	build_blme.py
https://www.blme.com/media/1858/2019-pillar-iii-disclosure.pdf	live	build_blme.py
https://www.blme.com/media/1911/2020-financial-statements-blme-plc.pdf	live	build_blme.py
https://www.blme.com/media/1921/pillar-3-disclosure-2020.pdf	live	build_blme.py
https://www.blme.com/media/1964/blme-plc-fin-stats-31-december-2021-for-website.pdf	live	build_blme.py
https://www.blme.com/media/1997/2021-pillar-iii-disclosure.pdf	live	build_blme.py
https://www.blme.com/media/2014/blme-plc-financial-statements-31-december-2022.pdf	live	build_blme.py
https://www.blme.com/media/2017/2022-pillar-iii-disclosure.pdf	live	build_blme.py
https://www.blme.com/media/2j5fy4tv/blme-plc-financial-statements-31-december-2023.pdf	live	build_blme.py
https://www.blme.com/media/fluobg0d/2023-pillar-iii-disclosure.pdf	live	build_blme.py
https://www.blme.com/media/jf2dbyrm/2025-pillar-iii-disclosure.pdf	live	build_blme.py
https://www.blme.com/media/mhantsoh/2024-pillar-iii-disclosure.pdf	live	build_blme.py
https://www.blme.com/media/rneds5db/blme-plc-financial-statements-31-december-2024.pdf	live	build_blme.py
https://www.blme.com/media/z0jd2sah/blme-plc-financial-statements-31-december-2025.pdf	live	build_blme.py
https://www.bnymellon.com/content/dam/bnymellon/documents/pdf/investor-relations/Signed-2025-BNYMIL-Financial-Statements.pdf	live	build_bny_mellon.py
https://www.bnymellon.com/content/dam/bnymellon/documents/pdf/investor-relations/bnymil-financial-statement-2023.pdf	live	build_bny_mellon.py
https://www.bnymellon.com/content/dam/bnymellon/documents/pdf/investor-relations/the-bank-of-new-york-mellon-international-limited-2016-pillar-3-disclosure.pdf	live	build_bny_mellon.py
https://www.bnymellon.com/content/dam/bnymellon/documents/pdf/investor-relations/the-bank-of-new-york-mellon-international-limited-2017-pillar-3-disclosure.pdf	live	build_bny_mellon.py
https://www.bnymellon.com/content/dam/bnymellon/documents/pdf/investor-relations/the-bank-of-new-york-mellon-international-limited-2018-pillar-3-disclosure.pdf	live	build_bny_mellon.py
https://www.bnymellon.com/content/dam/bnymellon/documents/pdf/investor-relations/the-bank-of-new-york-mellon-international-limited-2019-pillar-3-disclosure.pdf	live	build_bny_mellon.py
https://www.bnymellon.com/content/dam/bnymellon/documents/pdf/investor-relations/the-bank-of-new-york-mellon-international-limited-2020-pillar-3-disclosure.pdf	live	build_bny_mellon.py
https://www.bnymellon.com/content/dam/bnymellon/documents/pdf/investor-relations/the-bank-of-new-york-mellon-international-limited-2021-pillar-3-disclosure.pdf	live	build_bny_mellon.py
https://www.bnymellon.com/content/dam/bnymellon/documents/pdf/investor-relations/the-bank-of-new-york-mellon-international-limited-2022-pillar-3-disclosure.pdf	live	build_bny_mellon.py
https://www.bnymellon.com/content/dam/bnymellon/documents/pdf/investor-relations/the-bank-of-new-york-mellon-international-limited-2023-pillar-3-disclosure.pdf	live	build_bny_mellon.py
https://www.bnymellon.com/content/dam/bnymellon/documents/pdf/investor-relations/the-bank-of-new-york-mellon-international-limited-2024-pillar-3-disclosure.pdf	live	build_bny_mellon.py
https://www.bnymellon.com/content/dam/bnymellon/documents/pdf/investor-relations/the-bank-of-new-york-mellon-international-limited-2025-pillar-3-disclosure.pdf	live	build_bny_mellon.py
https://www.cafonline.org/docs/default-source/about-us-about-caf-bank/cafbank_pillar3_disclosure_2921d_250920.pdf	live	build_caf_bank.py
https://www.cafonline.org/docs/default-source/about-us-governance/caf_bank_pillar3_2021.pdf	live	build_caf_bank.py
https://www.cafonline.org/docs/default-source/about-us-governance/caf_bank_pillar3_2022.pdf	live	build_caf_bank.py
https://www.cafonline.org/docs/default-source/about-us-governance/caf_bank_pillar_ar_2023.pdf	live	build_caf_bank.py
https://www.cafonline.org/docs/default-source/annual-reports/caf-bank-pillar-3-disclosure-2023_2024.pdf	live	build_caf_bank.py
https://www.castletrust.co.uk/wp-content/uploads/fy-30-sept-2021-ctb-pillar-3-disclosures.pdf	live	build_castle_trust.py
https://www.castletrust.co.uk/wp-content/uploads/fy-30-sept-2022-ctb-pillar-3-disclosures.pdf	live	build_castle_trust.py
https://www.castletrust.co.uk/wp-content/uploads/fy-30-sept-2023-ctb-pillar-3-disclosures.pdf	live	build_castle_trust.py
https://www.castletrust.co.uk/wp-content/uploads/fy-30_sept-2024-ctb-pillar-3-disclosures.pdf	live	build_castle_trust.py
https://www.castletrust.co.uk/wp-content/uploads/fy-30_sept-2025-ctb-pillar-3-disclosures.pdf	live	build_castle_trust.py
https://www.charitybank.org/wp-content/uploads/2024/10/Charity-Bank-Annual-Accounts-2023.pdf	live	build_charity_bank.py
https://www.charitybank.org/wp-content/uploads/2025/06/Charity-Bank-2024-Annual-Report-signed.pdf	live	build_charity_bank.py
https://www.charitybank.org/wp-content/uploads/2026/06/Charity-Bank-2025-Annual-Report-signed.pdf	live	build_charity_bank.py
https://www.citigroup.com/rcs/citigpa/akpublic/storage/public/b3p3d211231_uk.pdf	live	build_citibank_uk.py
https://www.citigroup.com/rcs/citigpa/storage/public/b3p3d191231_uk.pdf	live	build_citibank_uk.py
https://www.citigroup.com/rcs/citigpa/storage/public/b3p3d201231_uk.pdf	live	build_citibank_uk.py
https://www.citigroup.com/rcs/citigpa/storage/public/b3p3d231231_uk.pdf	live	build_citibank_uk.py
https://www.citigroup.com/rcs/citigpa/storage/public/citibank-uk-limited-annual-fs-2024.pdf	live	build_citibank_uk.py
https://www.co-operativebank.co.uk/assets/pdf/bank/investorrelations/2015-Pillar-3-Disclosures.pdf	live	build_coop_bank.py
https://www.co-operativebank.co.uk/assets/pdf/bank/investorrelations/2016-Pillar-3.pdf	live	build_coop_bank.py
https://www.co-operativebank.co.uk/assets/pdf/bank/investorrelations/2017-annual-report-and-accounts.pdf	live	build_coop_bank.py
https://www.co-operativebank.co.uk/assets/pdf/bank/investorrelations/2017-pillar-3-disclosures.pdf	live	build_coop_bank.py
https://www.co-operativebank.co.uk/assets/pdf/bank/investorrelations/2018-annual-report-and-accounts.pdf	live	build_coop_bank.py
https://www.co-operativebank.co.uk/assets/pdf/bank/investorrelations/2018-pillar-3-disclosures.pdf	live	build_coop_bank.py
https://www.co-operativebank.co.uk/assets/pdf/bank/investorrelations/2019-pillar-3-disclosures.pdf	live	build_coop_bank.py
https://www.co-operativebank.co.uk/assets/pdf/bank/investorrelations/2020-annual-report-and-accounts.pdf	live	build_coop_bank.py
https://www.co-operativebank.co.uk/assets/pdf/bank/investorrelations/annual-report.pdf	live	build_coop_bank.py
https://www.co-operativebank.co.uk/assets/pdf/bank/investorrelations/annualreports/2016-Annual-Report.pdf	live	build_coop_bank.py
https://www.co-operativebank.co.uk/assets/pdf/bank/investorrelations/financialresults/2015-Annual-Report-and-Accounts.pdf	live	build_coop_bank.py
https://www.co-operativebank.co.uk/pdfs/bank/investorrelations/2019-annual-report-and-accounts.pdf	live	build_coop_bank.py
https://www.co-operativebank.co.uk/pdfs/bank/investorrelations/2020-pillar-3-disclosures.pdf	live	build_coop_bank.py
https://www.co-operativebank.co.uk/pdfs/bank/investorrelations/2022-annual-report-and-accounts.pdf	live	build_coop_bank.py
https://www.co-operativebank.co.uk/pdfs/bank/investorrelations/2022-pillar-3-disclosures.pdf	live	build_coop_bank.py
https://www.co-operativebank.co.uk/pdfs/bank/investorrelations/2024-annual-report-and-accounts.pdf	live	build_coop_bank.py
https://www.co-operativebank.co.uk/pdfs/bank/investorrelations/2024-pillar-3-disclosures.pdf	live	build_coop_bank.py
https://www.co-operativebank.co.uk/pdfs/bank/investorrelations/2025-h1-pillar-3-disclosures.pdf	live	build_coop_bank.py
https://www.co-operativebank.co.uk/pdfs/bank/investorrelations/2025-h2-pillar-3-disclosures.pdf	live	build_coop_bank.py
https://www.co-operativebank.co.uk/pdfs/bank/investorrelations/pillar3.pdf	live	build_coop_bank.py
https://www.crownagentsbank.com/wp-content/uploads/2026/04/CAB-Pillar-3-Document-2025-FINAL.pdf	live	build_crown_agents_bank.py
https://www.crownagentsbank.com/wp-content/uploads/2026/04/Crown-Agents-Bank-2025-Annual-Report.pdf	live	build_crown_agents_bank.py
https://www.cynergybank.co.uk/media/2534/pillar-3-disclosures-2018.pdf	live	build_cynergy_bank.py
https://www.cynergybank.co.uk/media/bkhp10sd/cynergy-bank-2022-pillar-3-disclosures.pdf	live	build_cynergy_bank.py
https://www.cynergybank.co.uk/media/drcj252b/cynergy-bank-pillar-3-2021.pdf	live	build_cynergy_bank.py
https://www.cynergybank.co.uk/media/ioueypnz/pillar-3-disclosures-2019.pdf	live	build_cynergy_bank.py
https://www.cynergybank.co.uk/media/liqngpna/pillar-3-disclosures-2020.pdf	live	build_cynergy_bank.py
https://www.datocms-assets.com/23873/1658745479-zopa-bank-limited-annual-report-and-financial-statements-2020.pdf	live	build_zopa.py
https://www.datocms-assets.com/23873/1658745948-zopa-bank-annual-report-2021.pdf	live	build_zopa.py
https://www.datocms-assets.com/23873/1694796852-zopa-bank-annual-report-2022-web.pdf	live	build_zopa.py
https://www.datocms-assets.com/23873/1696603046-2022-pillar-3-disclosures-final_051023.pdf	live	build_zopa.py
https://www.datocms-assets.com/23873/1713257733-zopa-group-2023-annual-report-signed_web-version.pdf	live	build_zopa.py
https://www.datocms-assets.com/23873/1715596314-2023-pillar-3-disclosures-final.pdf	live	build_zopa.py
https://www.datocms-assets.com/23873/1745405670-2024-zopa-bank-pillar-3-disclosures.pdf	live	build_zopa.py
https://www.datocms-assets.com/23873/1747055131-zopa-bank-2024-annual-report-signed-web-based.pdf	live	build_zopa.py
https://www.datocms-assets.com/23873/1773841899-zopa_bank_ar25_web.pdf	live	build_zopa.py
https://www.datocms-assets.com/23873/1773842098-12-25-pillar-3-disclosures.pdf	live	build_zopa.py
https://www.eabplc.com/downloads/202304_EABAnnualReport_v7_144ppi.pdf	live	build_arab_bank_europe.py
https://www.eabplc.com/downloads/202502_EABAnnualReport_v3.pdf	live	build_arab_bank_europe.py
https://www.eabplc.com/downloads/Pillar3.pdf	live	build_arab_bank_europe.py
https://www.eabplc.com/downloads/Pillar3EAB_PLC_2024.pdf	live	build_arab_bank_europe.py
https://www.fbnbank.co.uk/wp-content/uploads/2019/06/FBNUK-Pillar-3-Dec-19-FINAL-Published_v3.pdf	live	build_firstbank_uk.py
https://www.fbnbank.co.uk/wp-content/uploads/2019/06/FBNUK-Pillar-3-Disclosures_-2021.pdf	live	build_firstbank_uk.py
https://www.fbnbank.co.uk/wp-content/uploads/2019/06/FBNUK_Pillar-3-Disclosures_2020.pdf	live	build_firstbank_uk.py
https://www.fbnbank.co.uk/wp-content/uploads/2019/06/FirstBank-UK-Pillar-3-Dec-2022-V1.0.pdf	live	build_firstbank_uk.py
https://www.fbnbank.co.uk/wp-content/uploads/2019/06/FirstBank-UK-Pillar-3-Dec-2023.pdf	live	build_firstbank_uk.py
https://www.fbnbank.co.uk/wp-content/uploads/2025/09/FirstBank-UK-Pillar-3-Dec-2024-1.pdf	live	build_firstbank_uk.py
https://www.fcebank.com/pdf/investor_center/2022/FCE%20Bank%20PLC%20-%20Annual%20Pillar%203%20%20Report.pdf	live	build_fce_bank.py
https://www.fcebank.com/pdf/investor_center/2023/FCE%20Bank%20PLC%20-%20ANNUAL%20PILLAR%203%20REPORT%202023.pdf	live	build_fce_bank.py
https://www.fcebank.com/pdf/investor_center/2024/FCE%20Bank%20PLC%20-%20Annual%20Pillar%203%20Disclosures%20-%20Doc.pdf	live	build_fce_bank.py
https://www.fcebank.com/pdf/investor_center/2025/FCE%20Bank%20PLC%20-%202025%20Annual%20P3%20-%20Doc%20Final%20Published.pdf	live	build_fce_bank.py
https://www.fcmbuk.com/wp-content/uploads/2021/12/Pillar-III-Disclosures-FYE-2020.pdf	live	build_fcmb_uk.py
https://www.ghanabank.co.uk/app/uploads/2020/11/GHIB-2019-Pillar-3-Disclosures_FINAL_publish-on-website.pdf	live	build_ghana_international_bank.py
https://www.ghanabank.co.uk/app/uploads/2021/06/Pillar-3-Disclosures-2020.pdf	live	build_ghana_international_bank.py
https://www.ghanabank.co.uk/app/uploads/2022/10/GHIB-2021-Pillar-3-Disclosures.pdf	live	build_ghana_international_bank.py
https://www.ghanabank.co.uk/app/uploads/2023/03/GHIB-Annual-Report-and-Financial-Statements-2022-.pdf	live	build_ghana_international_bank.py
https://www.ghanabank.co.uk/app/uploads/2023/09/GHIB-2022-Pillar-3-Disclosures.pdf	live	build_ghana_international_bank.py
https://www.ghanabank.co.uk/app/uploads/2024/11/GHIB-2023-Pillar-3-Disclosures.pdf	live	build_ghana_international_bank.py
https://www.ghanabank.co.uk/app/uploads/2025/04/GHIB-ANNUAL-REPORT-2024.pdf	live	build_ghana_international_bank.py
https://www.ghanabank.co.uk/app/uploads/2025/11/GHIB-2024-Pillar-3-Disclosures.pdf	live	build_ghana_international_bank.py
https://www.ghanabank.co.uk/app/uploads/2026/04/GHIB-ANNUAL-REPORT-2025-2-page-view.pdf	live	build_ghana_international_bank.py
https://www.hoaresbank.co.uk/files/2021-05/Annual_Report_and_Accounts_for_2020.pdf	live	build_c_hoare.py
https://www.hoaresbank.co.uk/files/2021-05/Financial_Report_2019.pdf	live	build_c_hoare.py
https://www.hoaresbank.co.uk/files/2021-10/CHC_2021_Pillar_3_Disclosures.pdf	live	build_c_hoare.py
https://www.hoaresbank.co.uk/files/2021-10/CHC_Cons_Accounts21.pdf	live	build_c_hoare.py
https://www.hoaresbank.co.uk/files/2022-07/Annual_Report_2022.pdf	live	build_c_hoare.py
https://www.hoaresbank.co.uk/files/2023-07/Financial_Report_2023.pdf	live	build_c_hoare.py
https://www.hoaresbank.co.uk/files/2023-07/Pillar_3_Disclosure_2023.pdf	live	build_c_hoare.py
https://www.hoaresbank.co.uk/files/2024-06/Financial_Report_2024.pdf	live	build_c_hoare.py
https://www.hoaresbank.co.uk/files/2025-07/Financial_Report_2025.pdf	live	build_c_hoare.py
https://www.hoaresbank.co.uk/files/2025-07/Pillar_3_Disclosure_2025.pdf	live	build_c_hoare.py
https://www.hoaresbank.co.uk/files/2026-06/Financial_Report_2026.pdf	live	build_c_hoare.py
https://www.hsbc.com/-/files/hsbc/investors/hsbc-results/2018/annual/hsbc-bank-plc/190219-annual-report-and-accounts-2018.pdf	live	build_hsbc_bank_plc.py
https://www.hsbc.com/-/files/hsbc/investors/hsbc-results/2018/annual/hsbc-bank-plc/190219-pillar-3-disclosures-31-december-2018.pdf	live	build_hsbc_bank_plc.py
https://www.hsbc.com/-/files/hsbc/investors/hsbc-results/2019/annual/pdfs/hsbc-bank-plc/200218-annual-report-and-accounts-2019.pdf	live	build_hsbc_bank_plc.py
https://www.hsbc.com/-/files/hsbc/investors/hsbc-results/2019/annual/pdfs/hsbc-bank-plc/200218-pillar-3-disclosures-31-december-2019.pdf	live	build_hsbc_bank_plc.py
https://www.hsbc.com/-/files/hsbc/investors/hsbc-results/2019/annual/pdfs/hsbc-uk-bank-plc/200218-annual-report-and-accounts-2019.pdf	live	build_hsbc_uk_bank_plc.py
https://www.hsbc.com/-/files/hsbc/investors/hsbc-results/2020/annual/pdfs/hsbc-bank-plc/210223-annual-report-and-accounts-2020.pdf	live	build_hsbc_bank_plc.py
https://www.hsbc.com/-/files/hsbc/investors/hsbc-results/2020/annual/pdfs/hsbc-bank-plc/210223-pillar-3-disclosures-31-december-2020.pdf	live	build_hsbc_bank_plc.py
https://www.hsbc.com/-/files/hsbc/investors/hsbc-results/2020/annual/pdfs/hsbc-uk-bank-plc/210223-annual-report-and-accounts-2020.pdf	live	build_hsbc_uk_bank_plc.py
https://www.hsbc.com/-/files/hsbc/investors/hsbc-results/2021/annual/pdfs/hsbc-bank-plc/220222-annual-report-and-accounts-2021.pdf	live	build_hsbc_bank_plc.py
https://www.hsbc.com/-/files/hsbc/investors/hsbc-results/2021/annual/pdfs/hsbc-bank-plc/220222-pillar-3-disclosures-at-31-december-2021.pdf	live	build_hsbc_bank_plc.py
https://www.hsbc.com/-/files/hsbc/investors/hsbc-results/2021/annual/pdfs/hsbc-uk-bank-plc/220222-annual-report-and-accounts-2021.pdf	live	build_hsbc_uk_bank_plc.py
https://www.hsbc.com/-/files/hsbc/investors/hsbc-results/2021/annual/pdfs/hsbc-uk-bank-plc/220222-pillar-3-disclosures-at-31-december-2021.pdf	live	build_hsbc_uk_bank_plc.py
https://www.hsbc.com/-/files/hsbc/investors/hsbc-results/2022/3q/pdfs/hsbc-uk-bank-plc/221102-pillar-3-disclosures-at-30-september-2022.pdf	live	build_hsbc_uk_bank_plc.py
https://www.hsbc.com/-/files/hsbc/investors/hsbc-results/2022/annual/pdfs/hsbc-bank-plc/230221-annual-report-and-accounts-2022.pdf	live	build_hsbc_bank_plc.py
https://www.hsbc.com/-/files/hsbc/investors/hsbc-results/2022/annual/pdfs/hsbc-bank-plc/230221-pillar-3-disclosures-31-december-2022.pdf	live	build_hsbc_bank_plc.py
https://www.hsbc.com/-/files/hsbc/investors/hsbc-results/2022/annual/pdfs/hsbc-uk-bank-plc/230221-annual-report-and-accounts-2022.pdf	live	build_hsbc_uk_bank_plc.py
https://www.hsbc.com/-/files/hsbc/investors/hsbc-results/2022/annual/pdfs/hsbc-uk-bank-plc/230221-pillar-3-disclosures-at-31-december-2022.pdf	live	build_hsbc_uk_bank_plc.py
https://www.hsbc.com/-/files/hsbc/investors/hsbc-results/2023/3q/pdfs/hsbc-bank-plc/231106-hsbc-uk-bank-plc-pillar-3-disclosures-at-30-september-2023.pdf	live	build_hsbc_uk_bank_plc.py
https://www.hsbc.com/-/files/hsbc/investors/hsbc-results/2023/annual/pdfs/hsbc-bank-plc/240221-annual-report-and-accounts-2023.pdf	live	build_hsbc_bank_plc.py
https://www.hsbc.com/-/files/hsbc/investors/hsbc-results/2023/annual/pdfs/hsbc-bank-plc/240221-pillar-3-disclosures-31-december-2023.pdf	live	build_hsbc_bank_plc.py
https://www.hsbc.com/-/files/hsbc/investors/hsbc-results/2023/annual/pdfs/hsbc-uk-bank-plc/240221-annual-report-and-accounts-2023.pdf	live	build_hsbc_uk_bank_plc.py
https://www.hsbc.com/-/files/hsbc/investors/hsbc-results/2023/annual/pdfs/hsbc-uk-bank-plc/240221-pillar-3-disclosures-at-31-december-2023.pdf	live	build_hsbc_uk_bank_plc.py
https://www.hsbc.com/-/files/hsbc/investors/hsbc-results/2024/3q/pdfs/hsbc-uk-bank-plc-ring-fenced-bank/241105-hsbc-uk-bank-plc-pillar-3-disclosures-at-30-september-2024.pdf	live	build_hsbc_uk_bank_plc.py
https://www.hsbc.com/-/files/hsbc/investors/hsbc-results/2024/annual/pdfs/hsbc-bank-plc/250219-annual-report-and-accounts-2024.pdf	live	build_hsbc_bank_plc.py
https://www.hsbc.com/-/files/hsbc/investors/hsbc-results/2024/annual/pdfs/hsbc-bank-plc/250219-pillar-3-disclosures-at-31-december-2024.pdf	live	build_hsbc_bank_plc.py
https://www.hsbc.com/-/files/hsbc/investors/hsbc-results/2024/annual/pdfs/hsbc-uk-bank-plc/250219-annual-report-and-accounts-2024.pdf	live	build_hsbc_uk_bank_plc.py
https://www.hsbc.com/-/files/hsbc/investors/hsbc-results/2024/annual/pdfs/hsbc-uk-bank-plc/250219-pillar-3-disclosures-at-31-december-2024.pdf	live	build_hsbc_uk_bank_plc.py
https://www.hsbc.com/-/files/hsbc/investors/hsbc-results/2024/interim/pdfs/hsbc-uk-bank-plc/240806-pillar-3-disclosures-at-30-june-2024.pdf	live	build_hsbc_uk_bank_plc.py
https://www.hsbc.com/-/files/hsbc/investors/hsbc-results/2025/1q/pdfs/hsbc-uk-bank-plc/250507-hbuk-pillar-3-disclosures-at-31-march-2025.pdf	live	build_hsbc_uk_bank_plc.py
https://www.hsbc.com/-/files/hsbc/investors/hsbc-results/2025/3q/pdfs/hsbc-uk-bank-plc-ring-fenced-bank/251106-hsbc-uk-bank-plc-pillar-3-disclosures-at-30-september-2025.pdf	live	build_hsbc_uk_bank_plc.py
https://www.hsbc.com/-/files/hsbc/investors/hsbc-results/2025/annual/pdfs/hsbc-bank-plc/260225-annual-report-and-accounts-2025.pdf	live	build_hsbc_bank_plc.py
https://www.hsbc.com/-/files/hsbc/investors/hsbc-results/2025/annual/pdfs/hsbc-bank-plc/260225-pillar-3-disclosures-at-31-december-2025.pdf	live	build_hsbc_bank_plc.py
https://www.hsbc.com/-/files/hsbc/investors/hsbc-results/2025/annual/pdfs/hsbc-uk-bank-plc/260225-annual-report-and-accounts-2025.pdf	live	build_hsbc_uk_bank_plc.py
https://www.hsbc.com/-/files/hsbc/investors/hsbc-results/2025/annual/pdfs/hsbc-uk-bank-plc/260225-pillar-3-disclosures-at-31-december-2025.pdf	live	build_hsbc_uk_bank_plc.py
https://www.hsbc.com/-/files/hsbc/investors/hsbc-results/2025/interim/pdfs/hsbc-uk-bank-plc/250806-pillar-3-disclosures-at-30-june-2025.pdf	live	build_hsbc_uk_bank_plc.py
https://www.hsbcinnovationbanking.com/-/media/hinv/pdf/regulations/pillar-3-report-2022.pdf	live	build_hsbc_innovation_bank.py
https://www.htb.co.uk/htbcontent/uploads/2019/08/Hampshire-Trust-Bank-HTB-2016-Annual-Report-1.pdf	live	build_hampshire_trust_bank.py
https://www.htb.co.uk/htbcontent/uploads/2019/08/Hampshire-Trust-Bank-HTB-2016-Pillar-3-Disclosures-1.pdf	live	build_hampshire_trust_bank.py
https://www.htb.co.uk/htbcontent/uploads/2019/08/Hampshire-Trust-Bank-HTB-2017-Annual-Report-1.pdf	live	build_hampshire_trust_bank.py
https://www.htb.co.uk/htbcontent/uploads/2019/08/Hampshire-Trust-Bank-HTB-2017-Pillar-3-Disclosures-1.pdf	live	build_hampshire_trust_bank.py
https://www.htb.co.uk/htbcontent/uploads/2019/08/Hampshire-Trust-Bank-HTB-2018-Pillar-3-Disclosures-1.pdf	live	build_hampshire_trust_bank.py
https://www.htb.co.uk/htbcontent/uploads/2020/07/Hampshire-Trust-Bank-HTB-2019-Pillar-3-Disclosures.pdf	live	build_hampshire_trust_bank.py
https://www.htb.co.uk/htbcontent/uploads/2021/07/Hampshire-Trust-Bank-HTB-2020-Pillar-3-Disclosures.pdf	live	build_hampshire_trust_bank.py
https://www.htb.co.uk/htbcontent/uploads/2021/11/HTB_Annual_Report_2020.pdf	live	build_hampshire_trust_bank.py
https://www.htb.co.uk/htbcontent/uploads/2022/07/Hampshire-Trust-Bank-HTB-2021-Pillar-3-Disclosures.pdf	live	build_hampshire_trust_bank.py
https://www.htb.co.uk/htbcontent/uploads/2023/08/Hampshire-Trust-Bank-HTB-2022-Pillar-3-Disclosures.pdf	live	build_hampshire_trust_bank.py
https://www.htb.co.uk/htbcontent/uploads/2024/06/HTB_Pillar_3_Disclosures_2023.pdf	live	build_hampshire_trust_bank.py
https://www.htb.co.uk/htbcontent/uploads/2025/07/HTB_Pillar_3_Disclosures_2024.pdf	live	build_hampshire_trust_bank.py
https://www.htb.co.uk/htbcontent/uploads/2026/04/HTB_Annual_Report_2025.pdf	live	build_hampshire_trust_bank.py
https://www.htb.co.uk/htbcontent/uploads/2026/04/HTB_Pillar_3_Disclosures_2025.pdf	live	build_hampshire_trust_bank.py
https://www.icicibank.co.uk/content/dam/icicibank-revamp/uk/doc/basel-pillar-3-disclosures-FY2026.pdf	live	build_icici_bank_uk.py
https://www.icicibank.co.uk/content/dam/icicibank-revamp/uk/doc/financial-report-FY2026.pdf	live	build_icici_bank_uk.py
https://www.icicibank.co.uk/content/dam/icicibank/icici-assets/uk/ICICI-Bank-UK-Plc-Pillar3-disclosures-FY2021-22.pdf	live	build_icici_bank_uk.py
https://www.icicibank.co.uk/content/dam/icicibank/icici-assets/uk/ICICI_Bank_UK_Pillar3_disclosures_FY2018-19.pdf	live	build_icici_bank_uk.py
https://www.icicibank.co.uk/content/dam/icicibank/icici-assets/uk/ICICI_Bank_UK_Pillar3_disclosures_FY2019-20.pdf	live	build_icici_bank_uk.py
https://www.icicibank.co.uk/content/dam/icicibank/icici-assets/uk/basel-pillar-3-disclosures-FY2024-25.pdf	live	build_icici_bank_uk.py
https://www.icicibank.co.uk/content/dam/icicibank/icici-assets/uk/basel3-disclosures-FY14-15.pdf	live	build_icici_bank_uk.py
https://www.icicibank.co.uk/content/dam/icicibank/icici-assets/uk/basel3-disclosures-FY15-16.pdf	live	build_icici_bank_uk.py
https://www.icicibank.co.uk/content/dam/icicibank/icici-assets/uk/basel3-disclosures-FY16-17.pdf	live	build_icici_bank_uk.py
https://www.icicibank.co.uk/content/dam/icicibank/icici-assets/uk/basel3-disclosures-FY17-18.pdf	live	build_icici_bank_uk.py
https://www.icicibank.co.uk/content/dam/icicibank/icici-assets/uk/disclosures2013-14.pdf	live	build_icici_bank_uk.py
https://www.icicibank.co.uk/content/dam/icicibank/icici-assets/uk/financial-report-14-15.pdf	live	build_icici_bank_uk.py
https://www.icicibank.co.uk/content/dam/icicibank/icici-assets/uk/financial-report-15-16.pdf	live	build_icici_bank_uk.py
https://www.icicibank.co.uk/content/dam/icicibank/icici-assets/uk/financial-report-16-17.pdf	live	build_icici_bank_uk.py
https://www.icicibank.co.uk/content/dam/icicibank/icici-assets/uk/financial-report-17-18.pdf	live	build_icici_bank_uk.py
https://www.icicibank.co.uk/content/dam/icicibank/icici-assets/uk/financial-report-18-19.pdf	live	build_icici_bank_uk.py
https://www.icicibank.co.uk/content/dam/icicibank/icici-assets/uk/financial-report-19-20.pdf	live	build_icici_bank_uk.py
https://www.icicibank.co.uk/content/dam/icicibank/icici-assets/uk/financial-report-uk-FY2025.pdf	live	build_icici_bank_uk.py
https://www.icicibank.co.uk/content/dam/icicibank/icici-assets/uk/icici-bank-uk-plc-pillar-3-disclosures-FY2022-23.pdf	live	build_icici_bank_uk.py
https://www.icicibank.co.uk/content/dam/icicibank/india/managed-assets/docs/pdf/basel-pillar-3-disclosures-FY2023-24.pdf	live	build_icici_bank_uk.py
https://www.ifastgb.com/assets/static-file/investor-relations/iFAST%20Global%20Bank%20Limited%20Pillar%203%20Disclosures%202021.pdf	live	build_ifast_global_bank.py
https://www.ifastgb.com/assets/static-file/investor-relations/iFAST%20Global%20Bank%20Limited%20Pillar%203%20Disclosures%202023.pdf	live	build_ifast_global_bank.py
https://www.ifastgb.com/assets/static-file/investor-relations/iFAST%20Global%20Bank%20Ltd.%20Annual%20Report%202021.pdf	live	build_ifast_global_bank.py
https://www.ifastgb.com/assets/static-file/investor-relations/iFAST%20Global%20Bank%20Ltd.%20Annual%20Report%202023.pdf	live	build_ifast_global_bank.py
https://www.investec.com/content/dam/investor-relations/basel-pillar-iii-regulatory-disclosures/2018/Investec-Bank-plc-Pillar-3-disclosures-31-March-2018-FINAL.pdf	live	build_investec_bank.py
https://www.investec.com/content/dam/investor-relations/basel-pillar-iii-regulatory-disclosures/2019/investec-ibp-pillar-3-annual-disclosure-report-2019.pdf	live	build_investec_bank.py
https://www.investec.com/content/dam/investor-relations/basel-pillar-iii-regulatory-disclosures/2024/Investec-plc-Group-and-Investec-Bank-plc-Pillar-3-disclosure-report-30-Sept-2024.pdf	live	build_investec_bank.py
https://www.investec.com/content/dam/investor-relations/basel-pillar-iii-regulatory-disclosures/2025/Investec-plc-group-and-Investec-Bank-plc-Pillar-3-disclosure-report-30-Sept-2025.pdf	live	build_investec_bank.py
https://www.investec.com/content/dam/investor-relations/basel-pillar-iii-regulatory-disclosures/united-kingdom/2023/Investec-plc-group-and-Investec-Bank-plc-Pillar-3-disclosure-report%20-30-Sept-2023.pdf	live	build_investec_bank.py
https://www.investec.com/content/dam/investor-relations/financial-information/group-financial-results/2020/IBP-Pillar-3-Report-March-2020.pdf	live	build_investec_bank.py
https://www.investec.com/content/dam/investor-relations/financial-information/group-financial-results/2021/Investec-Bank-plc-pillar-3-annual-disclosure-report-2021.pdf	live	build_investec_bank.py
https://www.investec.com/content/dam/investor-relations/financial-information/group-financial-results/2022/Investec-plc-group-Interim-Pillar-3-disclosure-report-30-September-2022.pdf	live	build_investec_bank.py
https://www.investec.com/content/dam/investor-relations/financial-information/group-financial-results/2024/Investec-plc-group-and-Investec-Bank-plc-Pillar-3-disclosure-report-March-2024.pdf	live	build_investec_bank.py
https://www.investec.com/content/dam/investor-relations/financial-information/group-financial-results/2025/Investec-plc-group-and-Investec-Bank-plc-Pillar-3-disclosure-report-March-2025.pdf	live	build_investec_bank.py
https://www.investec.com/content/dam/investor-relations/financial-information/group-financial-results/2026/Investec-plc-group-and-Investec-Bank-plc-Pillar-3-disclosure-report-March-2026.pdf	live	build_investec_bank.py
https://www.itau.com.br/content/dam/ibba/en/Pillar-3-2021.pdf	live	build_itau_bba_international.py
https://www.itau.com.br/media/dam/m/11e1e216dd5df1fd/original/Pillar-3-2023.pdf	live	build_itau_bba_international.py
https://www.itau.com.br/media/dam/m/58b090bc84eddb94/original/Pillar-3-2022.pdf	live	build_itau_bba_international.py
https://www.jordanbank.co.uk/media/1018/pillar-3.pdf	live	build_jordan_international_bank.py
https://www.jordanbank.co.uk/media/1127/pw3751-jib-pillar-3-2017-f-final.pdf	live	build_jordan_international_bank.py
https://www.jordanbank.co.uk/media/1133/pillar-3-2018.pdf	live	build_jordan_international_bank.py
https://www.jordanbank.co.uk/media/1208/jib-pillar-3-2019-revised-final-report.pdf	live	build_jordan_international_bank.py
https://www.jordanbank.co.uk/media/1215/jib-pillar-3-disclosures-2020.pdf	live	build_jordan_international_bank.py
https://www.jordanbank.co.uk/media/1239/pw3901-jib-pillar-3-2021-final.pdf	live	build_jordan_international_bank.py
https://www.jordanbank.co.uk/media/1245/jib-pillar-3-2022.pdf	live	build_jordan_international_bank.py
https://www.jordanbank.co.uk/media/1266/pw3949-jib-pillar-3-2023-final.pdf	live	build_jordan_international_bank.py
https://www.jordanbank.co.uk/media/n0xn5hx1/website-jib-pillar-3-2024-v24-clean.pdf	live	build_jordan_international_bank.py
https://www.jordanbank.co.uk/media/tlihy44n/company_accounts_2025.pdf	live	build_jordan_international_bank.py
https://www.kroo.com/files/kroo-annual-report-2021.pdf	live	build_kroo_bank.py
https://www.kroo.com/files/kroo-annual-report-2022.pdf	live	build_kroo_bank.py
https://www.kroo.com/files/kroo-annual-report-2023.pdf	live	build_kroo_bank.py
https://www.kroo.com/files/kroo-annual-report-2024.pdf	live	build_kroo_bank.py
https://www.kroo.com/files/kroo-pillar-3-disclosures-2021.pdf	live	build_kroo_bank.py
https://www.kroo.com/files/kroo-pillar-3-disclosures-2022.pdf	live	build_kroo_bank.py
https://www.kroo.com/files/kroo-pillar-3-disclosures-2023.pdf	live	build_kroo_bank.py
https://www.kroo.com/files/kroo-pillar-3-disclosures-2024.pdf	live	build_kroo_bank.py
https://www.lloydsbankinggroup.com/assets/pdfs/investors/financial-performance/lloyds-bank-corporate-markets-plc/2018/2018-lbcm-annual-report-v2.pdf	live	build_lloyds_bank_corporate_markets.py
https://www.lloydsbankinggroup.com/assets/pdfs/investors/financial-performance/lloyds-bank-corporate-markets-plc/2019/2019-lbcm-annual-report.pdf	live	build_lloyds_bank_corporate_markets.py
https://www.lloydsbankinggroup.com/assets/pdfs/investors/financial-performance/lloyds-bank-corporate-markets-plc/2020/2020-lbcm-annual-report.pdf	live	build_lloyds_bank_corporate_markets.py
https://www.lloydsbankinggroup.com/assets/pdfs/investors/financial-performance/lloyds-bank-corporate-markets-plc/2020/2020-lbcm-fy-pillar-3.pdf	live	build_lloyds_bank_corporate_markets.py
https://www.lloydsbankinggroup.com/assets/pdfs/investors/financial-performance/lloyds-bank-corporate-markets-plc/2021/2021-lbcm-annual-report.pdf	live	build_lloyds_bank_corporate_markets.py
https://www.lloydsbankinggroup.com/assets/pdfs/investors/financial-performance/lloyds-bank-corporate-markets-plc/2021/2021-lbcm-fy-pillar3.pdf	live	build_lloyds_bank_corporate_markets.py
https://www.lloydsbankinggroup.com/assets/pdfs/investors/financial-performance/lloyds-bank-corporate-markets-plc/2022/half-year/2022-lbcm-hy-pillar-3.pdf	live	build_lloyds_bank_corporate_markets.py
https://www.lloydsbankinggroup.com/assets/pdfs/investors/financial-performance/lloyds-bank-corporate-markets-plc/2022/q1/2022-lbcm-q1-pillar-3.pdf	live	build_lloyds_bank_corporate_markets.py
https://www.lloydsbankinggroup.com/assets/pdfs/investors/financial-performance/lloyds-bank-corporate-markets-plc/2022/q3/2022-lbcm-q3-pillar-3.pdf	live	build_lloyds_bank_corporate_markets.py
https://www.lloydsbankinggroup.com/assets/pdfs/investors/financial-performance/lloyds-bank-corporate-markets-plc/2022/q4/2022-lbcm-annual-report.pdf	live	build_lloyds_bank_corporate_markets.py
https://www.lloydsbankinggroup.com/assets/pdfs/investors/financial-performance/lloyds-bank-corporate-markets-plc/2022/q4/2022-lbcm-fy-pillar-3.pdf	live	build_lloyds_bank_corporate_markets.py
https://www.lloydsbankinggroup.com/assets/pdfs/investors/financial-performance/lloyds-bank-corporate-markets-plc/2023/q1/2023-lbcm-q1-pillar-3.pdf	live	build_lloyds_bank_corporate_markets.py
https://www.lloydsbankinggroup.com/assets/pdfs/investors/financial-performance/lloyds-bank-corporate-markets-plc/2023/q2/2023-lbcm-hy-pillar-3.pdf	live	build_lloyds_bank_corporate_markets.py
https://www.lloydsbankinggroup.com/assets/pdfs/investors/financial-performance/lloyds-bank-corporate-markets-plc/2023/q3/2023-lbcm-q3-pillar-3.pdf	live	build_lloyds_bank_corporate_markets.py
https://www.lloydsbankinggroup.com/assets/pdfs/investors/financial-performance/lloyds-bank-corporate-markets-plc/2023/q4/2023-lbcm-annual-report.pdf	live	build_lloyds_bank_corporate_markets.py
https://www.lloydsbankinggroup.com/assets/pdfs/investors/financial-performance/lloyds-bank-corporate-markets-plc/2023/q4/2023-lbcm-fy-pillar-3.pdf	live	build_lloyds_bank_corporate_markets.py
https://www.lloydsbankinggroup.com/assets/pdfs/investors/financial-performance/lloyds-bank-corporate-markets-plc/2024/q1/2024-lbcm-q1-pillar-3.pdf	live	build_lloyds_bank_corporate_markets.py
https://www.lloydsbankinggroup.com/assets/pdfs/investors/financial-performance/lloyds-bank-corporate-markets-plc/2024/q2/2024-lbcm-hy-pillar-3.pdf	live	build_lloyds_bank_corporate_markets.py
https://www.lloydsbankinggroup.com/assets/pdfs/investors/financial-performance/lloyds-bank-corporate-markets-plc/2024/q3/2024-lbcm-q3-pillar-3.pdf	live	build_lloyds_bank_corporate_markets.py
https://www.lloydsbankinggroup.com/assets/pdfs/investors/financial-performance/lloyds-bank-corporate-markets-plc/2024/q4/2024-lbcm-annual-report.pdf	live	build_lloyds_bank_corporate_markets.py
https://www.lloydsbankinggroup.com/assets/pdfs/investors/financial-performance/lloyds-bank-corporate-markets-plc/2024/q4/2024-lbcm-fy-pillar-3.pdf	live	build_lloyds_bank_corporate_markets.py
https://www.lloydsbankinggroup.com/assets/pdfs/investors/financial-performance/lloyds-bank-corporate-markets-plc/2025/q1/2025-lbcm-q1-pillar-3.pdf	live	build_lloyds_bank_corporate_markets.py
https://www.lloydsbankinggroup.com/assets/pdfs/investors/financial-performance/lloyds-bank-corporate-markets-plc/2025/q2/2025-lbcm-hy-pillar-3.pdf	live	build_lloyds_bank_corporate_markets.py
https://www.lloydsbankinggroup.com/assets/pdfs/investors/financial-performance/lloyds-bank-corporate-markets-plc/2025/q3/2025-lbcm-q3-pillar-3.pdf	live	build_lloyds_bank_corporate_markets.py
https://www.lloydsbankinggroup.com/assets/pdfs/investors/financial-performance/lloyds-bank-corporate-markets-plc/2025/q4/2025-lbcm-annual-report.pdf	live	build_lloyds_bank_corporate_markets.py
https://www.lloydsbankinggroup.com/assets/pdfs/investors/financial-performance/lloyds-bank-corporate-markets-plc/2025/q4/2025-lbcm-fy-pillar-3.pdf	live	build_lloyds_bank_corporate_markets.py
https://www.lloydsbankinggroup.com/assets/pdfs/investors/financial-performance/lloyds-bank-plc/2017/2017-lb-annual-report-v2.pdf	live	build_lloyds_bank.py
https://www.lloydsbankinggroup.com/assets/pdfs/investors/financial-performance/lloyds-bank-plc/2018/2018-lb-annual-report.pdf	live	build_lloyds_bank.py
https://www.lloydsbankinggroup.com/assets/pdfs/investors/financial-performance/lloyds-bank-plc/2019/2019-lb-annual-report.pdf	live	build_lloyds_bank.py
https://www.lloydsbankinggroup.com/assets/pdfs/investors/financial-performance/lloyds-bank-plc/2019/2019-lb-pillar-3-report.pdf	live	build_lloyds_bank.py
https://www.lloydsbankinggroup.com/assets/pdfs/investors/financial-performance/lloyds-bank-plc/2020/2020-lb-annual-report.pdf	live	build_lloyds_bank.py
https://www.lloydsbankinggroup.com/assets/pdfs/investors/financial-performance/lloyds-bank-plc/2020/2020-lb-fy-pillar-3.pdf	live	build_lloyds_bank.py
https://www.lloydsbankinggroup.com/assets/pdfs/investors/financial-performance/lloyds-bank-plc/2021/full-year/2021-lb-annual-report.pdf	live	build_lloyds_bank.py
https://www.lloydsbankinggroup.com/assets/pdfs/investors/financial-performance/lloyds-bank-plc/2021/full-year/2021-lb-fy-pillar3.pdf	live	build_lloyds_bank.py
https://www.lloydsbankinggroup.com/assets/pdfs/investors/financial-performance/lloyds-bank-plc/2021/half-year/2021-lb-hy-pillar-3.pdf	live	build_lloyds_bank.py
https://www.lloydsbankinggroup.com/assets/pdfs/investors/financial-performance/lloyds-bank-plc/2021/q1/2021-lb-q1-ims-pillar-3.pdf	live	build_lloyds_bank.py
https://www.lloydsbankinggroup.com/assets/pdfs/investors/financial-performance/lloyds-bank-plc/2021/q3/2021-lb-q3-pillar-3.pdf	live	build_lloyds_bank.py
https://www.lloydsbankinggroup.com/assets/pdfs/investors/financial-performance/lloyds-bank-plc/2022/full-year/2022-lb-annual-report.pdf	live	build_lloyds_bank.py
https://www.lloydsbankinggroup.com/assets/pdfs/investors/financial-performance/lloyds-bank-plc/2022/full-year/2022-lb-fy-pillar3.pdf	live	build_lloyds_bank.py
https://www.lloydsbankinggroup.com/assets/pdfs/investors/financial-performance/lloyds-bank-plc/2022/half-year/2022-lb-hy-pillar-3.pdf	live	build_lloyds_bank.py
https://www.lloydsbankinggroup.com/assets/pdfs/investors/financial-performance/lloyds-bank-plc/2022/q1/2022-lb-q1-pillar-3.pdf	live	build_lloyds_bank.py
https://www.lloydsbankinggroup.com/assets/pdfs/investors/financial-performance/lloyds-bank-plc/2022/q3/2022-lb-q3-pillar-3.pdf	live	build_lloyds_bank.py
https://www.lloydsbankinggroup.com/assets/pdfs/investors/financial-performance/lloyds-bank-plc/2023/q1/2023-lb-q1-pillar-3.pdf	live	build_lloyds_bank.py
https://www.lloydsbankinggroup.com/assets/pdfs/investors/financial-performance/lloyds-bank-plc/2023/q2/2023-lb-hy-pillar-3.pdf	live	build_lloyds_bank.py
https://www.lloydsbankinggroup.com/assets/pdfs/investors/financial-performance/lloyds-bank-plc/2023/q3/2023-lb-q3-pillar-3.pdf	live	build_lloyds_bank.py
https://www.lloydsbankinggroup.com/assets/pdfs/investors/financial-performance/lloyds-bank-plc/2023/q4/2023-lb-annual-report.pdf	live	build_lloyds_bank.py
https://www.lloydsbankinggroup.com/assets/pdfs/investors/financial-performance/lloyds-bank-plc/2023/q4/2023-lb-fy-pillar-3.pdf	live	build_lloyds_bank.py
https://www.lloydsbankinggroup.com/assets/pdfs/investors/financial-performance/lloyds-bank-plc/2024/q1/2024-lb-q1-pillar-3.pdf	live	build_lloyds_bank.py
https://www.lloydsbankinggroup.com/assets/pdfs/investors/financial-performance/lloyds-bank-plc/2024/q2/2024-lb-hy-pillar-3.pdf	live	build_lloyds_bank.py
https://www.lloydsbankinggroup.com/assets/pdfs/investors/financial-performance/lloyds-bank-plc/2024/q3/2024-lb-q3-pillar-3.pdf	live	build_lloyds_bank.py
https://www.lloydsbankinggroup.com/assets/pdfs/investors/financial-performance/lloyds-bank-plc/2024/q4/2024-lb-annual-report.pdf	live	build_lloyds_bank.py
https://www.lloydsbankinggroup.com/assets/pdfs/investors/financial-performance/lloyds-bank-plc/2024/q4/2024-lb-fy-pillar-3.pdf	live	build_lloyds_bank.py
https://www.lloydsbankinggroup.com/assets/pdfs/investors/financial-performance/lloyds-bank-plc/2025/q1/2025-lb-q1-pillar-3.pdf	live	build_lloyds_bank.py
https://www.lloydsbankinggroup.com/assets/pdfs/investors/financial-performance/lloyds-bank-plc/2025/q2/2025-lb-hy-pillar-3.pdf	live	build_lloyds_bank.py
https://www.lloydsbankinggroup.com/assets/pdfs/investors/financial-performance/lloyds-bank-plc/2025/q3/2025-lb-q3-pillar-3.pdf	live	build_lloyds_bank.py
https://www.lloydsbankinggroup.com/assets/pdfs/investors/financial-performance/lloyds-bank-plc/2025/q4/2025-lb-annual-report.pdf	live	build_lloyds_bank.py
https://www.lloydsbankinggroup.com/assets/pdfs/investors/financial-performance/lloyds-bank-plc/2025/q4/2025-lb-fy-pillar-3.pdf	live	build_lloyds_bank.py
https://www.mcafundingforchurches.co.uk/media/4bcl2vk5/mca-ar-2025.pdf	live	build_methodist_chapel_aid.py
https://www.mcafundingforchurches.co.uk/media/keybconk/annual-report-2024.pdf	live	build_methodist_chapel_aid.py
https://www.mcafundingforchurches.co.uk/media/ngqlqg5o/pillar-3-disclosures-2023.pdf	live	build_methodist_chapel_aid.py
https://www.mcafundingforchurches.co.uk/siteFiles/resources/pdf/Pillar3disclosures2022.pdf	live	build_methodist_chapel_aid.py
https://www.mcafundingforchurches.co.uk/sitefiles/resources/pdf/annualreport2022.pdf	live	build_methodist_chapel_aid.py
https://www.metrobankonline.co.uk/globalassets/documents/customer_documents/business-and-commercial/metro-bank-annual-report-and-accounts-2022.pdf.pdf	live	build_metro_bank.py
https://www.metrobankonline.co.uk/globalassets/documents/customer_documents/business-and-commercial/metro-bank-plc-annual-report-2023.pdf	live	build_metro_bank.py
https://www.metrobankonline.co.uk/globalassets/documents/customer_documents/business-and-commercial/pillar-3-disclosure---h1-2022.pdf	live	build_metro_bank.py
https://www.metrobankonline.co.uk/globalassets/documents/customer_documents/business-and-commercial/pillar-3-disclosure-2022.pdf	live	build_metro_bank.py
https://www.metrobankonline.co.uk/globalassets/documents/customer_documents/intermediaries/metro-bank-annual-report-2021.pdf	live	build_metro_bank.py
https://www.metrobankonline.co.uk/globalassets/documents/customer_documents/intermediaries/metro-bank-pillar-3-disclosure-2021.pdf	live	build_metro_bank.py
https://www.metrobankonline.co.uk/globalassets/documents/customer_documents/intermediaries/pillar-3-disclosure-h1-2024.pdf	live	build_metro_bank.py
https://www.metrobankonline.co.uk/globalassets/documents/customer_documents/personal/metro-bank-annual-report-2024.pdf	live	build_metro_bank.py
https://www.metrobankonline.co.uk/globalassets/documents/customer_documents/personal/pillar-3-disclosure-h1-2023.pdf	live	build_metro_bank.py
https://www.metrobankonline.co.uk/globalassets/documents/investor_documents/2017-annual-report.pdf	live	build_metro_bank.py
https://www.metrobankonline.co.uk/globalassets/documents/investor_documents/annual-report-2015.pdf	live	build_metro_bank.py
https://www.metrobankonline.co.uk/globalassets/documents/investor_documents/annual-report-2018.pdf	live	build_metro_bank.py
https://www.metrobankonline.co.uk/globalassets/documents/investor_documents/metro-bank---annual-report-2025.pdf	live	build_metro_bank.py
https://www.metrobankonline.co.uk/globalassets/documents/investor_documents/metro-bank-2017-pillar-3-disclosure.pdf	live	build_metro_bank.py
https://www.metrobankonline.co.uk/globalassets/documents/investor_documents/metro-bank-annual-report-2016.pdf	live	build_metro_bank.py
https://www.metrobankonline.co.uk/globalassets/documents/investor_documents/metro-bank-annual-report-2019.pdf	live	build_metro_bank.py
https://www.metrobankonline.co.uk/globalassets/documents/investor_documents/metro-bank-pillar-3-2019.pdf	live	build_metro_bank.py
https://www.metrobankonline.co.uk/globalassets/documents/investor_documents/pillar-3---2025-final.pdf	live	build_metro_bank.py
https://www.metrobankonline.co.uk/globalassets/documents/investor_documents/pillar-3-disclosure-2018.pdf	live	build_metro_bank.py
https://www.metrobankonline.co.uk/globalassets/h1-2025-pillar-3-final.pdf	live	build_metro_bank.py
https://www.metrobankonline.co.uk/globalassets/investor-relations/metro-bank-annual-report-2020.pdf	live	build_metro_bank.py
https://www.metrobankonline.co.uk/globalassets/investor-relations/metro-bank-plc-pillar-3-2020.pdf	live	build_metro_bank.py
https://www.metrobankonline.co.uk/globalassets/legal-information/pillar-3-disclosure-2016.pdf	live	build_metro_bank.py
https://www.metrobankonline.co.uk/globalassets/pillar-3-2024.pdf	live	build_metro_bank.py
https://www.metrobankonline.co.uk/globalassets/pillar-3-disclosure-2023.pdf	live	build_metro_bank.py
https://www.nbeuk.com/wp-content/uploads/2021/02/2018_Basel_ll_Pillar_3_Disclosure.pdf	live	build_national_bank_of_egypt_uk.py
https://www.nbeuk.com/wp-content/uploads/2021/02/Draft_Pillar_3-30062017_30112017.pdf	live	build_national_bank_of_egypt_uk.py
https://www.nbeuk.com/wp-content/uploads/2021/02/NBE_UK_Financial_Statements_2018.pdf	live	build_national_bank_of_egypt_uk.py
https://www.nbeuk.com/wp-content/uploads/2023/05/Pillar-3-31-December-2021-approved.pdf	live	build_national_bank_of_egypt_uk.py
https://www.nbeuk.com/wp-content/uploads/2023/10/NBE-UK-Pillar-3-31-December-2022-approved.pdf	live	build_national_bank_of_egypt_uk.py
https://www.nbeuk.com/wp-content/uploads/2024/09/Pillar-3-Disclosures-31st-December-2023-FINAL.pdf	live	build_national_bank_of_egypt_uk.py
https://www.nbeuk.com/wp-content/uploads/2025/04/Pillar-3-Disclosures-31st-December-2024.pdf	live	build_national_bank_of_egypt_uk.py
https://www.nbeuk.com/wp-content/uploads/2026/04/NBEUK-Pillar-3-Disclosures-31st-December-2025.pdf	live	build_national_bank_of_egypt_uk.py
https://www.nbk.com/dam/jcr:04623e62-4149-4a86-99a6-989cd9285e7e/NBKI-Financial-Statement-2024.pdf	live	build_national_bank_of_kuwait_international.py
https://www.nbk.com/dam/jcr:19757e7d-4d03-40f8-bf39-63c995186e39/Pillar_III_Disclosures.pdf	live	build_national_bank_of_kuwait_international.py
https://www.nbk.com/dam/jcr:6d7dc8ff-20d6-4ba1-be40-03386a48becd/nbki-financial-statements-2025.pdf	live	build_national_bank_of_kuwait_international.py
https://www.nbk.com/dam/jcr:6ed10da3-e2cf-4194-b3b2-eb19e0b4b447/Pillar-III-Disclosures-2023.pdf	live	build_national_bank_of_kuwait_international.py
https://www.nbk.com/dam/jcr:7ba4c7e4-c705-4d5a-b6a6-2867045845bb/Pillar%20III%20Disclosres%202024.pdf	live	build_national_bank_of_kuwait_international.py
https://www.nbk.com/dam/jcr:a2323d07-848e-4518-971d-8e24a3395ad0/NBKI-Financial-Statement-2023.pdf	live	build_national_bank_of_kuwait_international.py
https://www.nbk.com/dam/jcr:c3c72c41-97cb-454c-b14e-2a77baf033ab/NBKI-Financial-Statement-2021.pdf	live	build_national_bank_of_kuwait_international.py
https://www.nbk.com/dam/jcr:d333e5bb-2545-40a2-90a6-59a827646b7b/NBKI-Financial-Statement-2022.pdf	live	build_national_bank_of_kuwait_international.py
https://www.nomuranow.com/portal/site/login/en-gb/resources/upload/nomura-europe-holdings-plc-annual-pillar-3-disclosures-310321.pdf	live	build_nomura_bank_international.py
https://www.nomuranow.com/portal/site/public/en-gb/resources/upload/NBI-Annual-Report-310321.pdf	live	build_nomura_bank_international.py
https://www.nomuranow.com/portal/site/public/en-gb/resources/upload/NBI-Annual-Report-310322.pdf	live	build_nomura_bank_international.py
https://www.nomuranow.com/portal/site/public/en-gb/resources/upload/NBI-Annual-Report-310323.pdf	live	build_nomura_bank_international.py
https://www.nomuranow.com/portal/site/public/en-gb/resources/upload/NBI-Annual-Report-310324.pdf	live	build_nomura_bank_international.py
https://www.nomuranow.com/portal/site/public/en-gb/resources/upload/NBI-Annual-Report-310325.pdf	live	build_nomura_bank_international.py
https://www.nomuranow.com/portal/site/public/en-gb/resources/upload/NBI-Annual-Report-310326.pdf	live	build_nomura_bank_international.py
https://www.nomuranow.com/portal/site/public/en-gb/resources/upload/NBI-Interim-Report-Sep2021.pdf	live	build_nomura_bank_international.py
https://www.nomuranow.com/portal/site/public/en-gb/resources/upload/NBI-Interim-Report-Sep2022.pdf	live	build_nomura_bank_international.py
https://www.nomuranow.com/portal/site/public/en-gb/resources/upload/NBI-Interim-Report-Sep2023.pdf	live	build_nomura_bank_international.py
https://www.nomuranow.com/portal/site/public/en-gb/resources/upload/NBI-Interim-Report-Sep2025.pdf	live	build_nomura_bank_international.py
https://www.nomuranow.com/portal/site/public/en-gb/resources/upload/NBI-Interims-September-2024-Accounts-Branded.pdf	live	build_nomura_bank_international.py
https://www.nomuranow.com/portal/site/public/en-gb/resources/upload/nomura-europe-holdings-plc-annual-pillar-3-disclosures-310322.pdf	live	build_nomura_bank_international.py
https://www.nomuranow.com/portal/site/public/en-gb/resources/upload/nomura-europe-holdings-plc-annual-pillar-3-disclosures-310323.pdf	live	build_nomura_bank_international.py
https://www.nomuranow.com/portal/site/public/en-gb/resources/upload/nomura-europe-holdings-plc-annual-pillar-3-disclosures-310324.pdf	live	build_nomura_bank_international.py
https://www.nomuranow.com/portal/site/public/en-gb/resources/upload/nomura-europe-holdings-plc-semi-annual-pillar-3-disclosures-300921.pdf	live	build_nomura_bank_international.py
https://www.oaknorth.co.uk/wp-content/uploads/2022/03/OakNorth-Bank-Annual-Report-2021.pdf	live	build_oaknorth.py
https://www.onesavingsbank.com/media/03kpilxl/onesavings-bank-plc-2020-accounts.pdf	live	build_onesavings.py
https://www.onesavingsbank.com/media/143pzceq/q4-2024-osbg-pillar-3-disclosure.pdf	live	build_onesavings.py
https://www.onesavingsbank.com/media/5n1lklrr/onesavings-bank-plc-2021-accounts.pdf	live	build_onesavings.py
https://www.onesavingsbank.com/media/cqepdkda/osb-group-pillar-3-disclosures-2022.pdf	live	build_onesavings.py
https://www.onesavingsbank.com/media/hbymiii2/q4-2025-osbg-pillar-3-disclosure.pdf	live	build_onesavings.py
https://www.onesavingsbank.com/media/iuvfpajb/osb-group-pillar-3-disclosures-2021.pdf	live	build_onesavings.py
https://www.onesavingsbank.com/media/kn3nulae/q4-2023-osb-pillar-3-disclosures.pdf	live	build_onesavings.py
https://www.onesavingsbank.com/media/w3ffou5b/osbg-ara-2022.pdf	live	build_onesavings.py
https://www.osb.co.uk/media/143pzceq/q4-2024-osbg-pillar-3-disclosure.pdf	live	build_charter_court.py
https://www.osb.co.uk/media/hbymiii2/q4-2025-osbg-pillar-3-disclosure.pdf	live	build_charter_court.py
https://www.osb.co.uk/media/kn3nulae/q4-2023-osb-pillar-3-disclosures.pdf	live	build_charter_court.py
https://www.osb.co.uk/media/nwwagqwf/download-pillar-3-disclosure-document-2019.pdf	live	build_onesavings.py
https://www.osb.co.uk/media/utofi4fl/11-osb-2019-annual-report-and-accounts.pdf	live	build_onesavings.py
https://www.osb.co.uk/media/xmiprmgq/download-pillar-3-disclosure-document-2020.pdf	live	build_onesavings.py
https://www.oxbury.com/media/03rk55or/oxbury-2024-accounts-1pg.pdf	live	build_oxbury.py
https://www.oxbury.com/media/3yknkp3i/oxbury-bank-plc-pillar-3-2024.pdf	live	build_oxbury.py
https://www.oxbury.com/media/brmf2riv/annual-report-2022.pdf	live	build_oxbury.py
https://www.oxbury.com/media/dxeb3xqx/oxbury-bank-annual-accounts-31122023.pdf	live	build_oxbury.py
https://www.oxbury.com/media/e3xppqoe/2025-company-accounts.pdf	live	build_oxbury.py
https://www.oxbury.com/media/g5xibgrw/annual-report-2021.pdf	live	build_oxbury.py
https://www.oxbury.com/media/xttezclr/oxbury-bank-plc-pillar-3-2023-final.pdf	live	build_oxbury.py
https://www.oxbury.com/media/yqqdu010/oxbury-bank-plc-pillar-3-2025.pdf	live	build_oxbury.py
https://www.persiabank.co.uk/Pillar%203%202021%20v3.pdf	live	build_persia_international_bank.py
https://www.pnb.com.ph/europe/images/stories/docs/Pillar3_Disclosures_for_2015.pdf	live	build_philippine_national_bank_europe.py
https://www.pnb.com.ph/europe/images/stories/docs/Pillar3_Disclosures_for_2016.pdf	live	build_philippine_national_bank_europe.py
https://www.pnb.com.ph/europe/images/stories/docs/Pillar3_Disclosures_for_2017.pdf	live	build_philippine_national_bank_europe.py
https://www.pnb.com.ph/europe/images/stories/docs/Pillar3_Disclosures_for_2019.pdf	live	build_philippine_national_bank_europe.py
https://www.pnb.com.ph/storage/asset-libraries/Me1hxgtaSlrRs32Dvl6SIB1qgOfY1WbTDfGv2ZzQ.pdf	live	build_philippine_national_bank_europe.py
https://www.qib-uk.com/-/media/project/uk/files/finance-reports/pillar-3-disclosure-document--2025-approved.pdf	live	build_qib_uk.py
https://www.qib-uk.com/-/media/project/uk/files/finance-reports/pillar-3-disclosure-document-2020-board-approved-final.pdf	live	build_qib_uk.py
https://www.qib-uk.com/-/media/project/uk/files/finance-reports/pillar-3-disclosure-document-2023.pdf	live	build_qib_uk.py
https://www.qib-uk.com/-/media/project/uk/files/finance-reports/pillar-3-disclosure-document-31-december-2023.pdf	live	build_qib_uk.py
https://www.qib-uk.com/-/media/project/uk/files/finance-reports/pillar-3-disclosure-document-31-december-2024.pdf	live	build_qib_uk.py
https://www.qib-uk.com/-/media/project/uk/files/finance-reports/qib-uk-annual-report-2015.pdf	live	build_qib_uk.py
https://www.qib-uk.com/-/media/project/uk/files/finance-reports/qib-uk-annual-report-2016-eng-.pdf	live	build_qib_uk.py
https://www.qib-uk.com/wp-content/uploads/sites/2/2019/12/QIB-UK-Annual-Report-2017_Eng-.pdf	live	build_qib_uk.py
https://www.qib-uk.com/wp-content/uploads/sites/2/2019/12/QIB-UK-Annual-Report-2018-edited.pdf	live	build_qib_uk.py
https://www.qib-uk.com/wp-content/uploads/sites/2/2020/08/QIB-Annual-Report-UK-2019.pdf	live	build_qib_uk.py
https://www.qib-uk.com/wp-content/uploads/sites/2/2021/09/QIB-UK-Annual-Report-31-December-2020-v6-Signed.pdf	live	build_qib_uk.py
https://www.rathbones.com/sites/rathbones.com/files/results_and_presentations/files/31_december_2024_pillar_3_disclosures.pdf	live	build_rathbones.py
https://www.rbc.com/regulatory-information/_assets-custom/pdf/Pillar-III/2017_Pillar_III_Disclosure.pdf	live	build_rbc_europe.py
https://www.rbc.com/regulatory-information/_assets-custom/pdf/Pillar-III/2018-Pillar-III-Disclosure.pdf	live	build_rbc_europe.py
https://www.rbc.com/regulatory-information/_assets-custom/pdf/Pillar-III/2019-Pillar-III-Disclosure.pdf	live	build_rbc_europe.py
https://www.rbc.com/regulatory-information/_assets-custom/pdf/Pillar-III/2020-Pillar-III-Disclosure.pdf	live	build_rbc_europe.py
https://www.rbc.com/regulatory-information/_assets-custom/pdf/Pillar-III/2021-Interim-Pillar-III-Disclosure.pdf	live	build_rbc_europe.py
https://www.rbc.com/regulatory-information/_assets-custom/pdf/Pillar-III/2022-Interim-Pillar-III-Disclosure.pdf	live	build_rbc_europe.py
https://www.rbc.com/regulatory-information/_assets-custom/pdf/Pillar-III/2024-Q3-Pillar-III-Diclosure.pdf	live	build_rbc_europe.py
https://www.rbc.com/regulatory-information/_assets-custom/pdf/Pillar-III/2025-Q3-Pillar-III-Disclosure.pdf	live	build_rbc_europe.py
https://www.rbc.com/regulatory-information/_assets-custom/pdf/Pillar-III/2025-q1-pillar-iii-disclosure.pdf	live	build_rbc_europe.py
https://www.rbc.com/regulatory-information/_assets-custom/pdf/Pillar-III/2025-semi-annual-pillar-iii-disclosure.pdf	live	build_rbc_europe.py
https://www.rbc.com/regulatory-information/_assets-custom/pdf/Pillar-III/Pillar-Disclosure-2014.pdf	live	build_rbc_europe.py
https://www.rbc.com/regulatory-information/_assets-custom/pdf/Pillar-III/Pillar-Disclosure-2015.pdf	live	build_rbc_europe.py
https://www.rbc.com/regulatory-information/_assets-custom/pdf/Pillar-III/Pillar-Disclosure-2016.pdf	live	build_rbc_europe.py
https://www.rbc.com/regulatory-information/_assets-custom/pdf/Pillar-III/RBCEL-Annual-Pillar-3-2021.pdf	live	build_rbc_europe.py
https://www.rbc.com/regulatory-information/_assets-custom/pdf/Pillar-III/RBCEL-Annual-Pillar-3-2022.pdf	live	build_rbc_europe.py
https://www.rbc.com/regulatory-information/_assets-custom/pdf/Pillar-III/RBCEL-April-2023-Semi-Annual-Pillar3-Disclosures.pdf	live	build_rbc_europe.py
https://www.rbc.com/regulatory-information/_assets-custom/pdf/Pillar-III/RBCEL-Jan-2023-Pillar3-Disclosures.pdf	live	build_rbc_europe.py
https://www.rbc.com/regulatory-information/_assets-custom/pdf/Pillar-III/RBCEL-July2023-Pillar3-Disclosures.pdf	live	build_rbc_europe.py
https://www.rbc.com/regulatory-information/_assets-custom/pdf/Pillar-III/RBCEL-Pillar-3-Apr-24.pdf	live	build_rbc_europe.py
https://www.rbc.com/regulatory-information/_assets-custom/pdf/Pillar-III/RBCEL-Pillar-3-Jan-24.pdf	live	build_rbc_europe.py
https://www.rbc.com/regulatory-information/_assets-custom/pdf/Pillar-III/RBCEL-Pillar-3-Oct-23_Final_v2.pdf	live	build_rbc_europe.py
https://www.rbc.com/regulatory-information/_assets-custom/pdf/Pillar-III/rbcel-pillar-3-oct-24-final.pdf	live	build_rbc_europe.py
https://www.rbc.com/regulatory-information/_assets-custom/pdf/Pillar-III/rbcel-pillar-3-oct-25-final.pdf	live	build_rbc_europe.py
https://www.rcibank.co.uk/sites/default/files/2024-11/Pillar%20III%20Disclosures%20FY%202023%20-%20final%20%28external%20version%29%20signed%201_0.pdf	live	build_rci_bank_uk.py
https://www.rcibank.co.uk/sites/default/files/2025-12/Pillar%20III%20Disclosures%20FY%202024%20-%20External.pdf	live	build_rci_bank_uk.py
https://www.reliancebankltd.com/wp-content/uploads/2021/09/Reliance-Bank-Ltd-Annual-Accounts-for-the-year-ending-31March2020-1-1.pdf	live	build_reliance_bank.py
https://www.reliancebankltd.com/wp-content/uploads/2021/11/Reliance-Bank-Report-and-Accounts-for-the-year-ending-31March2021.pdf	live	build_reliance_bank.py
https://www.reliancebankltd.com/wp-content/uploads/2023/04/RBL-Pillar-3-Disclosures-31-March-2022-final-post-Board.pdf	live	build_reliance_bank.py
https://www.reliancebankltd.com/wp-content/uploads/2023/10/RBL-Pillar-3-Disclosures-31-March-2023-for-website-30Oct2023.pdf	live	build_reliance_bank.py
https://www.reliancebankltd.com/wp-content/uploads/2024/08/2024-07-23-Reliance-Bank-Report-and-Accounts-2024-Final_20-Aug.pdf	live	build_reliance_bank.py
https://www.reliancebankltd.com/wp-content/uploads/2025/07/Reliance-Bank-Report-and-Accounts-FINAL.pdf	live	build_reliance_bank.py
https://www.reliancebankltd.com/wp-content/uploads/2026/08/RBL-Annual-Accounts-31st-March-2026.pdf	live	build_reliance_bank.py
https://www.saderat-plc.com/Reports/Basel%20III%20Pillar%203%20Disclosures%202019.pdf	live	build_bank_saderat.py
https://www.saderat-plc.com/Reports/Pillar%203%20%20%20disclosures%202020%20ver%207.pdf	live	build_bank_saderat.py
https://www.saderat-plc.com/Reports/Pillar%203%20%20%20disclosures%202022.pdf	live	build_bank_saderat.py
https://www.saderat-plc.com/Reports/Pillar%203%20Disclosures%202023.pdf	live	build_bank_saderat.py
https://www.saderat-plc.com/Reports/Pillar%203%20disclosures%202021.pdf	live	build_bank_saderat.py
https://www.santander.co.uk/assets/s3fs-public/documents/2021_additional_capital_risk_management_disclosures.pdf	live	build_santander.py
https://www.santander.co.uk/assets/s3fs-public/documents/2022_cater_allen_limited_annual_report.pdf	live	build_cater_allen.py
https://www.santander.co.uk/assets/s3fs-public/documents/2025SantanderUKACRMD.pdf	live	build_santander.py
https://www.santander.co.uk/assets/s3fs-public/documents/ACRMD%20FINAL_Dec%2024.pdf	live	build_santander.py
https://www.santander.co.uk/assets/s3fs-public/documents/Cater%20Allen%20Limited%202024%20-%20Signed.pdf	live	build_cater_allen.py
https://www.santander.co.uk/assets/s3fs-public/documents/Santander%20Financial%20Services%20plc%202024%20Annual%20Report.pdf	live	build_santander_financial_services.py
https://www.santander.co.uk/assets/s3fs-public/documents/SantanderUKplc2025AnnualReport.pdf	live	build_santander.py
https://www.santander.co.uk/assets/s3fs-public/documents/cater_allen_limited.pdf	live	build_cater_allen.py
https://www.santander.co.uk/assets/s3fs-public/documents/santander_financial_services_plc_2022_annual_report.pdf	live	build_santander_financial_services.py
https://www.santander.co.uk/assets/s3fs-public/documents/santander_uk_acrmd_2020_0.pdf	live	build_santander.py
https://www.santander.co.uk/assets/s3fs-public/documents/santander_uk_acrmd_2023.pdf	live	build_santander.py
https://www.santander.co.uk/assets/s3fs-public/documents/santander_uk_additional_capital_and_risk_management_disclosures_2022.pdf	live	build_santander.py
https://www.santander.co.uk/assets/s3fs-public/documents/santander_uk_plc_2020_annual_report.pdf	live	build_santander.py
https://www.santander.co.uk/assets/s3fs-public/documents/santander_uk_plc_annual_report_2022.pdf	live	build_santander.py
https://www.santander.co.uk/assets/s3fs-public/documents/santander_uk_plc_annual_report_2023.pdf	live	build_santander.py
https://www.santander.co.uk/assets/s3fs-public/documents/sfs_2020_annual_report.pdf	live	build_santander_financial_services.py
https://www.santander.co.uk/assets/s3fs-public/documents/sfs_2021_annual_report.pdf	live	build_santander_financial_services.py
https://www.santander.co.uk/assets/s3fs-public/documents/sfs_annual_report_2023.pdf	live	build_santander_financial_services.py
https://www.sc.com/EN/uploads/sites/66/content/docs/sc-bank-2021-results.pdf	live	build_standard_chartered_bank.py
https://www.sc.com/EN/uploads/sites/66/content/docs/sc-bank-2023-annual-report.pdf	live	build_standard_chartered_bank.py
https://www.sc.com/en/uploads/sites/66/content/docs/sc-bank-2022-annual-report.pdf	live	build_standard_chartered_bank.py
https://www.sc.com/en/uploads/sites/66/content/docs/sc-bank-2024-results.pdf	live	build_standard_chartered_bank.py
https://www.sc.com/en/uploads/sites/66/content/docs/sc-bank-2025-report.pdf	live	build_standard_chartered_bank.py
https://www.sc.com/en/uploads/sites/66/content/docs/standard-chartered-plc-full-year-2024-pillar3-disclosure.pdf	live	build_standard_chartered_bank.py
https://www.sc.com/en/uploads/sites/66/content/docs/standard-chartered-plc-full-year-2025-pillar3-disclosure.pdf	live	build_standard_chartered_bank.py
https://www.sc.com/en/uploads/sites/66/content/docs/standard_chartered_plc_pillar3_full_year_2022_report.pdf	live	build_standard_chartered_bank.py
https://www.sc.com/en/uploads/sites/66/content/docs/standard_chartered_plc_pillar3_full_year_2023_report.pdf	live	build_standard_chartered_bank.py
https://www.shawbrook.co.uk/media/1lhngswy/shawbrook-pillar-3-disclosures-2016.pdf	live	build_shawbrook.py
https://www.shawbrook.co.uk/media/2azlz2vz/shawbrook-pillar-3-disclosures-2019.pdf	live	build_shawbrook.py
https://www.shawbrook.co.uk/media/3lifgtxe/shawbrook-pillar-3-disclosures-2017.pdf	live	build_shawbrook.py
https://www.shawbrook.co.uk/media/bvvovq0d/shawbrook-bank-limited-annual-report-2020.pdf	live	build_shawbrook.py
https://www.shawbrook.co.uk/media/ft4eulfp/shawbrook-bank-ara-2021.pdf	live	build_shawbrook.py
https://www.shawbrook.co.uk/media/hlbpmnjm/pillar-3-2021.pdf	live	build_shawbrook.py
https://www.shawbrook.co.uk/media/iflapcxl/shawbrook-bank-ltd-annual-report-and-accounts-2023.pdf	live	build_shawbrook.py
https://www.shawbrook.co.uk/media/jhujcnzh/shawbrook-bank-limited-2024-annual-report-accounts.pdf	live	build_shawbrook.py
https://www.shawbrook.co.uk/media/kfnfg0oe/shawbrook-pillar-3-disclosures-2018.pdf	live	build_shawbrook.py
https://www.shawbrook.co.uk/media/pljhf2fo/2022-shawbrook-pillar-3-disclosures.pdf	live	build_shawbrook.py
https://www.shawbrook.co.uk/media/pqtkvwzv/sb-limited-ara-2019.pdf	live	build_shawbrook.py
https://www.shawbrook.co.uk/media/qsxpg41l/shawbrook-pillar-3-disclosures-2014.pdf	live	build_shawbrook.py
https://www.shawbrook.co.uk/media/rzpdavyj/shawbrook-2024-pillar-3-disclosures.pdf	live	build_shawbrook.py
https://www.shawbrook.co.uk/media/vkkpos4a/shawbrook-bank-limited-2025-annual-report-accounts.pdf	live	build_shawbrook.py
https://www.shawbrook.co.uk/media/w5chxn4q/shawbrook-pillar-3-disclosures-2025.pdf	live	build_shawbrook.py
https://www.shawbrook.co.uk/media/wdvhqxsn/shawbrook-pillar-3-disclosures-2015.pdf	live	build_shawbrook.py
https://www.shawbrook.co.uk/media/wrpglj2h/shawbrook-pillar-3-disclosures-2023.pdf	live	build_shawbrook.py
https://www.shawbrook.co.uk/media/wttf0kdt/2022-shawbrook-bank-limited-annual-report-and-accounts.pdf	live	build_shawbrook.py
https://www.shawbrook.co.uk/media/xexpjjkq/shawbrook-pillar-3-disclosures-2020.pdf	live	build_shawbrook.py
https://www.smbcgroup.com/emea/getmedia/0af76b74-dc6f-4e12-abb8-e87fa2855a03/SMBC_Bank_3-Pillar-Disclosures_260707_Master-v2.pdf	live	build_smbc.py
https://www.smbcgroup.com/emea/getmedia/0d5f0926-6436-48ef-a708-377fa7898591/SMBC-BI-Pillar-3-Dec-25-v3.pdf	live	build_smbc.py
https://www.smbcgroup.com/emea/getmedia/28eec268-62ab-4d64-b597-02b7f918c767/smbcbi-annual-report-2025.pdf	live	build_smbc.py
https://www.smbcgroup.com/emea/getmedia/97fab1b7-9060-4cfe-93c7-09d3172181ac/SMBC-BI-Pillar-3-June-25.pdf	live	build_smbc.py
https://www.smbcgroup.com/emea/getmedia/bd6c0013-d139-4ba1-913c-96bbd44efe1f/SMBC-BI-Pillar-3-Sept-25.pdf	live	build_smbc.py
https://www.starlingbank.com/docs/annual-reports/Pillar3-2021.pdf	live	build_starling.py
https://www.starlingbank.com/docs/annual-reports/Pillar3-2022.pdf	live	build_starling.py
https://www.starlingbank.com/docs/annual-reports/Pillar3-2023.pdf	live	build_starling.py
https://www.starlingbank.com/docs/annual-reports/Pillar3-2024.pdf	live	build_starling.py
https://www.starlingbank.com/docs/annual-reports/Pillar3-2025.pdf	live	build_starling.py
https://www.starlingbank.com/docs/annual-reports/Pillar3-2026.pdf	live	build_starling.py
https://www.starlingbank.com/docs/annual-reports/Starling-Bank-Annual-Report-2019-18.pdf	live	build_starling.py
https://www.starlingbank.com/docs/annual-reports/Starling-Bank-Annual-Report-2019-21.pdf	live	build_starling.py
https://www.starlingbank.com/docs/annual-reports/Starling-Bank-Annual-Report-2022.pdf	live	build_starling.py
https://www.starlingbank.com/docs/annual-reports/Starling-Bank-Annual-Report-2023.pdf	live	build_starling.py
https://www.starlingbank.com/docs/annual-reports/Starling-Bank-Annual-Report-2025.pdf	live	build_starling.py
https://www.starlingbank.com/docs/annual-reports/Starling-Group-Annual-Report-2026.pdf	live	build_starling.py
https://www.starlingbank.com/docs/annual-reports/Starling-bank-annual-report-2016-17.pdf	live	build_starling.py
https://www.starlingbank.com/docs/annual-reports/Starling-bank-annual-report-2017-18.pdf	live	build_starling.py
https://www.triodos.co.uk/binaries/content/assets/tbuk/press-and-media-page/triodos-bank-uk-2020-pillar-3-report.pdf	live	build_triodos.py
https://www.triodos.co.uk/binaries/content/assets/tbuk/press-and-media-page/triodos-bank-uk-2022-pillar-3-report.pdf	live	build_triodos.py
https://www.triodos.co.uk/binaries/content/assets/tbuk/press-and-media-page/triodos-bank-uk-2023-pillar-3-report.pdf	live	build_triodos.py
https://www.triodos.co.uk/binaries/content/assets/tbuk/press-and-media-page/triodos-bank-uk-2024-pillar-3.pdf	live	build_triodos.py
https://www.tsb.co.uk/content/dam/tsb-public/documents/investors/financial-results-and-reports/2014/TSB-Pillar-3-2014,0.pdf	live	build_tsb.py
https://www.tsb.co.uk/content/dam/tsb-public/documents/investors/financial-results-and-reports/2015/tsb-2015-annual-report.pdf	live	build_tsb.py
https://www.tsb.co.uk/content/dam/tsb-public/documents/investors/financial-results-and-reports/2016/tsb-2016-results.pdf	live	build_tsb.py
https://www.tsb.co.uk/content/dam/tsb-public/documents/investors/financial-results-and-reports/2016/tsb-material-subsidiary-2016.pdf	live	build_tsb.py
https://www.tsb.co.uk/content/dam/tsb-public/documents/investors/financial-results-and-reports/2017/tsb-bank-ara-2017.pdf	live	build_tsb.py
https://www.tsb.co.uk/content/dam/tsb-public/documents/investors/financial-results-and-reports/2017/tsb-banking-group-annual-report-2017.pdf	live	build_tsb.py
https://www.tsb.co.uk/content/dam/tsb-public/documents/investors/financial-results-and-reports/2018/tsb-bank-ara-2018.pdf	live	build_tsb.py
https://www.tsb.co.uk/content/dam/tsb-public/documents/investors/financial-results-and-reports/2018/tsb-banking-group-ara-2018.pdf	live	build_tsb.py
https://www.tsb.co.uk/content/dam/tsb-public/documents/investors/financial-results-and-reports/2020/tsb-bank-ara-2020.pdf	live	build_tsb.py
https://www.tsb.co.uk/content/dam/tsb-public/documents/investors/financial-results-and-reports/2021/tsb-bank-ara-2021.pdf	live	build_tsb.py
https://www.tsb.co.uk/content/dam/tsb-public/documents/investors/financial-results-and-reports/2023/TSB-Bank-2023.pdf	live	build_tsb.py
https://www.tsb.co.uk/content/dam/tsb-public/documents/investors/financial-results-and-reports/2024/TSB-Bank-ARA-2024.pdf	live	build_tsb.py
https://www.tsb.co.uk/content/dam/tsb-public/documents/investors/financial-results-and-reports/2025/TSB-Bank-ARA-2025.pdf	live	build_tsb.py
https://www.tsb.co.uk/content/dam/tsb-public/documents/investors/rns/TSB-Large-Subsidiary-Disclosure-2021.pdf	live	build_tsb.py
https://www.tsb.co.uk/content/dam/tsb-public/documents/investors/rns/TSB-Large-subsidiary-Disclosure-2022.pdf	live	build_tsb.py
https://www.tsb.co.uk/content/dam/tsb-public/documents/investors/rns/TSB-Large-subsidiary-Disclosure-2024.pdf	live	build_tsb.py
https://www.tsb.co.uk/content/dam/tsb-public/documents/investors/rns/TSB-Significant-Subsidiary-Disclosure-2020.pdf	live	build_tsb.py
https://www.tsb.co.uk/content/dam/tsb-public/documents/investors/rns/TSB-large-subsidiary-disclosure-2023.pdf	live	build_tsb.py
https://www.tsb.co.uk/content/dam/tsb-public/documents/investors/rns/tsb-large-subsidiary-disclosure-2025.pdf	live	build_tsb.py
https://www.tsb.co.uk/investors/results-and-reports/TSB-Significant-Subsidiary-Disclosures-2015.pdf	live	build_tsb.py
https://www.turkishbank.co.uk/wp-content/uploads/2022/07/21TBUK-Financial-Statements-reported-to-AGM-signed.pdf	live	build_turkish_bank.py
https://www.turkishbank.co.uk/wp-content/uploads/2023/05/FY22TBUK-Financial-Statements-Signed-for-AGM-signed.pdf	live	build_turkish_bank.py
https://www.turkishbank.co.uk/wp-content/uploads/2024/07/FY23TBUK-Financial-Statements-Signed.pdf	live	build_turkish_bank.py
https://www.turkishbank.co.uk/wp-content/uploads/2025/04/FINANCIAL-STATEMENTS-31122024-FINAL_SIGNED.pdf	live	build_turkish_bank.py
https://www.turkishbank.co.uk/wp-content/uploads/2026/02/PILLAR-3-DISCLOSURE.pdf	live	build_turkish_bank.py
https://www.turkishbank.co.uk/wp-content/uploads/2026/04/Financial-Statements-TBUK-signed.pdf	live	build_turkish_bank.py
https://www.ubagroup.com/uk/wp-content/uploads/sites/29/2019/07/UBA-UK-Ltd-Report-and-Accts-31-Dec-2018.pdf	live	build_uba_uk.py
https://www.ubagroup.com/uk/wp-content/uploads/sites/29/2019/11/UBA-UK-Pillar-3-Disclosures-31-Dec-2018-3.pdf	live	build_uba_uk.py
https://www.ubauk.com/wp-content/uploads/sites/29/2018/10/UBA-UK-FIN-Ann-Rpt-and-Accts-31-Dec-2020-009-1.pdf	live	build_uba_uk.py
https://www.ubauk.com/wp-content/uploads/sites/29/2018/10/uba-uk-pillar-3-disclosures-31-dec-2020.pdf	live	build_uba_uk.py
https://www.ubauk.com/wp-content/uploads/sites/29/2023/08/UBA-UK-Pillar-3-Disclosures-31-Dec-2022_final-clean-trotter-comments.1-1.pdf	live	build_uba_uk.py
https://www.ubauk.com/wp-content/uploads/sites/29/2023/09/UBA-UK-FIN-A-Ann-Rpt-and-Accts-31-Dec-2022.pdf	live	build_uba_uk.py
https://www.ubauk.com/wp-content/uploads/sites/29/2025/07/UBA-UK-2024-AR-1.pdf	live	build_uba_uk.py
https://www.ubauk.com/wp-content/uploads/sites/29/2026/05/UBA-UK-Pillar-3-Disclosures-31-Dec-2024.pdf	live	build_uba_uk.py
https://www.ubluk.com/media/lupbssja/annual-report-unb-2023-pillar3-final-approved.pdf	live	build_united_national.py
https://www.ubluk.com/media/sr5puvji/unb-2024-pillar3-approved-finalplusamended.pdf	live	build_united_national.py
https://www.ubluk.com/media/vsvfbmui/pillar260825.pdf	live	build_united_national.py
https://www.ubp.com/files/live/sites/ubp/files/documents/legal/ubp-uk/SGKH_2024-P3-disclosures.pdf	live	build_union_bancaire_privee_uk.py
https://www.ubp.com/files/live/sites/ubp/files/documents/legal/ubp-uk/UBP_2022_P3_disclosures.pdf	live	build_union_bancaire_privee_uk.py
https://www.ubp.com/files/live/sites/ubp/files/documents/legal/ubp-uk/UBP_2023_P3_disclosures.pdf	live	build_union_bancaire_privee_uk.py
https://www.utbank.co.uk/wp-content/uploads/2021/05/UTB_Pillar3_Disclosure_2020.pdf	live	build_united_trust_bank.py
https://www.utbank.co.uk/wp-content/uploads/2023/03/UTB-Partners-Pillar-3-Disclosure-2022-.pdf	live	build_united_trust_bank.py
https://www.utbank.co.uk/wp-content/uploads/2024/03/UTB-Partners-Pillar-3-Disclosure-2023.pdf	live	build_united_trust_bank.py
https://www.utbank.co.uk/wp-content/uploads/2025/03/UTB-Partners-Pillar-3-Disclosure-2024.pdf	live	build_united_trust_bank.py
https://www.utbank.co.uk/wp-content/uploads/2025/03/UTB-Report-and-Accounts-2024.pdf	live	build_united_trust_bank.py
https://www.utbank.co.uk/wp-content/uploads/2026/03/UTB-Partners-Pillar-3-Disclosure-2025.pdf	live	build_united_trust_bank.py
https://www.vanquis.com/wp-content/uploads/2025/05/04-04-24_Pillar-3-Disclosures-2023.pdf	live	build_vanquis.py
https://www.vanquis.com/wp-content/uploads/2025/05/Provident_Financial_plc_Pillar_3_Disclosures_2021.pdf	live	build_vanquis.py
https://www.vanquis.com/wp-content/uploads/2025/05/Vanquis_Bank_Ltd_31_12_2021_Signed.pdf	live	build_vanquis.py
https://www.vanquis.com/wp-content/uploads/2025/05/Vanquis_Banking_Group_plc_Pillar_3_Disclosures_2024.pdf	live	build_vanquis.py
https://www.vanquis.com/wp-content/uploads/2026/02/DEC25_VANQ_Pillar-3-Disclosure_Annual_FINAL.pdf	live	build_vanquis.py
https://www.vanquis.com/wp-content/uploads/2026/03/VBL-stats-2025-FINAL-Fully-Signed.pdf	live	build_vanquis.py
https://www.vidabank.co.uk/media/emghy4z2/annual-report-and-accounts-2024-company.pdf	live	build_vida.py
https://www.vidabank.co.uk/media/mucbqgwi/vghl-pillar-3-report-2024-final.pdf	live	build_vida.py
https://www.vidabank.co.uk/media/od2lpxc0/vghl-pillar-3-report-2025-final.pdf	live	build_vida.py
https://www.vidabank.co.uk/media/p3wau0ms/annual-report-and-accounts-2021.pdf	live	build_vida.py
https://www.vidabank.co.uk/media/pkmnxlqg/annual-report-and-accounts-2025-company.pdf	live	build_vida.py
https://www.vidabank.co.uk/media/zhoj0swe/annual-report-and-accounts-2023.pdf	live	build_vida.py
https://www.virginmoneyukplc.com/downloads/pdf/cb-2026-pillar-3-report.pdf	live	build_clydesdale.py
https://www.virginmoneyukplc.com/downloads/pdf/cb-ara-2014.pdf	live	build_clydesdale.py
https://www.virginmoneyukplc.com/downloads/pdf/cb-ara-2015.pdf	live	build_clydesdale.py
https://www.virginmoneyukplc.com/downloads/pdf/cb-ara-2016.pdf	live	build_clydesdale.py
https://www.virginmoneyukplc.com/downloads/pdf/cb-ara-2017.pdf	live	build_clydesdale.py
https://www.virginmoneyukplc.com/downloads/pdf/cb-ara-2018.pdf	live	build_clydesdale.py
https://www.virginmoneyukplc.com/downloads/pdf/cb-ara-2019.pdf	live	build_clydesdale.py
https://www.virginmoneyukplc.com/downloads/pdf/cb-ara-2020.pdf	live	build_clydesdale.py
https://www.virginmoneyukplc.com/downloads/pdf/cb-ara-2021.pdf	live	build_clydesdale.py
https://www.virginmoneyukplc.com/downloads/pdf/cb-ara-2025-signed.pdf	live	build_clydesdale.py
https://www.virginmoneyukplc.com/downloads/pdf/cb-ara-2026-signed.pdf	live	build_clydesdale.py
https://www.virginmoneyukplc.com/downloads/pdf/cbplc-2022-ar-cfs.pdf	live	build_clydesdale.py
https://www.virginmoneyukplc.com/downloads/pdf/cbplc-2023-ar-cfs.pdf	live	build_clydesdale.py
https://www.virginmoneyukplc.com/downloads/pdf/vm-pillar-3-2021.pdf	live	build_clydesdale.py
https://www.virginmoneyukplc.com/downloads/pdf/vmukplc-2022-pillar-3-report.pdf	live	build_clydesdale.py
https://www.virginmoneyukplc.com/downloads/pdf/vmukplc-2023-pillar-3-report.pdf	live	build_clydesdale.py
https://www.virginmoneyukplc.com/downloads/pdf/vmukplc-2025-pillar-3-report.pdf	live	build_clydesdale.py
https://www.weatherbys.bank/app/uploads/2021/08/Pillar3-2020.pdf	live	build_weatherbys.py
https://www.weatherbys.bank/app/uploads/2022/05/Pillar-3-2021-v2.0-Weatherbys-Bank.pdf	live	build_weatherbys.py
https://www.weatherbys.bank/app/uploads/2023/05/Weatherbys-Banking-Group-Annual_Report-2022.pdf	live	build_weatherbys.py
https://www.weatherbys.bank/app/uploads/2024/05/Weatherbys-Banking-Group-Annual-Report-2023.pdf	live	build_weatherbys.py
https://www.weatherbys.bank/app/uploads/2025/04/Weatherbys-Bank-Pillar-3-Disclosures-2024.pdf	live	build_weatherbys.py
https://www.weatherbys.bank/app/uploads/2025/04/Weatherbys-Banking-Group-Annual-Report-2024.pdf	live	build_weatherbys.py
https://www.weatherbys.bank/app/uploads/2026/05/Weatherbys-Banking-Group-Annual-report-2025.pdf	live	build_weatherbys.py
https://www.zemplerbank.com/media/5qxdezfu/annual-report-2025-final.pdf	live	build_zempler.py
https://www.zemplerbank.com/media/f3vjwqov/pillar-3-fy2022-23.pdf	live	build_zempler.py
https://www.zemplerbank.com/media/hfllow3d/pillar-3-fy2025-26-final.pdf	live	build_zempler.py
https://www.zemplerbank.com/media/mszljzed/pillar-3-fy2023-24.pdf	live	build_zempler.py
https://www.zemplerbank.com/media/x5sbu2bc/annual-report-2023-010923.pdf	live	build_zempler.py
https://www.zemplerbank.com/media/yqkhclip/annual-report-2026-final.pdf	live	build_zempler.py
