bank,year,roe_pct_avg_equity,roe_pct_year_end,roa_pct,profit_after_tax,total_equity,total_assets,equity_prior_year,unit,profit_row_label,equity_row_label,assets_row_label,published_roe_pct,published_roe_measure,aggregator_roe_pct,aggregator_roa_pct,aggregator_url,delta_computed_minus_published_pp,gap_reason,roe_caveat,period_or_entity_flag,pl_year_label
ABC INTERNATIONAL BANK,FY2025,5.49,5.43,0.9,32616.0,601054.0,3628416.0,586474.0,£'000,Profit for the year attributable to owners,Total equity,Total assets,,,,,,,,,,FY2025 (£'000)
ABC INTERNATIONAL BANK,FY2024,5.91,5.82,0.98,34113.0,586474.0,3487130.0,568132.0,£'000,Profit for the year attributable to owners,Total equity,Total assets,5.89,ROE,,,,0.02,,,,FY2024 (£'000)
ABC INTERNATIONAL BANK,FY2023,5.04,4.93,0.88,28022.0,568132.0,3197291.0,543701.0,£'000,Profit for the year attributable to owners,Total equity,Total assets,,,,,,,,,,FY2023 (£'000)
ABC INTERNATIONAL BANK,FY2022,4.1,4.06,0.7,22069.0,543701.0,3150890.0,534131.0,£'000,Profit for the year attributable to owners,Total equity,Total assets,,,,,,,,,,FY2022 (£'000)
ABC INTERNATIONAL BANK,FY2021,4.9,4.74,0.9,25344.0,534131.0,2805879.0,501167.0,£'000,Profit for the year attributable to owners,Total equity,Total assets,,,,,,,,,,FY2021 (£'000)
ACCESS BANK UK,FY2025,11.44,9.92,2.21,84643.4,853251.0,3826593.5,627171.1,"£'000, conv. from USD",Profit after tax expense for the year,Total equity,Total assets,,,,,,,,,,"FY2025 (£'000, conv. from USD)"
ACCESS BANK UK,FY2024,17.18,15.93,2.04,99927.1,627171.1,4894450.4,535897.1,"£'000, conv. from USD",Profit after tax expense for the year,Total equity,Total assets,17.23,ROE,17.23,2.4,https://thebanks.eu/banks/17766,-0.05,,,,"FY2024 (£'000, conv. from USD)"
ACCESS BANK UK,FY2023,19.16,16.84,2.6,90221.9,535897.1,3474169.2,405955.2,"£'000, conv. from USD",Profit after tax expense for the year,Total equity,Total assets,,,,,,,,,,"FY2023 (£'000, conv. from USD)"
ACCESS BANK UK,FY2022,10.67,9.03,1.18,36669.1,405955.2,3115077.7,281638.0,"£'000, conv. from USD",Profit after tax expense for the year,Total equity,Total assets,,,,,,,,,,"FY2022 (£'000, conv. from USD)"
ACCESS BANK UK,FY2021,11.1,10.46,1.29,29447.0,281638.0,2281453.7,249045.8,"£'000, conv. from USD",Profit after tax expense for the year,Total equity,Total assets,,,,,,,,,,"FY2021 (£'000, conv. from USD)"
AFIN BANK,FY2025,-52.97,-43.94,-23.25,-10238793.0,23302495.0,44037548.0,15359865.0,£,Loss for the year,Total equity,Total assets,,,,,,,,,,FY2025 (£)
AFIN BANK,FY2024,-75.89,-40.32,-35.54,-6193551.0,15359865.0,17427943.0,962179.0,£,Loss for the year,Total equity,Total assets,,,,,,,,,,FY2024 (£)
AFIN BANK,FY2023,-381.95,-183.87,-130.78,-1769188.0,962179.0,1352794.0,-35786.0,£,Loss for the year,Total equity,Total assets,,,,,,,,equity changed sign between the two year-ends - the average-equity denominator passes through zero and the ratio is not interpretable,,FY2023 (£)
AFIN BANK,FY2022,-7361.83,1135.97,-2793.57,-406520.0,-35786.0,14552.0,46830.0,£,Loss for the year,Total equity,Total assets,,,,,,,,equity changed sign between the two year-ends - the average-equity denominator passes through zero and the ratio is not interpretable,,FY2022 (£)
AFIN BANK,FY2021,,,,,46830.0,106367.0,,£,Loss for the year,Total equity,Total assets,,,,,,,profit after tax not matched,,,FY2021 (£)
AIB GROUP UK,FY2025,12.69,12.15,2.3,237.0,1951.0,10304.0,1783.0,£m,Profit for the year,Total shareholders' equity,Total assets,,,,,,,,,,FY2025 (£m)
AIB GROUP UK,FY2024,10.66,10.54,1.91,188.0,1783.0,9820.0,1743.0,£m,Profit for the year,Total shareholders' equity,Total assets,10.04,ROE,,,,0.62,,,,FY2024 (£m)
AIB GROUP UK,FY2023,15.84,15.43,2.7,269.0,1743.0,9969.0,1654.0,£m,Profit for the year,Total shareholders' equity,Total assets,,,,,,,,,,FY2023 (£m)
AIB GROUP UK,FY2022,6.67,6.95,1.06,115.0,1654.0,10875.0,1792.0,£m,Profit for the year,Total shareholders' equity,Total assets,,,,,,,,,,FY2022 (£m)
AIB GROUP UK,FY2021,,9.49,1.34,170.0,1792.0,12688.0,,£m,Profit for the year,Total shareholders' equity,Total assets,,,,,,,average-equity basis needs the prior year; year-end basis given,,,FY2021 (£m)
ALDERMORE,FY2025,11.31,10.78,0.79,163.2,1514.6,20618.2,1371.8,£m,Profit after taxation — attributable to equity holders of the Company/Bank,Total equity,Total assets,7.7,ROE,,,,3.61,,,,FY2025 (y/e 30 Jun 25) (£m)
ALDERMORE,FY2024,12.51,11.82,0.8,162.1,1371.8,20195.5,1219.0,£m,Profit after taxation — attributable to equity holders of the Company/Bank,Total equity,Total assets,,,12.51,0.83,https://thebanks.eu/banks/14456,,,,,FY2024 (y/e 30 Jun 24) (£m)
ALDERMORE,FY2023,11.15,10.6,0.68,129.2,1219.0,19051.7,1098.6,£m,Profit after taxation — attributable to equity holders of the Company/Bank,Total equity,Total assets,11.9,ROE,,,,-0.75,,,,FY2023 (y/e 30 Jun 23) (£m)
ALDERMORE,FY2022,11.32,10.74,0.68,118.0,1098.6,17290.8,987.1,£m,Profit after taxation — attributable to equity holders of the Company/Bank,Total equity,Total assets,12.1,ROE,,,,-0.78,,,,FY2022 (y/e 30 Jun 22) (£m)
ALDERMORE,FY2021,9.48,9.05,0.57,89.3,987.1,15583.0,896.2,£m,Profit after taxation — attributable to equity holders of the Company/Bank,Total equity,Total assets,,,,,,,,,,FY2021 (y/e 30 Jun 21) (£m)
ALLICA,FY2025,6.82,6.44,0.44,27.3,424.0,6268.9,376.7,£m,Profit/(loss) after tax for the year,Total equity,Total assets,,,,,,,,,,FY2025 (£m)
ALLICA,FY2024,9.09,7.91,0.6,29.8,376.7,4934.5,279.142,£m,Profit/(loss) after tax for the year,Total equity,Total assets,8.85,ROE,,,,0.24,,,,FY2024 (£m)
ALLICA,FY2023,7.84,6.86,0.65,19.15,279.142,2958.919,209.271,£m,Profit/(loss) after tax for the year,Total equity,Total assets,,,,,,,,,,FY2023 (£m)
ALLICA,FY2022,3.76,2.69,0.32,5.623,209.271,1762.47,89.883,£m,Profit/(loss) after tax for the year,Total equity,Total assets,,,,,,,,,,FY2022 (£m)
ALLICA,FY2021,-34.24,-27.88,-2.64,-25.058,89.883,950.207,56.488,£m,Profit/(loss) after tax for the year,Total equity,Total assets,,,,,,,,,,FY2021 (£m)
ALPHA BANK LONDON,FY2025,-1.21,-1.21,-0.15,-820.0,67549.0,547316.0,68382.0,£'000,(Loss)/Profit after tax,Total equity,Total assets,,,,,,,,,,FY2025 (£'000)
ALPHA BANK LONDON,FY2024,3.5,3.44,0.49,2355.0,68382.0,485136.0,66003.0,£'000,(Loss)/Profit after tax,Total equity,Total assets,3.5,ROE,,,,0.0,,,,FY2024 (£'000)
ALPHA BANK LONDON,FY2023,10.07,9.58,1.39,6320.0,66003.0,453075.0,59534.0,£'000,(Loss)/Profit after tax,Total equity,Total assets,,,,,,,,,,FY2023 (£'000)
ALPHA BANK LONDON,FY2022,5.81,5.66,0.73,3367.0,59534.0,463872.0,56370.0,£'000,(Loss)/Profit after tax,Total equity,Total assets,,,,,,,,,,FY2022 (£'000)
ALPHA BANK LONDON,FY2021,2.71,2.67,0.28,1504.0,56370.0,530496.0,54785.0,£'000,(Loss)/Profit after tax,Total equity,Total assets,,,,,,,,,,FY2021 (£'000)
ALRAYAN BANK,FY2025,7.85,7.56,0.57,17681.0,234003.0,3125432.0,216474.0,£'000s,Profit for the financial year,Total equity,Total assets,10.47,ROE,,,,-2.62,,,,FY2025 (£'000s)
ALRAYAN BANK,FY2024,8.61,8.18,0.62,17717.0,216474.0,2835724.0,195138.0,£'000s,Profit for the financial year,Total equity,Total assets,11.4,ROE,8.61,0.66,https://thebanks.eu/banks/14556,-2.79,,,,FY2024 (£'000s)
ALRAYAN BANK,FY2023,12.71,11.8,0.92,23028.0,195138.0,2493218.0,167315.0,£'000s,Profit for the financial year,Total equity,Total assets,12.6,ROE,,,,0.11,,,,FY2023 (£'000s)
ALRAYAN BANK,FY2022,10.17,9.86,0.69,16500.0,167315.0,2400294.0,157311.0,£'000s,Profit for the financial year,Total equity,Total assets,12.82,ROE,,,,-2.65,,,,FY2022 (£'000s)
ALRAYAN BANK,FY2021,5.86,5.72,0.4,9003.0,157311.0,2258891.0,150056.0,£'000s,Profit for the financial year,Total equity,Total assets,6.26,ROE,,,,-0.4,,,,FY2021 (£'000s)
ARAB BANK EUROPE,FY2025,5.02,4.73,0.6,14205.5,300560.5,2374415.9,265446.7,"£'000, conv. from EUR",Profit for the year,Total equity,Total assets,,,,,,,,,,"FY2025 (£'000, conv. from EUR)"
ARAB BANK EUROPE,FY2024,5.37,5.37,0.69,14266.7,265446.7,2058247.0,265457.1,"£'000, conv. from EUR",Profit for the year,Total equity,Total assets,,,,,,,,,,"FY2024 (£'000, conv. from EUR)"
ARAB BANK EUROPE,FY2023,3.68,3.65,0.5,9698.8,265457.1,1944501.3,262351.7,"£'000, conv. from EUR",Profit for the year,Total equity,Total assets,,,,,,,,,,"FY2023 (£'000, conv. from EUR)"
ARAB BANK EUROPE,FY2022,4.17,4.04,0.55,10596.6,262351.7,1918129.8,246273.6,"£'000, conv. from EUR",Profit for the year,Total equity,Total assets,,,,,,,,,,"FY2022 (£'000, conv. from EUR)"
ARAB BANK EUROPE,FY2021,,0.27,0.03,654.5,246273.6,1901112.8,,"£'000, conv. from EUR",Profit for the year,Total equity,Total assets,,,,,,,average-equity basis needs the prior year; year-end basis given,,,"FY2021 (£'000, conv. from EUR)"
ARBUTHNOT LATHAM,FY2025,7.93,7.81,0.44,22065.0,282447.0,5006700.0,273773.0,£'000,Profit/(loss) for the year,Total equity,Total assets,,,,,,,,,,FY2025 (£'000)
ARBUTHNOT LATHAM,FY2024,11.15,10.87,0.63,29751.0,273773.0,4733958.0,259686.0,£'000,Profit/(loss) for the year,Total equity,Total assets,,,,,,,,,,FY2024 (£'000)
ARBUTHNOT LATHAM,FY2023,16.04,14.9,0.89,38683.0,259686.0,4349764.0,222537.0,£'000,Profit/(loss) for the year,Total equity,Total assets,,,,,,,,,,FY2023 (£'000)
ARBUTHNOT LATHAM,FY2022,8.26,8.03,0.49,17863.0,222537.0,3628546.0,210024.0,£'000,Profit/(loss) for the year,Total equity,Total assets,,,,,,,,,,FY2022 (£'000)
ARBUTHNOT LATHAM,FY2021,,3.23,0.2,6791.0,210024.0,3373371.0,,£'000,Profit/(loss) for the year,Total equity,Total assets,,,,,,,average-equity basis needs the prior year; year-end basis given,,,FY2021 (£'000)
ATOM BANK,FY2025,4.08,3.97,0.19,16900.0,425200.0,8990900.0,403800.0,£'000,Profit/(loss) for the year,Total equity,Total assets,,,,,,,,,,FY2025 (£'000)
ATOM BANK,FY2024,3.57,3.05,0.17,12300.0,403800.0,7224900.0,284631.0,£'000,Profit/(loss) for the year,Total equity,Total assets,3.57,ROE,,,,0.0,,,,FY2024 (£'000)
ATOM BANK,FY2023,-2.1,-1.98,-0.07,-5623.0,284631.0,7801381.0,251094.0,£'000,Profit/(loss) for the year,Total equity,Total assets,,,,,,,,,,FY2023 (£'000)
ATOM BANK,FY2022,-6.08,-4.75,-0.26,-11927.0,251094.0,4558515.0,141330.0,£'000,Profit/(loss) for the year,Total equity,Total assets,,,,,,,,,,FY2022 (£'000)
ATOM BANK,FY2021,-36.5,-44.14,-2.21,-62379.0,141330.0,2827121.0,200503.0,£'000,Profit/(loss) for the year,Total equity,Total assets,,,,,,,,,,FY2021 (£'000)
BANK MANDIRI EUROPE,FY2025,2.27,2.3,0.44,968.0,42002.0,221854.0,43351.0,£'000,Profit on ordinary activities after tax,Total shareholders' funds — equity interests,Total assets,,,,,,,,,,FY2025 (£'000)
BANK MANDIRI EUROPE,FY2024,1.96,1.91,0.4,829.0,43351.0,209167.0,41096.0,£'000,Profit on ordinary activities after tax,Total shareholders' funds — equity interests,Total assets,1.99,ROE,,,,-0.03,,,,FY2024 (£'000)
BANK MANDIRI EUROPE,FY2023,1.64,1.64,0.33,675.0,41096.0,203867.0,41096.0,£'000,Profit on ordinary activities after tax,Total shareholders' funds — equity interests,Total assets,,,,,,,,,,FY2023 (£'000)
BANK MANDIRI EUROPE,FY2022,1.24,1.2,0.25,493.0,41096.0,199964.0,38235.0,£'000,Profit on ordinary activities after tax,Total shareholders' funds — equity interests,Total assets,,,,,,,,,,FY2022 (£'000)
BANK MANDIRI EUROPE,FY2021,0.71,0.71,0.2,273.0,38235.0,133564.0,38763.0,£'000,Profit on ordinary activities after tax,Total shareholders' funds — equity interests,Total assets,,,,,,,,,,FY2021 (£'000)
BANK OF AFRICA UK,FY2025,3.28,3.22,0.69,2273.0,70629.0,328964.0,68171.0,£'000,Profit/(Loss) for the year,Total equity,Total assets,,,,,,,,,,FY2025 (£'000)
BANK OF AFRICA UK,FY2024,2.66,2.61,0.61,1779.0,68171.0,291532.0,65526.0,£'000,Profit/(Loss) for the year,Total equity,Total assets,,,,,,,,,,FY2024 (£'000)
BANK OF AFRICA UK,FY2023,-19.82,-21.36,-5.5,-13999.0,65526.0,254441.0,75751.0,£'000,Profit/(Loss) for the year,Total equity,Total assets,,,,,,,,,,FY2023 (£'000)
BANK OF AFRICA UK,FY2022,-4.85,-5.07,-0.85,-3839.0,75751.0,452390.0,82581.0,£'000,Profit/(Loss) for the year,Total equity,Total assets,,,,,,,,,,FY2022 (£'000)
BANK OF AFRICA UK,FY2021,6.88,6.88,1.14,5682.0,82581.0,496686.0,82643.0,£'000,Profit/(Loss) for the year,Total equity,Total assets,,,,,,,,,,FY2021 (£'000)
BANK OF BEIRUT UK,FY2025,6.25,6.18,1.51,7597.0,122976.0,502094.0,120214.0,£'000,Profit for the year,Total equity,Total assets,,,,,,,,,,FY2025 (£'000)
BANK OF BEIRUT UK,FY2024,8.22,8.04,2.0,9670.0,120214.0,482771.0,114995.0,£'000,Profit for the year,Total equity,Total assets,8.22,ROE,,,,0.0,,,,FY2024 (£'000)
BANK OF BEIRUT UK,FY2023,7.98,7.74,2.42,8899.0,114995.0,367529.0,108084.0,£'000,Profit for the year,Total equity,Total assets,,,,,,,,,,FY2023 (£'000)
BANK OF BEIRUT UK,FY2022,3.73,3.68,0.98,3976.0,108084.0,406004.0,104908.0,£'000,Profit for the year,Total equity,Total assets,,,,,,,,,,FY2022 (£'000)
BANK OF BEIRUT UK,FY2021,,1.35,0.35,1420.0,104908.0,410239.0,,£'000,Profit for the year,Total equity,Total assets,,,,,,,average-equity basis needs the prior year; year-end basis given,,,FY2021 (£'000)
BANK OF CEYLON UK,FY2025,2.11,2.08,0.17,323.0,15493.0,195113.0,15170.0,£'000,Profit/(loss) from ordinary activities after tax,Equity shareholders' funds,Total assets,,,,,,,,,,FY2025 (£'000)
BANK OF CEYLON UK,FY2024,2.18,2.16,0.19,327.0,15170.0,172860.0,14811.0,£'000,Profit/(loss) from ordinary activities after tax,Equity shareholders' funds,Total assets,2.39,ROE,,,,-0.21,,,,FY2024 (£'000)
BANK OF CEYLON UK,FY2023,6.21,6.0,0.57,889.0,14811.0,156353.0,13831.0,£'000,Profit/(loss) from ordinary activities after tax,Equity shareholders' funds,Total assets,,,,,,,,,,FY2023 (£'000)
BANK OF CEYLON UK,FY2022,-1.05,-1.06,-0.12,-146.0,13831.0,117599.0,13902.0,£'000,Profit/(loss) from ordinary activities after tax,Equity shareholders' funds,Total assets,,,,,,,,,,FY2022 (£'000)
BANK OF CEYLON UK,FY2021,0.8,0.81,0.23,112.0,13902.0,48630.0,13949.0,£'000,Profit/(loss) from ordinary activities after tax,Equity shareholders' funds,Total assets,,,,,,,,,,FY2021 (£'000)
BANK OF CHINA UK,FY2025,16.96,17.28,3.03,68931.0,399013.0,2274441.0,413744.0,£'000,Profit/(loss) for the year,Total shareholders' equity,Total assets,,,,,,,,,,FY2025 (£'000)
BANK OF CHINA UK,FY2024,19.81,20.28,3.61,83917.0,413744.0,2323319.0,433289.0,£'000,Profit/(loss) for the year,Total shareholders' equity,Total assets,19.81,ROE,,,,0.0,,,,FY2024 (£'000)
BANK OF CHINA UK,FY2023,24.72,23.82,4.96,103213.0,433289.0,2079373.0,401893.0,£'000,Profit/(loss) for the year,Total shareholders' equity,Total assets,,,,,,,,,,FY2023 (£'000)
BANK OF CHINA UK,FY2022,19.35,17.06,2.99,68564.0,401893.0,2290593.0,306776.0,£'000,Profit/(loss) for the year,Total shareholders' equity,Total assets,,,,,,,,,,FY2022 (£'000)
BANK OF CHINA UK,FY2021,9.7,10.26,1.46,31478.0,306776.0,2151180.0,342164.0,£'000,Profit/(loss) for the year,Total shareholders' equity,Total assets,,,,,,,,,,FY2021 (£'000)
BANK OF IRELAND UK,FY2025,-0.06,-0.06,-0.01,-1.0,1785.0,19865.0,1777.0,£m,Profit/(loss) for the year,Total equity attributable to owners of the Bank,Total assets,,,,,,,,,,FY2025 (£m)
BANK OF IRELAND UK,FY2024,7.79,7.48,0.71,133.0,1777.0,18611.0,1639.0,£m,Profit/(loss) for the year,Total equity attributable to owners of the Bank,Total assets,,,,,,,,,,FY2024 (£m)
BANK OF IRELAND UK,FY2023,15.77,15.8,1.38,259.0,1639.0,18832.0,1645.0,£m,Profit/(loss) for the year,Total equity attributable to owners of the Bank,Total assets,,,,,,,,,,FY2023 (£m)
BANK OF IRELAND UK,FY2022,13.46,13.86,1.21,228.0,1645.0,18871.0,1743.0,£m,Profit/(loss) for the year,Total equity attributable to owners of the Bank,Total assets,,,,,,,,,,FY2022 (£m)
BANK OF IRELAND UK,FY2021,22.46,22.83,1.75,398.0,1743.0,22705.0,1801.0,£m,Profit/(loss) for the year,Total equity attributable to owners of the Bank,Total assets,,,,,,,,,,FY2021 (£m)
BANK OF SCOTLAND,FY2025,8.98,8.91,0.45,1511.0,16963.0,336117.0,16687.0,£m,Profit for the year,Total equity,Total assets,,,,,,,,,,FY2025 (£m)
BANK OF SCOTLAND,FY2024,4.93,4.99,0.25,832.0,16687.0,327868.0,17035.0,£m,Profit for the year,Total equity,Total assets,4.81,ROE,,,,0.12,,,,FY2024 (£m)
BANK OF SCOTLAND,FY2023,5.62,5.44,0.29,926.0,17035.0,321109.0,15904.0,£m,Profit for the year,Total equity,Total assets,,,,,,,,,,FY2023 (£m)
BANK OF SCOTLAND,FY2022,7.77,7.21,0.36,1147.0,15904.0,319152.0,13626.0,£m,Profit for the year,Total equity,Total assets,,,,,,,,,,FY2022 (£m)
BANK OF SCOTLAND,FY2021,,14.4,0.63,1962.0,13626.0,313912.0,,£m,Profit for the year,Total equity,Total assets,,,,,,,average-equity basis needs the prior year; year-end basis given,,,FY2021 (£m)
BANK OF THE PHILIPPINE ISLANDS EUROPE,FY2025,0.74,0.76,0.33,693543.0,90881836.0,211103396.0,96911879.0,£,Profit/(loss) for the financial year,Total shareholder's funds,Total assets,,,,,,,,,,FY2025 (£)
BANK OF THE PHILIPPINE ISLANDS EUROPE,FY2024,-0.5,-0.49,-0.26,-479701.0,96911879.0,182871552.0,95731670.0,£,Profit/(loss) for the financial year,Total shareholder's funds,Total assets,-0.49,ROE,,,,-0.01,,,,FY2024 (£)
BANK OF THE PHILIPPINE ISLANDS EUROPE,FY2023,-0.61,-0.63,-0.38,-605945.0,95731670.0,157895421.0,101883089.0,£,Profit/(loss) for the financial year,Total shareholder's funds,Total assets,,,,,,,,,,FY2023 (£)
BANK OF THE PHILIPPINE ISLANDS EUROPE,FY2022,-0.02,-0.02,-0.01,-18387.0,101883089.0,187149846.0,101901342.0,£,Profit/(loss) for the financial year,Total shareholder's funds,Total assets,,,,,,,,,,FY2022 (£)
BANK OF THE PHILIPPINE ISLANDS EUROPE,FY2021,,0.37,0.23,372855.0,101901342.0,159915215.0,,£,Profit/(loss) for the financial year,Total shareholder's funds,Total assets,,,,,,,average-equity basis needs the prior year; year-end basis given,,,FY2021 (£)
BANK SADERAT,FY2025,0.09,0.09,0.08,0.15,171.35,197.34,162.07,"£m, conv. from EUR",Profit after taxation,Total equity (Shareholders' funds),Total assets,,,,,,,,,,"FY2025 (£m, conv. from EUR)"
BANK SADERAT,FY2024,0.83,0.85,0.73,1.37,162.07,187.68,168.53,"£m, conv. from EUR",Profit after taxation,Total equity (Shareholders' funds),Total assets,0.83,ROE,,,,0.0,,,,"FY2024 (£m, conv. from EUR)"
BANK SADERAT,FY2023,0.64,0.64,0.56,1.08,168.53,194.12,171.34,"£m, conv. from EUR",Profit after taxation,Total equity (Shareholders' funds),Total assets,,,,,,,,,,"FY2023 (£m, conv. from EUR)"
BANK SADERAT,FY2022,0.32,0.31,0.27,0.53,171.34,197.11,161.75,"£m, conv. from EUR",Profit after taxation,Total equity (Shareholders' funds),Total assets,,,,,,,,,,"FY2022 (£m, conv. from EUR)"
BANK SADERAT,FY2021,0.41,0.43,0.37,0.69,161.75,186.36,172.51,"£m, conv. from EUR",Profit after taxation,Total equity (Shareholders' funds),Total assets,,,,,,,,,,"FY2021 (£m, conv. from EUR)"
BANK SEPAH INTERNATIONAL,FY2025,0.44,0.45,0.25,646.5,144339.6,263292.2,147035.0,"£'000, conv. from EUR",Profit for the year after taxation,Total equity,Total assets,,,,,,,,,,"FY2025 (£'000, conv. from EUR)"
BANK SEPAH INTERNATIONAL,FY2024,0.12,0.12,0.07,181.4,147035.0,267959.3,150875.6,"£'000, conv. from EUR",Profit for the year after taxation,Total equity,Total assets,0.12,ROE,,,,0.0,,,,"FY2024 (£'000, conv. from EUR)"
BANK SEPAH INTERNATIONAL,FY2023,0.7,0.68,0.37,1028.8,150875.6,275595.0,144319.8,"£'000, conv. from EUR",Profit for the year after taxation,Total equity,Total assets,0.7,ROE,,,,0.0,,,,"FY2023 (£'000, conv. from EUR)"
BANK SEPAH INTERNATIONAL,FY2022,0.9,0.9,0.42,1294.2,144319.8,307991.3,144043.4,"£'000, conv. from EUR",Profit for the year after taxation,Total equity,Total assets,,,,,,,,,,"FY2022 (£'000, conv. from EUR)"
BANK SEPAH INTERNATIONAL,FY2021,,1.01,0.47,1448.9,144043.4,306523.2,,"£'000, conv. from EUR",Profit for the year after taxation,Total equity,Total assets,,,,,,,average-equity basis needs the prior year; year-end basis given,,,"FY2021 (£'000, conv. from EUR)"
BARCLAYS,FY2025,13.35,12.79,0.86,2594.0,20278.0,302824.0,18585.0,£m,Profit after tax,Total equity,Total assets,,,,,,,,,,FY2025 (£m)
BARCLAYS,FY2024,14.78,14.1,0.86,2620.0,18585.0,303179.0,16861.0,£m,Profit after tax,Total equity,Total assets,,,14.78,0.88,https://thebanks.eu/banks/18886,,,,,FY2024 (£m)
BARCLAYS,FY2023,11.91,11.4,0.65,1922.0,16861.0,293559.0,15413.0,£m,Profit after tax,Total equity,Total assets,,,,,,,,,,FY2023 (£m)
BARCLAYS,FY2022,11.01,11.72,0.58,1807.0,15413.0,312179.0,17400.0,£m,Profit after tax,Total equity,Total assets,,,,,,,,,,FY2022 (£m)
BARCLAYS,FY2021,10.86,10.74,0.58,1869.0,17400.0,319695.0,17027.0,£m,Profit after tax,Total equity,Total assets,,,,,,,,,,FY2021 (£m)
BARCLAYS BANK PLC,FY2025,7.67,7.48,0.37,4658.0,62313.0,1245473.0,59220.0,£m,Profit after tax,Total equity,Total assets,,,,,,,,,,FY2025 (£m)
BARCLAYS BANK PLC,FY2024,6.26,6.33,0.31,3748.0,59220.0,1218524.0,60504.0,£m,Profit after tax,Total equity,Total assets,6.32,ROE,,,,-0.06,,,,FY2024 (£m)
BARCLAYS BANK PLC,FY2023,5.96,5.89,0.3,3561.0,60504.0,1185166.0,58953.0,£m,Profit after tax,Total equity,Total assets,,,,,,,,,,FY2023 (£m)
BARCLAYS BANK PLC,FY2022,7.6,7.43,0.36,4382.0,58953.0,1203537.0,56317.0,£m,Profit after tax,Total equity,Total assets,,,,,,,,,,FY2022 (£m)
BARCLAYS BANK PLC,FY2021,,8.15,0.43,4588.0,56317.0,1061778.0,,£m,Profit after tax,Total equity,Total assets,,,,,,,average-equity basis needs the prior year; year-end basis given,,,FY2021 (£m)
BIRMINGHAM BANK,FY2025,-18.06,-14.41,-1.43,-9211.0,63904.0,644796.0,38115.0,£'000,Loss for the financial year,Total equity,Total assets,,,,,,,,,,FY2025 (£'000)
BIRMINGHAM BANK,FY2024,-38.0,-28.45,-7.18,-10844.0,38115.0,151081.0,18959.0,£'000,Loss for the financial year,Total equity,Total assets,-38.0,ROE,,,,0.0,,,,FY2024 (£'000)
BIRMINGHAM BANK,FY2023,-57.6,-38.22,-24.49,-7247.0,18959.0,29595.0,6206.0,£'000,Loss for the financial year,Total equity,Total assets,,,,,,,,,,FY2023 (£'000)
BIRMINGHAM BANK,FY2022,-57.05,-66.97,-24.36,-4156.0,6206.0,17059.0,8363.0,£'000,Loss for the financial year,Total equity,Total assets,,,,,,,,,,FY2022 (£'000)
BIRMINGHAM BANK,FY2021,,-41.06,-15.08,-3434.0,8363.0,22777.0,,£'000,Loss for the financial year,Total equity,Total assets,,,,,,,average-equity basis needs the prior year; year-end basis given,,,FY2021 (£'000)
BLME,FY2025,0.62,0.63,0.1,1419.0,224068.0,1484802.0,230834.0,£'000s,Profit/(loss) for the year,Total equity,Total assets,,,,,,,,,,FY2025 (£'000s)
BLME,FY2024,2.98,2.97,0.44,6850.0,230834.0,1540358.0,228232.0,£'000s,Profit/(loss) for the year,Total equity,Total assets,2.98,ROE,,,,0.0,,,,FY2024 (£'000s)
BLME,FY2023,2.36,2.33,0.36,5322.0,228232.0,1497500.0,222915.0,£'000s,Profit/(loss) for the year,Total equity,Total assets,,,,,,,,,,FY2023 (£'000s)
BLME,FY2022,-3.01,-3.05,-0.42,-6807.0,222915.0,1612376.0,229717.0,£'000s,Profit/(loss) for the year,Total equity,Total assets,,,,,,,,,,FY2022 (£'000s)
BLME,FY2021,-1.87,-1.89,-0.28,-4336.0,229717.0,1548850.0,234261.0,£'000s,Profit/(loss) for the year,Total equity,Total assets,,,,,,,,,,FY2021 (£'000s)
BNY MELLON INTERNATIONAL,FY2025,9.29,8.79,1.35,106780.0,1215041.0,7918773.0,1084761.0,£'000s,Total profit for the financial year,Shareholder's funds,Total assets,,,,,,,,,,FY2025 (£'000s)
BNY MELLON INTERNATIONAL,FY2024,11.3,10.62,1.44,115237.0,1084761.0,8007771.0,954053.0,£'000s,Total profit for the financial year,Shareholder's funds,Total assets,,,,,,,,,,FY2024 (£'000s)
BNY MELLON INTERNATIONAL,FY2023,6.64,6.32,0.68,60313.0,954053.0,8896652.0,863356.0,£'000s,Total profit for the financial year,Shareholder's funds,Total assets,,,,,,,,,,FY2023 (£'000s)
BNY MELLON INTERNATIONAL,FY2022,5.78,5.83,0.43,50313.0,863356.0,11702044.0,878180.0,£'000s,Total profit for the financial year,Shareholder's funds,Total assets,,,,,,,,,,FY2022 (£'000s)
BNY MELLON INTERNATIONAL,FY2021,5.17,5.12,0.4,44926.0,878180.0,11227068.0,859107.0,£'000s,Total profit for the financial year,Shareholder's funds,Total assets,,,,,,,,,,FY2021 (£'000s)
BRITISH ARAB COMMERCIAL BANK,FY2025,9.0,8.67,0.73,24127.0,278340.0,3318750.0,257612.0,£'000,Profit for the year,Total equity,Total assets,,,,,,,,,,FY2025 (£'000)
BRITISH ARAB COMMERCIAL BANK,FY2024,11.73,11.16,0.86,28755.0,257612.0,3343466.0,232578.0,£'000,Profit for the year,Total equity,Total assets,11.73,ROE,,,,0.0,,,,FY2024 (£'000)
BRITISH ARAB COMMERCIAL BANK,FY2023,12.67,11.99,0.93,27875.0,232578.0,3001927.0,207266.0,£'000,Profit for the year,Total equity,Total assets,,,,,,,,,,FY2023 (£'000)
BRITISH ARAB COMMERCIAL BANK,FY2022,7.23,7.29,0.47,15100.0,207266.0,3194745.0,210286.0,£'000,Profit for the year,Total equity,Total assets,,,,,,,,,,FY2022 (£'000)
BRITISH ARAB COMMERCIAL BANK,FY2021,6.4,6.2,0.47,13035.0,210286.0,2782543.0,197207.0,£'000,Profit for the year,Total equity,Total assets,,,,,,,,,,FY2021 (£'000)
BROWN SHIPLEY,FY2025,5.01,5.81,0.59,5850.0,100615.0,984660.0,132953.0,£'000,Profit/(loss) for the year,Total equity,Total assets,,,,,,,,,,FY2025 (£'000)
BROWN SHIPLEY,FY2024,3.12,3.07,0.34,4084.0,132953.0,1218044.0,129139.0,£'000,Profit/(loss) for the year,Total equity,Total assets,3.12,ROE,,,,0.0,,,,FY2024 (£'000)
BROWN SHIPLEY,FY2023,-0.47,-0.47,-0.04,-612.0,129139.0,1529171.0,130681.0,£'000,Profit/(loss) for the year,Total equity,Total assets,,,,,,,,,,FY2023 (£'000)
BROWN SHIPLEY,FY2022,0.86,0.85,0.07,1111.0,130681.0,1507100.0,127075.0,£'000,Profit/(loss) for the year,Total equity,Total assets,,,,,,,,,,FY2022 (£'000)
BROWN SHIPLEY,FY2021,,2.29,0.25,2908.0,127075.0,1152277.0,,£'000,Profit/(loss) for the year,Total equity,Total assets,,,,,,,average-equity basis needs the prior year; year-end basis given,,,FY2021 (£'000)
C HOARE AND CO,FY2025,8.74,8.38,0.65,46776.0,558231.0,7158840.0,511668.0,£'000,Profit for the financial year,Total equity,Total assets,,,,,,,,,,FY2025 (£'000)
C HOARE AND CO,FY2024,13.5,12.78,0.96,65399.0,511668.0,6801461.0,457332.0,£'000,Profit for the financial year,Total equity,Total assets,,,,,,,,,,FY2024 (£'000)
C HOARE AND CO,FY2023,11.5,10.98,0.73,50204.0,457332.0,6852939.0,415693.0,£'000,Profit for the financial year,Total equity,Total assets,,,,,,,,,,FY2023 (£'000)
C HOARE AND CO,FY2022,3.13,3.07,0.18,12743.0,415693.0,7274665.0,397732.0,£'000,Profit for the financial year,Total equity,Total assets,,,,,,,,,,FY2022 (£'000)
C HOARE AND CO,FY2021,3.1,3.08,0.2,12254.0,397732.0,6004216.0,393721.0,£'000,Profit for the financial year,Total equity,Total assets,,,,,,,,,,FY2021 (£'000)
CAF BANK,FY2025,17.18,15.92,0.79,12139.0,76239.0,1544559.0,65100.0,£'000,Profit on ordinary activities after taxation,Total shareholders' funds,Total assets,,,,,,,,,,FY2025 (£'000)
CAF BANK,FY2024,23.38,20.93,0.9,13627.0,65100.0,1510925.0,51473.0,£'000,Profit on ordinary activities after taxation,Total shareholders' funds,Total assets,,,,,,,,,,FY2024 (£'000)
CAF BANK,FY2023,18.17,16.66,0.55,8575.0,51473.0,1571534.0,42929.0,£'000,Profit on ordinary activities after taxation,Total shareholders' funds,Total assets,,,,,,,,,,FY2023 (£'000)
CAF BANK,FY2022,3.89,3.82,0.11,1640.0,42929.0,1556044.0,41289.0,£'000,Profit on ordinary activities after taxation,Total shareholders' funds,Total assets,,,,,,,,,,FY2022 (£'000)
CAF BANK,FY2021,2.25,2.25,0.06,929.0,41289.0,1441296.0,41350.0,£'000,Profit on ordinary activities after taxation,Total shareholders' funds,Total assets,,,,,,,,,,FY2021 (£'000)
CAMBRIDGE AND COUNTIES BANK,FY2025,12.48,12.26,1.61,30492.0,248643.0,1898633.0,240084.0,£'000,Profit after tax,Total equity,Total assets,,,,,,,,,,FY2025 (£'000)
CAMBRIDGE AND COUNTIES BANK,FY2024,12.16,11.52,1.75,27663.0,240084.0,1581735.0,214778.0,£'000,Profit after tax,Total equity,Total assets,12.16,ROE,,,,0.0,,,,FY2024 (£'000)
CAMBRIDGE AND COUNTIES BANK,FY2023,15.66,14.57,2.16,31290.0,214778.0,1450722.0,184846.0,£'000,Profit after tax,Total equity,Total assets,,,,,,,,,,FY2023 (£'000)
CAMBRIDGE AND COUNTIES BANK,FY2022,13.31,12.55,1.69,23202.0,184846.0,1376545.0,163817.0,£'000,Profit after tax,Total equity,Total assets,,,,,,,,,,FY2022 (£'000)
CAMBRIDGE AND COUNTIES BANK,FY2021,9.85,9.44,1.21,15466.0,163817.0,1274871.0,150135.0,£'000,Profit after tax,Total equity,Total assets,,,,,,,,,,FY2021 (£'000)
CASTLE TRUST CAPITAL,FY2025,0.51,0.51,0.03,526.0,103141.0,1638042.0,102615.0,£'000,Total profit/(loss),Total equity,Total assets,,,,,,,,,,FY2025 (£'000)
CASTLE TRUST CAPITAL,FY2024,0.23,0.23,0.02,235.0,102615.0,1112163.0,102379.0,£'000,Total profit/(loss),Total equity,Total assets,7.8,PBT ROE,0.23,0.02,https://thebanks.eu/banks/19238,-7.57,,,,FY2024 (£'000)
CASTLE TRUST CAPITAL,FY2023,8.49,8.14,0.89,8332.0,102379.0,939391.0,93954.0,£'000,Total profit/(loss),Total equity,Total assets,8.7,PBT ROE,,,,-0.21,,,,FY2023 (£'000)
CASTLE TRUST CAPITAL,FY2022,2.13,2.11,0.24,1981.0,93954.0,832897.0,91962.0,£'000,Total profit/(loss),Total equity,Total assets,,,,,,,,,,FY2022 (£'000)
CASTLE TRUST CAPITAL,FY2021,,7.34,1.02,6753.0,91962.0,659268.0,,£'000,Total profit/(loss),Total equity,Total assets,,,,,,,average-equity basis needs the prior year; year-end basis given,,,FY2021 (£'000)
CATER ALLEN,FY2025,23.92,26.15,1.63,87534.0,334783.0,5374808.0,397249.0,£'000,Profit for the year after tax,Total equity,Total assets,,,,,,,,,,FY2025 (£'000)
CATER ALLEN,FY2024,31.46,30.61,2.18,121588.0,397249.0,5580546.0,375661.0,£'000,Profit for the year after tax,Total equity,Total assets,31.46,ROE,,,,0.0,,,,FY2024 (£'000)
CATER ALLEN,FY2023,33.61,32.61,2.26,122485.0,375661.0,5429710.0,353176.0,£'000,Profit for the year after tax,Total equity,Total assets,,,,,,,,,,FY2023 (£'000)
CATER ALLEN,FY2022,10.27,13.91,0.86,49131.0,353176.0,5718014.0,604045.0,£'000,Profit for the year after tax,Total equity,Total assets,,,,,,,,,,FY2022 (£'000)
CATER ALLEN,FY2021,,4.76,0.56,28735.0,604045.0,5167480.0,,£'000,Profit for the year after tax,Total equity,Total assets,,,,,,,average-equity basis needs the prior year; year-end basis given,,,FY2021 (£'000)
CHARITY BANK,FY2025,6.3,6.18,0.58,2790.0,45154.0,481812.0,43352.0,£'000,Profit after taxation and total comprehensive income for the year,Total equity,Total assets,,,,,,,,,,FY2025 (£'000)
CHARITY BANK,FY2024,11.92,11.4,1.11,4941.0,43352.0,445667.0,39563.0,£'000,Profit after taxation and total comprehensive income for the year,Total equity,Total assets,11.92,ROE,,,,0.0,,,,FY2024 (£'000)
CHARITY BANK,FY2023,22.53,19.81,1.98,7837.0,39563.0,395967.0,30014.0,£'000,Profit after taxation and total comprehensive income for the year,Total equity,Total assets,,,,,,,,,,FY2023 (£'000)
CHARITY BANK,FY2022,9.57,9.05,0.76,2716.0,30014.0,358050.0,26748.0,£'000,Profit after taxation and total comprehensive income for the year,Total equity,Total assets,,,,,,,,,,FY2022 (£'000)
CHARITY BANK,FY2021,,3.53,0.3,944.0,26748.0,312072.0,,£'000,Profit after taxation and total comprehensive income for the year,Total equity,Total assets,,,,,,,average-equity basis needs the prior year; year-end basis given,,,FY2021 (£'000)
CHARTER COURT FINANCIAL SERVICES,FY2025,13.77,14.27,0.82,109.8,769.7,13457.0,825.5,£m,Profit for the year,Total equity,Total assets,,,,,,,,,,FY2025 (£m)
CHARTER COURT FINANCIAL SERVICES,FY2024,17.03,17.02,1.1,140.5,825.5,12797.5,825.0,£m,Profit for the year,Total equity,Total assets,16.84,ROE,,,,0.19,,,,FY2024 (£m)
CHARTER COURT FINANCIAL SERVICES,FY2023,8.97,9.35,0.59,77.1,825.0,13134.8,894.1,£m,Profit for the year,Total equity,Total assets,,,,,,,,,,FY2023 (£m)
CHARTER COURT FINANCIAL SERVICES,FY2022,23.19,21.72,1.59,194.2,894.1,12186.0,780.6,£m,Profit for the year,Total equity,Total assets,,,,,,,,,,FY2022 (£m)
CHARTER COURT FINANCIAL SERVICES,FY2021,,17.67,1.3,137.9,780.6,10571.9,,£m,Profit for the year,Total equity,Total assets,,,,,,,average-equity basis needs the prior year; year-end basis given,,,FY2021 (£m)
CHETWOOD,FY2025,-2.55,-2.4,-0.1,-4702.0,196143.0,4532547.0,173082.0,£'000,Loss after tax and loss for the year,Total equity,Total assets,,,,,,,,,,FY2025 (£'000)
CHETWOOD,FY2024,-6.67,-5.12,-0.29,-8861.0,173082.0,3077904.0,92483.0,£'000,Loss after tax and loss for the year,Total equity,Total assets,-6.67,ROE,,,,0.0,,,,FY2024 (£'000)
CHETWOOD,FY2023,-73.38,-62.87,-3.89,-58148.0,92483.0,1494541.0,65993.0,£'000,Loss after tax and loss for the year,Total equity,Total assets,,,,,,,,,,FY2023 (£'000)
CHETWOOD,FY2022,-50.94,-45.09,-7.44,-29753.0,65993.0,400038.0,50830.0,£'000,Loss after tax and loss for the year,Total equity,Total assets,,,,,,,,,,FY2022 (£'000)
CHETWOOD,FY2021,-41.78,-41.92,-9.84,-21310.0,50830.0,216524.0,51182.0,£'000,Loss after tax and loss for the year,Total equity,Total assets,,,,,,,,,reporting entity or basis differs for this column: † - check it is the same entity as the adjacent years before comparing,FY2021† (£'000)
CITIBANK UK,FY2025,,,1.53,5568.0,,362935.0,,£'000,Profit/(loss) for the financial year,,Total assets,,,,,,,,,,FY2025 (£'000)
CITIBANK UK,FY2024,,,-8.35,-57172.0,,684629.0,,£'000,Profit/(loss) for the financial year,,Total assets,,,,,,,,,,FY2024 (£'000)
CITIBANK UK,FY2023,,,0.57,19981.0,,3499217.0,,£'000,Profit/(loss) for the financial year,,Total assets,,,,,,,,,,FY2023 (£'000)
CITIBANK UK,FY2022,,,0.34,21815.0,,6487240.0,,£'000,Profit/(loss) for the financial year,,Total assets,,,,,,,,,,FY2022 (£'000)
CITIBANK UK,FY2021,,,0.15,10814.0,,7194284.0,,£'000,Profit/(loss) for the financial year,,Total assets,,,,,,,,,,FY2021 (£'000)
CLEARBANK,FY2025,-7.25,-7.41,-0.09,-15765.0,212839.0,18068355.0,222291.0,£'000,Profit/(loss) for the year after taxation,Total equity,Total assets,,,,,,,,,,FY2025 (£'000)
CLEARBANK,FY2024,-5.87,-4.64,-0.09,-10318.0,222291.0,11064063.0,129526.0,£'000,Profit/(loss) for the year after taxation,Total equity,Total assets,,,,,,,,,,FY2024 (£'000)
CLEARBANK,FY2023,20.66,17.29,0.35,22396.0,129526.0,6366850.0,87312.0,£'000,Profit/(loss) for the year after taxation,Total equity,Total assets,,,,,,,,,,FY2023 (£'000)
CLEARBANK,FY2022,8.55,7.81,0.21,6818.0,87312.0,3204409.0,72217.0,£'000,Profit/(loss) for the year after taxation,Total equity,Total assets,,,,,,,,,,FY2022 (£'000)
CLEARBANK,FY2021,-43.23,-39.05,-1.02,-28200.0,72217.0,2772608.0,58247.0,£'000,Profit/(loss) for the year after taxation,Total equity,Total assets,,,,,,,,,,FY2021 (£'000)
CLOSE BROTHERS,FY2025,-5.21,-5.41,-0.65,-85.3,1576.8,13132.8,1695.1,£m,(Loss)/profit after tax,Total equity,Total assets,7.1,RoTE,,,,-12.31,,,,FY2025 (£m)
CLOSE BROTHERS,FY2024,8.6,7.69,1.0,130.4,1695.1,13053.2,1336.4,£m,(Loss)/profit after tax,Total equity,Total assets,9.3,RoTE,,,,-0.7,,,,FY2024 (£m)
CLOSE BROTHERS,FY2023,6.69,6.67,0.71,89.1,1336.4,12488.1,1326.0,£m,(Loss)/profit after tax,Total equity,Total assets,5.9,RoTE,,,,0.79,,,,FY2023 (£m)
CLOSE BROTHERS,FY2022,12.55,12.3,1.42,163.1,1326.0,11508.3,1272.4,£m,(Loss)/profit after tax,Total equity,Total assets,,,,,,,,,,FY2022 (£m)
CLOSE BROTHERS,FY2021,,12.53,1.46,159.4,1272.4,10950.9,,£m,(Loss)/profit after tax,Total equity,Total assets,,,,,,,average-equity basis needs the prior year; year-end basis given,,,FY2021 (£m)
CLYDESDALE,FY2025,,2.67,0.17,150.0,5609.0,89876.0,,£m,Profit for the period/year,Total equity,Total assets,,,,,,,average-equity basis needs the prior year; year-end basis given,,"NOT a 12-month period: (18mo). Profit covers this period while equity and assets are point-in-time, so the ratio is not comparable to the bank's other years or to other banks.",FY2025 (18mo) (£m)
CLYDESDALE,FY2024,,,,,,,5689.0,£m,Profit for the period/year,Total equity,Total assets,,,2.67,0.17,https://thebanks.eu/banks/14321,,"no such reporting period - an adjacent column covers more than 12 months, so this year was never reported separately. NOT a gap to chase; see Period and entity flags.",,,
CLYDESDALE,FY2023,4.12,4.38,0.27,249.0,5689.0,91884.0,6411.0,£m,Profit for the period/year,Total equity,Total assets,,,,,,,,,,FY2023 (£m)
CLYDESDALE,FY2022,8.67,8.11,0.57,520.0,6411.0,92010.0,5582.0,£m,Profit for the period/year,Total equity,Total assets,,,,,,,,,,FY2022 (£m)
CLYDESDALE,FY2021,10.06,9.53,0.6,532.0,5582.0,89216.0,4990.0,£m,Profit for the period/year,Total equity,Total assets,,,,,,,,,,FY2021 (£m)
CO-OPERATIVE BANK,FY2025,,,,,,,1272.9,£m,Profit/(loss) for the year,Total equity,Total assets,,,,,,,no statement figures for this year in the workbook,,,
CO-OPERATIVE BANK,FY2024,1.88,2.0,0.1,25.4,1272.9,26052.9,1431.7,£m,Profit/(loss) for the year,Total equity,Total assets,,,,,,,,,,FY2024 (£m)
CO-OPERATIVE BANK,FY2023,11.53,10.97,0.59,157.1,1431.7,26549.0,1294.3,£m,Profit/(loss) for the year,Total equity,Total assets,,,,,,,,,,FY2023 (£m)
CO-OPERATIVE BANK,FY2022,1.47,1.72,0.08,22.3,1294.3,28987.2,1747.0,£m,Profit/(loss) for the year,Total equity,Total assets,,,,,,,,,,FY2022 (£m)
CO-OPERATIVE BANK,FY2021,13.48,12.34,0.71,215.5,1747.0,30241.7,1451.3,£m,Profit/(loss) for the year,Total equity,Total assets,,,,,,,,,,FY2021 (£m)
COUTTS,FY2025,17.03,16.77,0.42,259.0,1544.0,61695.0,1497.0,£m,Profit for the year,Owners' equity,Total assets,21.7,ROE,,,,-4.67,,,,FY2025 (£m)
COUTTS,FY2024,12.71,13.23,0.31,198.0,1497.0,62860.0,1618.0,£m,Profit for the year,Owners' equity,Total assets,14.2,ROE,12.71,0.33,https://thebanks.eu/banks/14324,-1.49,,,,FY2024 (£m)
COUTTS,FY2023,18.27,18.17,0.53,294.0,1618.0,55573.0,1600.0,£m,Profit for the year,Owners' equity,Total assets,,,,,,,,,,FY2023 (£m)
COUTTS,FY2022,15.83,15.44,0.46,247.0,1600.0,54270.0,1521.0,£m,Profit for the year,Owners' equity,Total assets,,,,,,,,,,FY2022 (£m)
COUTTS,FY2021,,11.9,0.39,181.0,1521.0,46915.0,,£m,Profit for the year,Owners' equity,Total assets,12.5,ROE,,,,,average-equity basis needs the prior year; year-end basis given,,,FY2021 (£m)
CREDIT SUISSE INTERNATIONAL,FY2025,3.27,5.91,3.16,132.6,2242.0,4201.4,5864.2,"£m, conv. from USD",Profit/(loss) after tax from continuing operations,Total shareholders' equity,Total assets,,,,,,,,,,"FY2025 (£m, conv. from USD)"
CREDIT SUISSE INTERNATIONAL,FY2024,5.52,8.28,1.18,485.8,5864.2,41049.9,11752.3,"£m, conv. from USD",Profit/(loss) after tax from continuing operations,Total shareholders' equity,Total assets,,,,,,,,,,"FY2024 (£m, conv. from USD)"
CREDIT SUISSE INTERNATIONAL,FY2023,-10.86,-12.26,-1.5,-1441.4,11752.3,96149.9,14800.4,"£m, conv. from USD",Profit/(loss) after tax from continuing operations,Total shareholders' equity,Total assets,,,,,,,,,,"FY2023 (£m, conv. from USD)"
CREDIT SUISSE INTERNATIONAL,FY2022,-3.98,-3.74,-0.37,-554.1,14800.4,151480.5,13038.2,"£m, conv. from USD",Profit/(loss) after tax from continuing operations,Total shareholders' equity,Total assets,,,,,,,,,,"FY2022 (£m, conv. from USD)"
CREDIT SUISSE INTERNATIONAL,FY2021,-26.01,-29.8,-2.15,-3885.3,13038.2,180840.9,16841.4,"£m, conv. from USD",Profit/(loss) after tax from continuing operations,Total shareholders' equity,Total assets,,,,,,,,,,"FY2021 (£m, conv. from USD)"
CREDIT SUISSE UK,FY2025,2.1,2.08,1.8,6361.0,305801.0,352528.0,299440.0,£'000,Profit/(loss) after tax,Total shareholders' equity,Total assets,,,,,,,,,,FY2025 (£'000)
CREDIT SUISSE UK,FY2024,2.33,2.3,0.38,6888.0,299440.0,1801155.0,292552.0,£'000,Profit/(loss) after tax,Total shareholders' equity,Total assets,,,,,,,,,,FY2024 (£'000)
CREDIT SUISSE UK,FY2023,-7.25,-7.91,-0.97,-23134.0,292552.0,2392470.0,345686.0,£'000,Profit/(loss) after tax,Total shareholders' equity,Total assets,,,,,,,,,,FY2023 (£'000)
CREDIT SUISSE UK,FY2022,4.15,4.18,0.5,14458.0,345686.0,2885789.0,351228.0,£'000,Profit/(loss) after tax,Total shareholders' equity,Total assets,,,,,,,,,,FY2022 (£'000)
CREDIT SUISSE UK,FY2021,2.9,2.86,0.28,10055.0,351228.0,3579171.0,341173.0,£'000,Profit/(loss) after tax,Total shareholders' equity,Total assets,,,,,,,,,,FY2021 (£'000)
CROWN AGENTS BANK,FY2025,9.17,8.75,0.87,14509.0,165799.0,1670569.0,150598.0,£'000,Profit for the year,Total equity / shareholders' funds,Total assets,,,,,,,,,,FY2025 (£'000)
CROWN AGENTS BANK,FY2024,10.81,10.22,0.85,15391.0,150598.0,1818011.0,134204.0,£'000,Profit for the year,Total equity / shareholders' funds,Total assets,,,,,,,,,,FY2024 (£'000)
CROWN AGENTS BANK,FY2023,35.05,31.88,2.45,42789.0,134204.0,1747981.0,109928.0,£'000,Profit for the year,Total equity / shareholders' funds,Total assets,,,,,,,,,,FY2023 (£'000)
CROWN AGENTS BANK,FY2022,37.01,31.16,2.31,34258.0,109928.0,1482442.0,75204.0,£'000,Profit for the year,Total equity / shareholders' funds,Total assets,,,,,,,,,,FY2022 (£'000)
CROWN AGENTS BANK,FY2021,,11.51,0.66,8658.0,75204.0,1311970.0,,£'000,Profit for the year,Total equity / shareholders' funds,Total assets,,,,,,,average-equity basis needs the prior year; year-end basis given,,,FY2021 (£'000)
CYNERGY BANK,FY2025,9.32,8.9,0.68,37940.0,426229.0,5597322.0,387856.0,£'000,Profit for the year,Total equity,Total assets,,,,,,,,,,FY2025 (£'000)
CYNERGY BANK,FY2024,10.91,10.37,0.79,40234.0,387856.0,5098500.0,349550.0,£'000,Profit for the year,Total equity,Total assets,,,,,,,,,,FY2024 (£'000)
CYNERGY BANK,FY2023,12.33,11.62,0.88,40613.0,349550.0,4611231.0,309446.0,£'000,Profit for the year,Total equity,Total assets,,,,,,,,,,FY2023 (£'000)
CYNERGY BANK,FY2022,15.19,13.01,0.98,40256.0,309446.0,4124713.0,220716.0,£'000,Profit for the year,Total equity,Total assets,,,,,,,,,,FY2022 (£'000)
CYNERGY BANK,FY2021,11.97,11.29,0.71,24929.0,220716.0,3518034.0,195787.0,£'000,Profit for the year,Total equity,Total assets,,,,,,,,,,FY2021 (£'000)
DB UK BANK,FY2025,1.95,1.96,0.5,12050.0,614874.0,2429764.0,621712.0,£'000,Profit/(loss) for the financial year,Shareholder's funds,Total assets,,,,,,,,,,FY2025 (£'000)
DB UK BANK,FY2024,2.91,2.91,0.58,18065.0,621712.0,3139051.0,621870.0,£'000,Profit/(loss) for the financial year,Shareholder's funds,Total assets,,,,,,,,,,FY2024 (£'000)
DB UK BANK,FY2023,2.88,2.84,0.84,17640.0,621870.0,2110726.0,601838.0,£'000,Profit/(loss) for the financial year,Shareholder's funds,Total assets,,,,,,,,,,FY2023 (£'000)
DB UK BANK,FY2022,-0.73,-0.73,-0.18,-4406.0,601838.0,2388201.0,606075.0,£'000,Profit/(loss) for the financial year,Shareholder's funds,Total assets,,,,,,,,,,FY2022 (£'000)
DB UK BANK,FY2021,,-1.23,-0.44,-7448.0,606075.0,1678171.0,,£'000,Profit/(loss) for the financial year,Shareholder's funds,Total assets,,,,,,,average-equity basis needs the prior year; year-end basis given,,,FY2021 (£'000)
DF CAPITAL BANK,FY2025,12.5,11.91,1.52,15159.0,127230.0,999812.0,115354.0,£'000,Profit/(loss) after taxation,Total equity,Total assets,,,,,,,,,,FY2025 (£'000)
DF CAPITAL BANK,FY2024,13.0,12.15,1.78,14021.0,115354.0,786540.0,100414.0,£'000,Profit/(loss) after taxation,Total equity,Total assets,,,,,,,,,,FY2024 (£'000)
DF CAPITAL BANK,FY2023,3.21,3.14,0.46,3155.0,100414.0,691938.0,96239.0,£'000,Profit/(loss) after taxation,Total equity,Total assets,,,,,,,,,,FY2023 (£'000)
DF CAPITAL BANK,FY2022,10.71,10.14,1.68,9761.0,96239.0,582496.0,86058.0,£'000,Profit/(loss) after taxation,Total equity,Total assets,,,,,,,,,,FY2022 (£'000)
DF CAPITAL BANK,FY2021,-5.37,-4.27,-0.95,-3676.0,86058.0,388608.0,50889.0,£'000,Profit/(loss) after taxation,Total equity,Total assets,,,,,,,,,,FY2021 (£'000)
EFG PRIVATE BANK,FY2025,7.1,6.93,0.37,23357.0,337050.0,6278925.0,320994.0,£'000,Net profit for the year,Total equity,Total assets,,,,,,,,,,FY2025 (£'000)
EFG PRIVATE BANK,FY2024,6.52,6.38,0.31,20475.0,320994.0,6608716.0,307366.0,£'000,Net profit for the year,Total equity,Total assets,,,,,,,,,,FY2024 (£'000)
EFG PRIVATE BANK,FY2023,12.29,11.63,0.61,35747.0,307366.0,5856160.0,274182.0,£'000,Net profit for the year,Total equity,Total assets,,,,,,,,,,FY2023 (£'000)
EFG PRIVATE BANK,FY2022,11.18,11.04,0.51,30262.0,274182.0,5889606.0,267264.0,£'000,Net profit for the year,Total equity,Total assets,,,,,,,,,,FY2022 (£'000)
EFG PRIVATE BANK,FY2021,,37.85,2.0,101162.0,267264.0,5054532.0,,£'000,Net profit for the year,Total equity,Total assets,,,,,,,average-equity basis needs the prior year; year-end basis given,,,FY2021 (£'000)
FCE BANK,FY2025,5.09,5.63,0.73,96.0,1704.0,13095.0,2065.0,£m,Profit after tax in respect of continuing operations,Total equity,Total assets,,,,,,,,,,FY2025 (£m)
FCE BANK,FY2024,2.38,2.66,0.4,55.0,2065.0,13837.0,2556.0,£m,Profit after tax in respect of continuing operations,Total equity,Total assets,,,,,,,,,,FY2024 (£m)
FCE BANK,FY2023,3.48,3.44,0.47,88.0,2556.0,18630.0,2502.0,£m,Profit after tax in respect of continuing operations,Total equity,Total assets,,,,,,,,,,FY2023 (£m)
FCE BANK,FY2022,10.95,11.47,1.61,287.0,2502.0,17803.0,2742.0,£m,Profit after tax in respect of continuing operations,Total equity,Total assets,,,,,,,,,,FY2022 (£m)
FCE BANK,FY2021,5.36,5.62,1.02,154.0,2742.0,15065.0,3003.0,£m,Profit after tax in respect of continuing operations,Total equity,Total assets,,,,,,,,,,FY2021 (£m)
FCMB UK,FY2025,-6.28,-6.73,-0.62,-2787.1,41433.2,451390.7,47350.9,£'000,Profit/(Loss) for the year,Total equity,Total assets,,,,,,,,,,FY2025 (£'000)
FCMB UK,FY2024,4.24,4.06,0.46,1924.4,47350.9,416637.4,43429.4,£'000,Profit/(Loss) for the year,Total equity,Total assets,,,,,,,,,,FY2024 (£'000)
FCMB UK,FY2023,8.66,7.97,0.96,3460.6,43429.4,362314.5,36482.0,£'000,Profit/(Loss) for the year,Total equity,Total assets,,,,,,,,,,FY2023 (£'000)
FCMB UK,FY2022,5.57,5.33,0.46,1946.0,36482.0,425778.8,33373.9,£'000,Profit/(Loss) for the year,Total equity,Total assets,,,,,,,,,,FY2022 (£'000)
FCMB UK,FY2021,3.63,3.56,0.4,1189.3,33373.9,297650.4,32098.0,£'000,Profit/(Loss) for the year,Total equity,Total assets,,,,,,,,,,FY2021 (£'000)
FIDBANK UK,FY2025,1.62,1.67,0.21,697.0,41689.6,333423.7,44296.8,"£'000, conv. from USD",Profit/(Loss) for the year after tax,Total equity,Total Assets,,,,,,,,,,"FY2025 (£'000, conv. from USD)"
FIDBANK UK,FY2024,-3.75,-3.79,-0.77,-1680.5,44296.8,217856.0,45273.2,"£'000, conv. from USD",Profit/(Loss) for the year after tax,Total equity,Total Assets,,,,,,,,,,"FY2024 (£'000, conv. from USD)"
FIDBANK UK,FY2023,-6.46,-5.34,-1.62,-2418.4,45273.2,149298.4,29599.2,"£'000, conv. from USD",Profit/(Loss) for the year after tax,Total equity,Total Assets,,,,,,,,,,"FY2023 (£'000, conv. from USD)"
FIDBANK UK,FY2022,,-14.78,-5.43,-4375.6,29599.2,80527.5,,"£'000, conv. from USD",Profit/(Loss) for the year after tax,Total equity,Total Assets,,,,,,,average-equity basis needs the prior year; year-end basis given,,,"FY2022 (£'000, conv. from USD)"
FIDBANK UK,FY2021,,,,,,,,"£'000, conv. from USD",Profit/(Loss) for the year after tax,Total equity,Total Assets,,,,,,,no statement figures for this year in the workbook,,,
FIRSTBANK UK,FY2025,10.04,9.56,1.31,40409.0,422669.0,3085183.0,382303.0,"$'000, FY2021 conv. from £",Profit for the year,Equity shareholders' funds,Total assets,,,,,,,,,,"FY2025 ($'000, FY2021 conv. from £)"
FIRSTBANK UK,FY2024,12.74,11.98,1.44,45781.0,382303.0,3174323.0,336454.0,"$'000, FY2021 conv. from £",Profit for the year,Equity shareholders' funds,Total assets,,,,,,,,,,"FY2024 ($'000, FY2021 conv. from £)"
FIRSTBANK UK,FY2023,11.41,10.79,1.47,36315.0,336454.0,2464043.0,300139.0,"$'000, FY2021 conv. from £",Profit for the year,Equity shareholders' funds,Total assets,,,,,,,,,,"FY2023 ($'000, FY2021 conv. from £)"
FIRSTBANK UK,FY2022,15.76,15.37,1.32,46146.0,300139.0,3492632.0,285340.0,"$'000, FY2021 conv. from £",Profit for the year,Equity shareholders' funds,Total assets,,,,,,,,,,"FY2022 ($'000, FY2021 conv. from £)"
FIRSTBANK UK,FY2021,14.14,13.28,1.08,37886.0,285340.0,3507813.0,250659.0,"$'000, FY2021 conv. from £",Profit for the year,Equity shareholders' funds,Total assets,,,,,,,,,,"FY2021 ($'000, FY2021 conv. from £)"
GATEHOUSE BANK,FY2025,-11.25,-11.87,-0.81,-11367.0,95766.0,1398211.0,106372.0,£'000,(Loss)/profit for the year,Total equity,Total assets,,,,,,,,,,FY2025 (£'000)
GATEHOUSE BANK,FY2024,3.64,3.57,0.27,3800.0,106372.0,1415108.0,102228.0,£'000,(Loss)/profit for the year,Total equity,Total assets,3.64,ROE,3.64,0.26,https://thebanks.eu/banks/14539,0.0,,,,FY2024 (£'000)
GATEHOUSE BANK,FY2023,3.14,3.09,0.21,3157.0,102228.0,1469773.0,98784.0,£'000,(Loss)/profit for the year,Total equity,Total assets,,,,,,,,,,FY2023 (£'000)
GATEHOUSE BANK,FY2022,7.69,8.23,0.61,8128.0,98784.0,1335927.0,112652.0,£'000,(Loss)/profit for the year,Total equity,Total assets,,,,,,,,,,FY2022 (£'000)
GATEHOUSE BANK,FY2021,,3.07,0.34,3464.0,112652.0,1026358.0,,£'000,(Loss)/profit for the year,Total equity,Total assets,,,,,,,average-equity basis needs the prior year; year-end basis given,,,FY2021 (£'000)
GB BANK,FY2025,6.05,4.93,0.21,5424.0,110003.0,2589500.0,69289.0,£'000,Profit/(loss) for the year/period,Total equity,Total assets,,,,,,,,,,FY2025 (£'000)
GB BANK,FY2024,-13.02,-8.33,-0.5,-5770.0,69289.0,1157740.0,19331.0,£'000,Profit/(loss) for the year/period,Total equity,Total assets,,,,,,,,,,FY2024 (£'000)
GB BANK,FY2023,-33.95,-36.42,-2.1,-7040.0,19331.0,335490.0,22147.0,£'000,Profit/(loss) for the year/period,Total equity,Total assets,,,,,,,,,,FY2023 (£'000)
GB BANK,FY2022,-44.05,-38.52,-24.4,-8531.0,22147.0,34969.0,16586.0,£'000,Profit/(loss) for the year/period,Total equity,Total assets,,,,,,,,,,FY2022 (£'000)
GB BANK,FY2021,,-49.35,-46.5,-8186.0,16586.0,17606.0,,£'000,Profit/(loss) for the year/period,Total equity,Total assets,,,,,,,average-equity basis needs the prior year; year-end basis given,,,FY2021 (£'000)
GHANA INTERNATIONAL BANK,FY2025,3.15,3.09,0.46,5402714.0,174718204.0,1184847200.0,168466456.0,£,Profit/(Loss) for the year,Total Equity,Total assets,,,,,,,,,,FY2025 (£)
GHANA INTERNATIONAL BANK,FY2024,2.56,2.51,0.39,4236801.0,168466456.0,1095686063.0,162328173.0,£,Profit/(Loss) for the year,Total Equity,Total assets,2.56,ROE,,,,0.0,,,,FY2024 (£)
GHANA INTERNATIONAL BANK,FY2023,1.94,1.92,0.39,3112295.0,162328173.0,800648688.0,157848993.0,£,Profit/(Loss) for the year,Total Equity,Total assets,,,,,,,,,,FY2023 (£)
GHANA INTERNATIONAL BANK,FY2022,-6.51,-5.73,-1.0,-9042978.0,157848993.0,899850273.0,120065401.0,£,Profit/(Loss) for the year,Total Equity,Total assets,,,,,,,,,,FY2022 (£)
GHANA INTERNATIONAL BANK,FY2021,-7.18,-7.53,-1.18,-9043124.0,120065401.0,766627624.0,131806062.0,£,Profit/(Loss) for the year,Total Equity,Total assets,,,,,,,,,,FY2021 (£)
GOLDMAN SACHS INTERNATIONAL BANK,FY2025,10.05,9.8,0.45,369.9,3773.8,81905.9,3586.1,"£m, conv. from USD",Profit for the financial year,Total shareholder's equity,Total assets,,,,,,,,,,"FY2025 (£m, conv. from USD)"
GOLDMAN SACHS INTERNATIONAL BANK,FY2024,10.63,9.99,0.5,358.3,3586.1,71740.3,3155.8,"£m, conv. from USD",Profit for the financial year,Total shareholder's equity,Total assets,,,,,,,,,,"FY2024 (£m, conv. from USD)"
GOLDMAN SACHS INTERNATIONAL BANK,FY2023,13.5,12.89,0.58,406.8,3155.8,70569.4,2871.8,"£m, conv. from USD",Profit for the financial year,Total shareholder's equity,Total assets,,,,,,,,,,"FY2023 (£m, conv. from USD)"
GOLDMAN SACHS INTERNATIONAL BANK,FY2022,6.45,6.14,0.28,176.3,2871.8,63635.6,2590.8,"£m, conv. from USD",Profit for the financial year,Total shareholder's equity,Total assets,,,,,,,,,,"FY2022 (£m, conv. from USD)"
GOLDMAN SACHS INTERNATIONAL BANK,FY2021,,5.64,0.23,146.2,2590.8,63990.8,,"£m, conv. from USD",Profit for the financial year,Total shareholder's equity,Total assets,,,,,,,average-equity basis needs the prior year; year-end basis given,,,"FY2021 (£m, conv. from USD)"
GRIFFIN BANK,FY2025,-76.12,-73.05,-10.09,-12058149.0,16507699.0,119551420.0,15174425.0,£,Loss for the year/period after taxation,Total equity,Total assets,,,,,,,,,,FY2025 (£)
GRIFFIN BANK,FY2024,-107.7,-84.95,-68.84,-12889929.0,15174425.0,18725660.0,8761243.0,£,Loss for the year/period after taxation,Total equity,Total assets,-107.64,ROE,,,,-0.06,,magnitude over 100% - check the equity base before quoting,,FY2024 (£)
GRIFFIN BANK,FY2023,,-145.18,-124.32,-12719584.0,8761243.0,10231714.0,,£,Loss for the year/period after taxation,Total equity,Total assets,,,,,,,average-equity basis needs the prior year; year-end basis given,,"NOT a 12-month period: (15mo). Profit covers this period while equity and assets are point-in-time, so the ratio is not comparable to the bank's other years or to other banks.",FY2023 (15mo) (£)
GRIFFIN BANK,FY2022,,,,,,,,£,Loss for the year/period after taxation,Total equity,Total assets,,,,,,,"no such reporting period - an adjacent column covers more than 12 months, so this year was never reported separately. NOT a gap to chase; see Period and entity flags.",,,
GRIFFIN BANK,FY2021,,,,,,,,£,Loss for the year/period after taxation,Total equity,Total assets,,,,,,,no statement figures for this year in the workbook,,,
GUARANTY TRUST BANK UK,FY2025,,,,,,,48075379.0,£,Profit/(Loss) for the year,Shareholders' funds (Total equity),Total assets,,,,,,,no statement figures for this year in the workbook,,,FY2025 (£)
GUARANTY TRUST BANK UK,FY2024,19.75,17.97,1.48,8638639.0,48075379.0,583445887.0,39390993.0,£,Profit/(Loss) for the year,Shareholders' funds (Total equity),Total assets,,,,,,,,,,FY2024 (£)
GUARANTY TRUST BANK UK,FY2023,30.73,26.42,2.21,10406901.0,39390993.0,470783450.0,28344378.0,£,Profit/(Loss) for the year,Shareholders' funds (Total equity),Total assets,,,,,,,,,,FY2023 (£)
GUARANTY TRUST BANK UK,FY2022,14.5,13.67,0.62,3874638.0,28344378.0,626844615.0,25089641.0,£,Profit/(Loss) for the year,Shareholders' funds (Total equity),Total assets,,,,,,,,,,FY2022 (£)
GUARANTY TRUST BANK UK,FY2021,,-33.2,-1.7,-8329814.0,25089641.0,490836145.0,,£,Profit/(Loss) for the year,Shareholders' funds (Total equity),Total assets,,,,,,,average-equity basis needs the prior year; year-end basis given,,,FY2021 (£)
GULF INTERNATIONAL BANK UK,FY2025,2.92,2.99,0.07,10.5,350.6,15490.2,367.4,"£m, conv. from USD",Profit/(loss) for the year,Total equity,Total assets,,,,,,,,,,"FY2025 (£m, conv. from USD)"
GULF INTERNATIONAL BANK UK,FY2024,5.17,5.12,0.16,18.8,367.4,11585.2,359.8,"£m, conv. from USD",Profit/(loss) for the year,Total equity,Total assets,5.23,ROE,,,,-0.06,,,,"FY2024 (£m, conv. from USD)"
GULF INTERNATIONAL BANK UK,FY2023,9.09,8.92,0.19,32.1,359.8,16936.1,346.1,"£m, conv. from USD",Profit/(loss) for the year,Total equity,Total assets,,,,,,,,,,"FY2023 (£m, conv. from USD)"
GULF INTERNATIONAL BANK UK,FY2022,1.79,1.68,0.07,5.8,346.1,8481.1,300.9,"£m, conv. from USD",Profit/(loss) for the year,Total equity,Total assets,,,,,,,,,,"FY2022 (£m, conv. from USD)"
GULF INTERNATIONAL BANK UK,FY2021,-1.7,-1.66,-0.06,-5.0,300.9,7822.2,287.4,"£m, conv. from USD",Profit/(loss) for the year,Total equity,Total assets,,,,,,,,,,"FY2021 (£m, conv. from USD)"
HABIB BANK ZURICH,FY2025,8.2,8.04,0.68,10023.0,124587.0,1483269.0,119896.0,£'000,Profit after tax,Total equity,Total assets,,,,,,,,,,FY2025 (£'000)
HABIB BANK ZURICH,FY2024,9.95,9.25,0.86,11087.0,119896.0,1284398.0,102879.0,£'000,Profit after tax,Total equity,Total assets,9.95,ROE,,,,0.0,,,,FY2024 (£'000)
HABIB BANK ZURICH,FY2023,13.05,12.2,1.1,12552.0,102879.0,1145027.0,89508.0,£'000,Profit after tax,Total equity,Total assets,,,,,,,,,,FY2023 (£'000)
HABIB BANK ZURICH,FY2022,6.49,6.37,0.56,5700.0,89508.0,1019038.0,86203.0,£'000,Profit after tax,Total equity,Total assets,,,,,,,,,,FY2022 (£'000)
HABIB BANK ZURICH,FY2021,5.65,5.19,0.5,4475.0,86203.0,892077.0,72182.0,£'000,Profit after tax,Total equity,Total assets,,,,,,,,,,FY2021 (£'000)
HAMPDEN & CO,FY2025,5.48,5.42,0.41,4989.0,92036.0,1227049.0,90108.0,£'000,Profit/(loss) for the year and total comprehensive profit/(loss),Total equity,Total assets,,,,,,,,,,FY2025 (£'000)
HAMPDEN & CO,FY2024,10.56,10.11,0.84,9111.0,90108.0,1089302.0,82424.0,£'000,Profit/(loss) for the year and total comprehensive profit/(loss),Total equity,Total assets,,,,,,,,,,FY2024 (£'000)
HAMPDEN & CO,FY2023,10.44,9.84,0.86,8107.0,82424.0,946163.0,72852.0,£'000,Profit/(loss) for the year and total comprehensive profit/(loss),Total equity,Total assets,,,,,,,,,,FY2023 (£'000)
HAMPDEN & CO,FY2022,10.55,9.42,0.78,6864.0,72852.0,874485.0,57302.0,£'000,Profit/(loss) for the year and total comprehensive profit/(loss),Total equity,Total assets,,,,,,,,,,FY2022 (£'000)
HAMPDEN & CO,FY2021,-5.47,-5.18,-0.39,-2970.0,57302.0,756181.0,51339.0,£'000,Profit/(loss) for the year and total comprehensive profit/(loss),Total equity,Total assets,,,,,,,,,,FY2021 (£'000)
HAMPSHIRE TRUST BANK,FY2025,14.86,13.84,0.98,60116.0,434367.0,6126399.0,374559.0,£'000,Profit after tax for the year,Total equity,Total assets,,,,,,,,,,FY2025 (£'000)
HAMPSHIRE TRUST BANK,FY2024,15.22,14.16,0.98,53054.0,374559.0,5387529.0,322801.0,£'000,Profit after tax for the year,Total equity,Total assets,15.6,ROE,,,,-0.38,,,,FY2024 (£'000)
HAMPSHIRE TRUST BANK,FY2023,23.13,20.84,1.66,67273.0,322801.0,4063807.0,258864.0,£'000,Profit after tax for the year,Total equity,Total assets,,,,,,,,,,FY2023 (£'000)
HAMPSHIRE TRUST BANK,FY2022,24.14,20.87,1.69,54033.0,258864.0,3200482.0,188836.0,£'000,Profit after tax for the year,Total equity,Total assets,,,,,,,,,,FY2022 (£'000)
HAMPSHIRE TRUST BANK,FY2021,11.99,10.89,0.94,20562.0,188836.0,2190531.0,154058.0,£'000,Profit after tax for the year,Total equity,Total assets,,,,,,,,,,FY2021 (£'000)
HANDELSBANKEN,FY2025,12.0,12.44,1.02,303861.0,2442808.0,29804612.0,2623634.0,£'000,Profit for the year,Total equity,Total assets,,,,,,,,,,FY2025 (£'000)
HANDELSBANKEN,FY2024,13.03,13.69,1.17,359290.0,2623634.0,30713857.0,2889685.0,£'000,Profit for the year,Total equity,Total assets,13.03,ROE,,,,0.0,,,,FY2024 (£'000)
HANDELSBANKEN,FY2023,14.77,14.39,1.28,415740.0,2889685.0,32367941.0,2739461.0,£'000,Profit for the year,Total equity,Total assets,,,,,,,,,,FY2023 (£'000)
HANDELSBANKEN,FY2022,9.67,9.22,0.77,252632.0,2739461.0,32764625.0,2486829.0,£'000,Profit for the year,Total equity,Total assets,,,,,,,,,,FY2022 (£'000)
HANDELSBANKEN,FY2021,4.06,3.99,0.3,99113.0,2486829.0,32658251.0,2392453.0,£'000,Profit for the year,Total equity,Total assets,,,,,,,,,,FY2021 (£'000)
HAVIN BANK,FY2025,1.04,1.07,0.22,244617.0,22827949.0,110335587.0,24183332.0,£,Profit/(loss) for the year and total comprehensive income/(loss),Total equity (Shareholders' funds),Total Assets,,,,,,,,,,FY2025 (£)
HAVIN BANK,FY2024,2.46,2.43,0.53,587118.0,24183332.0,110109348.0,23594030.0,£,Profit/(loss) for the year and total comprehensive income/(loss),Total equity (Shareholders' funds),Total Assets,2.46,ROE,,,,0.0,,,,FY2024 (£)
HAVIN BANK,FY2023,3.1,3.05,0.59,720375.0,23594030.0,121957736.0,22873655.0,£,Profit/(loss) for the year and total comprehensive income/(loss),Total equity (Shareholders' funds),Total Assets,,,,,,,,,,FY2023 (£)
HAVIN BANK,FY2022,1.61,1.6,0.3,364978.0,22873655.0,122383421.0,22508678.0,£,Profit/(loss) for the year and total comprehensive income/(loss),Total equity (Shareholders' funds),Total Assets,,,,,,,,,,FY2022 (£)
HAVIN BANK,FY2021,,-1.17,-0.22,-264364.0,22508678.0,121038862.0,,£,Profit/(loss) for the year and total comprehensive income/(loss),Total equity (Shareholders' funds),Total Assets,,,,,,,average-equity basis needs the prior year; year-end basis given,,,FY2021 (£)
HBL BANK UK,FY2025,5.83,5.71,0.9,5008.0,87654.0,556704.0,84200.0,£'000,Profit/(loss) for the year,Total equity,Total assets,,,,,,,,,,FY2025 (£'000)
HBL BANK UK,FY2024,12.59,11.92,1.78,10037.0,84200.0,564147.0,75252.0,£'000,Profit/(loss) for the year,Total equity,Total assets,12.59,ROE,,,,0.0,,,,FY2024 (£'000)
HBL BANK UK,FY2023,10.64,10.31,1.53,7755.0,75252.0,505947.0,70482.0,£'000,Profit/(loss) for the year,Total equity,Total assets,,,,,,,,,,FY2023 (£'000)
HBL BANK UK,FY2022,7.1,6.8,0.89,4791.0,70482.0,538789.0,64514.0,£'000,Profit/(loss) for the year,Total equity,Total assets,,,,,,,,,,FY2022 (£'000)
HBL BANK UK,FY2021,,-8.82,-1.03,-5691.0,64514.0,554142.0,,£'000,Profit/(loss) for the year,Total equity,Total assets,,,,,,,average-equity basis needs the prior year; year-end basis given,,,FY2021 (£'000)
HSBC BANK PLC,FY2025,-2.21,-2.25,-0.08,-581.0,25801.0,707696.0,26895.0,£m,(Loss)/profit for the year,Total shareholders' equity,Total assets,,,,,,,,,,FY2025 (£m)
HSBC BANK PLC,FY2024,5.01,4.77,0.18,1283.0,26895.0,727330.0,24359.0,£m,(Loss)/profit for the year,Total shareholders' equity,Total assets,4.86,ROE,,,,0.15,,,,FY2024 (£m)
HSBC BANK PLC,FY2023,7.15,7.08,0.25,1725.0,24359.0,702970.0,23875.0,£m,(Loss)/profit for the year,Total shareholders' equity,Total assets,,,,,,,,,,FY2023 (£m)
HSBC BANK PLC,FY2022,-1.68,-1.67,-0.06,-398.0,23875.0,717353.0,23584.0,£m,(Loss)/profit for the year,Total shareholders' equity,Total assets,,,,,,,,,,FY2022 (£m)
HSBC BANK PLC,FY2021,4.43,4.44,0.18,1046.0,23584.0,596611.0,23666.0,£m,(Loss)/profit for the year,Total shareholders' equity,Total assets,,,,,,,,,,FY2021 (£m)
HSBC INNOVATION BANK,FY2025,13.76,13.5,2.03,215425.0,1595223.0,10609052.0,1536842.0,£'000,Profit/(loss) for the year,Total equity,Total assets,,,,,,,,,,FY2025 (£'000)
HSBC INNOVATION BANK,FY2024,10.23,9.63,1.54,148025.0,1536842.0,9635345.0,1356461.0,£'000,Profit/(loss) for the year,Total equity,Total assets,10.23,ROE,,,,0.0,,,,FY2024 (£'000)
HSBC INNOVATION BANK,FY2023,-1.27,-1.28,-0.19,-17345.0,1356461.0,8930698.0,1374984.0,£'000,Profit/(loss) for the year,Total equity,Total assets,,,,,,,,,,FY2023 (£'000)
HSBC INNOVATION BANK,FY2022,,4.44,0.49,61005.0,1374984.0,12501340.0,,£'000,Profit/(loss) for the year,Total equity,Total assets,,,,,,,average-equity basis needs the prior year; year-end basis given,,,FY2022 (£'000)
HSBC INNOVATION BANK,FY2021,,,,,,,,£'000,Profit/(loss) for the year,Total equity,Total assets,,,,,,,no statement figures for this year in the workbook,,,
HSBC UK BANK PLC,FY2025,15.15,14.52,1.15,4102.0,28241.0,355930.0,25911.0,£m,Profit for the year,Total shareholders' equity,Total assets,,,,,,,,,,FY2025 (£m)
HSBC UK BANK PLC,FY2024,15.94,15.97,1.21,4139.0,25911.0,340877.0,26010.0,£m,Profit for the year,Total shareholders' equity,Total assets,,,,,,,,,,FY2024 (£m)
HSBC UK BANK PLC,FY2023,21.81,20.2,1.58,5254.0,26010.0,332876.0,22166.0,£m,Profit for the year,Total shareholders' equity,Total assets,,,,,,,,,,FY2023 (£m)
HSBC UK BANK PLC,FY2022,12.53,12.97,0.84,2876.0,22166.0,342441.0,23745.0,£m,Profit for the year,Total shareholders' equity,Total assets,,,,,,,,,,FY2022 (£m)
HSBC UK BANK PLC,FY2021,10.18,9.97,0.68,2368.0,23745.0,346063.0,22798.0,£m,Profit for the year,Total shareholders' equity,Total assets,,,,,,,,,,FY2021 (£m)
ICBC (LONDON) PLC,FY2025,7.55,7.25,1.79,42880.0,591416.0,2393946.0,544650.0,$'000,Profit for the financial year,Total Share Capital and Reserves,Total Assets,,,,,,,,,,FY2025 ($'000)
ICBC (LONDON) PLC,FY2024,7.59,7.28,2.33,39663.0,544650.0,1702129.0,501030.0,$'000,Profit for the financial year,Total Share Capital and Reserves,Total Assets,7.59,ROE,,,,0.0,,,,FY2024 ($'000)
ICBC (LONDON) PLC,FY2023,5.39,5.22,1.73,26135.0,501030.0,1514720.0,467879.0,$'000,Profit for the financial year,Total Share Capital and Reserves,Total Assets,,,,,,,,,,FY2023 ($'000)
ICBC (LONDON) PLC,FY2022,2.43,2.43,0.74,11367.0,467879.0,1538139.0,467598.0,$'000,Profit for the financial year,Total Share Capital and Reserves,Total Assets,,,,,,,,,,FY2022 ($'000)
ICBC (LONDON) PLC,FY2021,3.36,3.32,1.09,15516.0,467598.0,1420688.0,456485.0,$'000,Profit for the financial year,Total Share Capital and Reserves,Total Assets,,,,,,,,,,FY2021 ($'000)
ICBC STANDARD BANK PLC,FY2025,11.04,10.55,0.59,224.9,2131.4,37800.7,1943.7,$m,Profit attributable to equity shareholders,Total equity (attributable to ordinary shareholders),Total assets,,,,,,,,,,FY2025 ($m)
ICBC STANDARD BANK PLC,FY2024,8.21,8.05,0.59,156.5,1943.7,26600.4,1870.9,$m,Profit attributable to equity shareholders,Total equity (attributable to ordinary shareholders),Total assets,,,,,,,,,,FY2024 ($m)
ICBC STANDARD BANK PLC,FY2023,10.53,10.0,0.8,187.1,1870.9,23247.1,1682.0,$m,Profit attributable to equity shareholders,Total equity (attributable to ordinary shareholders),Total assets,,,,,,,,,,FY2023 ($m)
ICBC STANDARD BANK PLC,FY2022,20.78,18.85,1.4,317.1,1682.0,22627.3,1370.0,$m,Profit attributable to equity shareholders,Total equity (attributable to ordinary shareholders),Total assets,,,,,,,,,,FY2022 ($m)
ICBC STANDARD BANK PLC,FY2021,7.38,7.2,0.38,98.6,1370.0,26268.5,1301.5,$m,Profit attributable to equity shareholders,Total equity (attributable to ordinary shareholders),Total assets,,,,,,,,,,FY2021 ($m)
ICICI BANK UK,FY2025,7.78,7.62,1.11,26828.0,351941.0,2421613.0,337469.0,USD'000,Profit for the year,Total Equity,Total assets,,,,,,,,,,FY2025 (USD'000)
ICICI BANK UK,FY2024,8.78,8.53,1.31,28777.0,337469.0,2203260.0,318343.0,USD'000,Profit for the year,Total Equity,Total assets,8.78,ROE,,,,0.0,,,,FY2024 (USD'000)
ICICI BANK UK,FY2023,4.1,4.09,0.61,13010.0,318343.0,2142060.0,315872.0,USD'000,Profit for the year,Total Equity,Total assets,,,,,,,,,,FY2023 (USD'000)
ICICI BANK UK,FY2022,2.65,3.45,0.49,10901.0,315872.0,2241973.0,506741.0,USD'000,Profit for the year,Total Equity,Total assets,,,,,,,,,,FY2022 (USD'000)
ICICI BANK UK,FY2021,3.08,2.92,0.5,14792.0,506741.0,2956754.0,453332.0,USD'000,Profit for the year,Total Equity,Total assets,,,,,,,,,,FY2021 (USD'000)
IFAST GLOBAL BANK LIMITED,FY2025,3.96,3.58,0.33,3434.0,95877.0,1052008.0,77347.0,£'000,Profit/(loss) for the year,Total equity,Total assets,,,,,,,,,,FY2025 (£'000)
IFAST GLOBAL BANK LIMITED,FY2024,-4.21,-3.18,-0.35,-2460.0,77347.0,700615.0,39481.0,£'000,Profit/(loss) for the year,Total equity,Total assets,,,,,,,,,,FY2024 (£'000)
IFAST GLOBAL BANK LIMITED,FY2023,-15.32,-14.46,-1.98,-5710.0,39481.0,288288.0,35081.0,£'000,Profit/(loss) for the year,Total equity,Total assets,,,,,,,,,,FY2023 (£'000)
IFAST GLOBAL BANK LIMITED,FY2022,-45.62,-33.83,-9.93,-11868.0,35081.0,119485.0,16949.0,£'000,Profit/(loss) for the year,Total equity,Total assets,,,,,,,,,,FY2022 (£'000)
IFAST GLOBAL BANK LIMITED,FY2021,,-18.2,-4.3,-3085.0,16949.0,71736.0,,£'000,Profit/(loss) for the year,Total equity,Total assets,,,,,,,average-equity basis needs the prior year; year-end basis given,,,FY2021 (£'000)
INVESTEC BANK PLC,FY2025,10.07,9.98,1.23,366431.0,3672680.0,29734085.0,3606218.0,£'000,Profit after taxation from continuing operations,Total equity,Total assets,,,,,,,,,,FY2025 (£'000)
INVESTEC BANK PLC,FY2024,10.17,9.02,1.09,325213.0,3606218.0,29838043.0,2789454.0,£'000,Profit after taxation from continuing operations,Total equity,Total assets,,,,,,,,,,FY2024 (£'000)
INVESTEC BANK PLC,FY2023,11.75,11.24,1.11,313609.0,2789454.0,28242603.0,2547185.0,£'000,Profit after taxation from continuing operations,Total equity,Total assets,,,,,,,,,,FY2023 (£'000)
INVESTEC BANK PLC,FY2022,9.48,9.14,0.84,232881.0,2547185.0,27588676.0,2364920.0,£'000,Profit after taxation from continuing operations,Total equity,Total assets,,,,,,,,,,FY2022 (£'000)
INVESTEC BANK PLC,FY2021,2.68,2.66,0.26,62948.0,2364920.0,24395538.0,2331172.0,£'000,Profit after taxation from continuing operations,Total equity,Total assets,,,,,,,,,,FY2021 (£'000)
ITAU BBA INTERNATIONAL,FY2025,4.27,4.18,1.14,90082.0,2154474.0,7896227.0,2062914.0,USD'000,Profit for the year,Total Equity,Total Assets,,,,,,,,,,FY2025 (USD'000)
ITAU BBA INTERNATIONAL,FY2024,4.91,4.79,1.11,98827.0,2062914.0,8937146.0,1963716.0,USD'000,Profit for the year,Total Equity,Total Assets,,,,,,,,,,FY2024 (USD'000)
ITAU BBA INTERNATIONAL,FY2023,3.74,3.2,0.78,62794.0,1963716.0,8085575.0,1398537.0,USD'000,Profit for the year,Total Equity,Total Assets,,,,,,,,,,FY2023 (USD'000)
ITAU BBA INTERNATIONAL,FY2022,5.33,5.2,1.04,72745.0,1398537.0,6981727.0,1329874.0,USD'000,Profit for the year,Total Equity,Total Assets,,,,,,,,,,FY2022 (USD'000)
ITAU BBA INTERNATIONAL,FY2021,3.27,3.23,0.72,43010.0,1329874.0,5963514.0,1303897.0,USD'000,Profit for the year,Total Equity,Total Assets,,,,,,,,,,FY2021 (USD'000)
JORDAN INTERNATIONAL BANK,FY2025,1.77,1.75,0.38,1678.0,95728.0,444633.0,93921.0,£'000,Profit for the financial year,Shareholders' Funds,Total Assets,,,,,,,,,,FY2025 (£'000)
JORDAN INTERNATIONAL BANK,FY2024,5.43,5.29,1.02,4966.0,93921.0,484970.0,88961.0,£'000,Profit for the financial year,Shareholders' Funds,Total Assets,,,,,,,,,,FY2024 (£'000)
JORDAN INTERNATIONAL BANK,FY2023,5.68,5.51,1.1,4904.0,88961.0,446609.0,83789.0,£'000,Profit for the financial year,Shareholders' Funds,Total Assets,,,,,,,,,,FY2023 (£'000)
JORDAN INTERNATIONAL BANK,FY2022,3.96,4.19,0.82,3510.0,83789.0,429969.0,93319.0,£'000,Profit for the financial year,Shareholders' Funds,Total Assets,,,,,,,,,,FY2022 (£'000)
JORDAN INTERNATIONAL BANK,FY2021,2.97,2.94,0.71,2746.0,93319.0,384254.0,91392.0,£'000,Profit for the financial year,Shareholders' Funds,Total Assets,,,,,,,,,,FY2021 (£'000)
JP MORGAN EUROPE,FY2025,4.65,4.41,0.39,114294.0,2593990.0,29435906.0,2326972.0,£'000,Profit/(loss) for the year,Total equity,Total assets,,,,,,,,,,FY2025 (£'000)
JP MORGAN EUROPE,FY2024,1.43,1.15,0.11,26775.0,2326972.0,25449940.0,1429544.0,£'000,Profit/(loss) for the year,Total equity,Total assets,,,,,,,,,,FY2024 (£'000)
JP MORGAN EUROPE,FY2023,0.67,0.67,0.05,9522.0,1429544.0,18783436.0,1418616.0,£'000,Profit/(loss) for the year,Total equity,Total assets,,,,,,,,,,FY2023 (£'000)
JP MORGAN EUROPE,FY2022,-9.91,-10.43,-1.08,-147963.0,1418616.0,13708519.0,1566579.0,£'000,Profit/(loss) for the year,Total equity,Total assets,,,,,,,,,,FY2022 (£'000)
JP MORGAN EUROPE,FY2021,,-5.17,-3.03,-80971.0,1566579.0,2672969.0,,£'000,Profit/(loss) for the year,Total equity,Total assets,,,,,,,average-equity basis needs the prior year; year-end basis given,,,FY2021 (£'000)
JP MORGAN SECURITIES,FY2025,4.78,4.71,0.28,2344078.0,49784842.0,830883547.0,48218152.0,$'000,Profit for the financial year,Total equity,Total assets,,,,,,,,,,FY2025 ($'000)
JP MORGAN SECURITIES,FY2024,5.49,5.38,0.37,2596449.0,48218152.0,697596028.0,46394580.0,$'000,Profit for the financial year,Total equity,Total assets,,,,,,,,,,FY2024 ($'000)
JP MORGAN SECURITIES,FY2023,5.55,5.56,0.39,2578173.0,46394580.0,668549730.0,46489010.0,$'000,Profit for the financial year,Total equity,Total assets,,,,,,,,,,FY2023 ($'000)
JP MORGAN SECURITIES,FY2022,,5.26,0.35,2446681.0,46489010.0,703247454.0,,$'000,Profit for the financial year,Total equity,Total assets,,,,,,,average-equity basis needs the prior year; year-end basis given,,,FY2022 ($'000)
JP MORGAN SECURITIES,FY2021,,,,,,,,$'000,Profit for the financial year,Total equity,Total assets,,,,,,,no statement figures for this year in the workbook,,,
JULIAN HODGE BANK,FY2025,-2.15,-2.17,-0.18,-3.9,179.8,2122.6,183.2,£m,Profit/(loss) for the financial year,Total equity,Total assets,,,,,,,,,,FY2025 (£m)
JULIAN HODGE BANK,FY2024,-0.93,-0.93,-0.08,-1.7,183.2,2008.8,183.8,£m,Profit/(loss) for the financial year,Total equity,Total assets,,,,,,,,,,FY2024 (£m)
JULIAN HODGE BANK,FY2023,-0.11,-0.11,-0.01,-0.2,183.8,1823.1,185.0,£m,Profit/(loss) for the financial year,Total equity,Total assets,,,,,,,,,,FY2023 (£m)
JULIAN HODGE BANK,FY2022,2.88,2.59,0.26,4.8,185.0,1860.8,148.6,£m,Profit/(loss) for the financial year,Total equity,Total assets,,,,,,,,,,FY2022 (£m)
JULIAN HODGE BANK,FY2021,4.01,3.9,0.34,5.8,148.6,1713.4,141.0,£m,Profit/(loss) for the financial year,Total equity,Total assets,,,,,,,,,,FY2021 (£m)
KEXIM BANK UK,FY2025,2.38,2.34,0.42,2537458.0,108444112.0,604228751.0,104741303.0,£,Profit on ordinary activities after tax,Total shareholders' funds,Total assets,,,,,,,,,,FY2025 (£)
KEXIM BANK UK,FY2024,2.73,2.67,0.48,2801238.0,104741303.0,586007552.0,100629950.0,£,Profit on ordinary activities after tax,Total shareholders' funds,Total assets,,,,,,,,,,FY2024 (£)
KEXIM BANK UK,FY2023,2.42,2.35,0.45,2365638.0,100629950.0,524250678.0,94988669.0,£,Profit on ordinary activities after tax,Total shareholders' funds,Total assets,,,,,,,,,,FY2023 (£)
KEXIM BANK UK,FY2022,2.63,2.65,0.48,2517434.0,94988669.0,521204305.0,96728571.0,£,Profit on ordinary activities after tax,Total shareholders' funds,Total assets,,,,,,,,,,FY2022 (£)
KEXIM BANK UK,FY2021,,1.29,0.32,1248398.0,96728571.0,386490055.0,,£,Profit on ordinary activities after tax,Total shareholders' funds,Total assets,,,,,,,average-equity basis needs the prior year; year-end basis given,,,FY2021 (£)
KINGDOM BANK,FY2025,-5.13,-5.09,-0.5,-804.0,15808.0,160171.0,15512.0,£'000,(Loss)/profit and total comprehensive income for the financial year,Total shareholders' funds,Total assets,,,,,,,,,,FY2025 (£'000)
KINGDOM BANK,FY2024,2.2,1.8,0.2,279.0,15512.0,138492.0,9876.0,£'000,(Loss)/profit and total comprehensive income for the financial year,Total shareholders' funds,Total assets,,,,,,,,,,FY2024 (£'000)
KINGDOM BANK,FY2023,5.44,5.3,0.46,523.0,9876.0,113509.0,9353.0,£'000,(Loss)/profit and total comprehensive income for the financial year,Total shareholders' funds,Total assets,,,,,,,,,,FY2023 (£'000)
KINGDOM BANK,FY2022,1.21,1.09,0.11,102.0,9353.0,89022.0,7451.0,£'000,(Loss)/profit and total comprehensive income for the financial year,Total shareholders' funds,Total assets,,,,,,,,,,FY2022 (£'000)
KINGDOM BANK,FY2021,9.56,9.13,0.9,680.0,7451.0,75541.0,6771.0,£'000,(Loss)/profit and total comprehensive income for the financial year,Total shareholders' funds,Total assets,,,,,,,,,,FY2021 (£'000)
KROO BANK,FY2025,,,,,,,7327982.0,£,Loss for the financial year,Total equity,Total assets,,,,,,,no statement figures for this year in the workbook,,,
KROO BANK,FY2024,-177.87,-262.34,-1.97,-19224388.0,7327982.0,975341830.0,14288553.0,£,Loss for the financial year,Total equity,Total assets,,,,,,,,magnitude over 100% - check the equity base before quoting,,FY2024 (£)
KROO BANK,FY2023,-146.24,-187.9,-3.07,-26848007.0,14288553.0,873918457.0,22428333.0,£,Loss for the financial year,Total equity,Total assets,,,,,,,,magnitude over 100% - check the equity base before quoting,,FY2023 (£)
KROO BANK,FY2022,-92.87,-66.22,-57.76,-14851675.0,22428333.0,25711779.0,9557149.0,£,Loss for the financial year,Total equity,Total assets,,,,,,,,,,FY2022 (£)
KROO BANK,FY2021,,-80.49,-73.91,-7692810.0,9557149.0,10408112.0,,£,Loss for the financial year,Total equity,Total assets,,,,,,,average-equity basis needs the prior year; year-end basis given,,,FY2021 (£)
KUWAIT FINANCE HOUSE,FY2025,6.6,6.74,0.87,22420.0,332609.0,2576896.0,347279.0,US$'000,Net profit after tax,Total equity,Total assets,,,,,,,,,,FY2025 (US$'000)
KUWAIT FINANCE HOUSE,FY2024,11.52,11.29,1.43,39218.0,347279.0,2737527.0,333754.0,US$'000,Net profit after tax,Total equity,Total assets,,,,,,,,,,FY2024 (US$'000)
KUWAIT FINANCE HOUSE,FY2023,14.15,14.08,1.61,46986.0,333754.0,2923898.0,330285.0,US$'000,Net profit after tax,Total equity,Total assets,,,,,,,,,,FY2023 (US$'000)
KUWAIT FINANCE HOUSE,FY2022,12.09,11.95,1.39,39462.0,330285.0,2835743.0,322749.0,US$'000,Net profit after tax,Total equity,Total assets,,,,,,,,,,FY2022 (US$'000)
KUWAIT FINANCE HOUSE,FY2021,,5.85,0.63,18893.0,322749.0,2996510.0,,US$'000,Net profit after tax,Total equity,Total assets,,,,,,,average-equity basis needs the prior year; year-end basis given,,,FY2021 (US$'000)
LHV,FY2025,5.34,4.45,0.38,4761.0,106878.0,1251669.0,71339.0,£'000,Profit after tax,Total equity,Total assets,,,,,,,,,,FY2025 (£'000)
LHV,FY2024,5.23,4.32,0.47,3084.0,71339.0,662432.0,46697.0,£'000,Profit after tax,Total equity,Total assets,,,,,,,,,,FY2024 (£'000)
LHV,FY2023,,13.78,2.01,6437.0,46697.0,321011.0,,£'000,Profit after tax,Total equity,Total assets,,,,,,,average-equity basis needs the prior year; year-end basis given,,,FY2023 (£'000)
LHV,FY2022,,,,,,,,£'000,Profit after tax,Total equity,Total assets,,,,,,,no statement figures for this year in the workbook,,,
LHV,FY2021,,,,,,,,£'000,Profit after tax,Total equity,Total assets,,,,,,,no statement figures for this year in the workbook,,,
LLOYDS BANK,FY2025,9.44,9.19,0.61,3856.0,41980.0,631335.0,39747.0,£m,Profit for the year,Total equity,Total assets,,,,,,,,,,FY2025 (£m)
LLOYDS BANK,FY2024,8.7,8.77,0.57,3486.0,39747.0,611213.0,40431.0,£m,Profit for the year,Total equity,Total assets,,,7.11,0.82,https://thebanks.eu/banks/14376,,,,,FY2024 (£m)
LLOYDS BANK,FY2023,13.1,12.88,0.86,5207.0,40431.0,605405.0,39059.0,£m,Profit for the year,Total equity,Total assets,,,,,,,,,,FY2023 (£m)
LLOYDS BANK,FY2022,12.01,12.27,0.78,4794.0,39059.0,616928.0,40772.0,£m,Profit for the year,Total equity,Total assets,,,,,,,,,,FY2022 (£m)
LLOYDS BANK,FY2021,12.7,12.76,0.86,5202.0,40772.0,602849.0,41118.0,£m,Profit for the year,Total equity,Total assets,,,,,,,,,,FY2021 (£m)
LLOYDS BANK CORPORATE MARKETS,FY2025,9.5,7.16,0.58,541.0,7558.0,92733.0,3827.0,£m,Profit for the year (Group),Total equity,Total assets,,,,,,,,,,FY2025 (£m)
LLOYDS BANK CORPORATE MARKETS,FY2024,10.46,10.56,0.43,404.0,3827.0,95003.0,3899.0,£m,Profit for the year (Group),Total equity,Total assets,,,,,,,,,,FY2024 (£m)
LLOYDS BANK CORPORATE MARKETS,FY2023,9.22,8.67,0.37,338.0,3899.0,90375.0,3432.0,£m,Profit for the year (Group),Total equity,Total assets,,,,,,,,,,FY2023 (£m)
LLOYDS BANK CORPORATE MARKETS,FY2022,10.86,11.07,0.44,380.0,3432.0,86725.0,3565.0,£m,Profit for the year (Group),Total equity,Total assets,,,,,,,,,,FY2022 (£m)
LLOYDS BANK CORPORATE MARKETS,FY2021,6.56,6.68,0.27,238.0,3565.0,88821.0,3696.0,£m,Profit for the year (Group),Total equity,Total assets,,,,,,,,,,FY2021 (£m)
MARKS AND SPENCER FINANCIAL SERVICES,FY2025,1.59,1.58,0.16,8260.0,522931.0,5232821.0,514666.0,£'000,Profit for the year,Total equity,Total assets,,,,,,,,,,FY2025 (£'000)
MARKS AND SPENCER FINANCIAL SERVICES,FY2024,7.67,7.55,0.83,38866.0,514666.0,4710127.0,498213.0,£'000,Profit for the year,Total equity,Total assets,,,,,,,,,,FY2024 (£'000)
MARKS AND SPENCER FINANCIAL SERVICES,FY2023,8.97,8.72,0.96,43454.0,498213.0,4514973.0,470605.0,£'000,Profit for the year,Total equity,Total assets,,,,,,,,,,FY2023 (£'000)
MARKS AND SPENCER FINANCIAL SERVICES,FY2022,5.56,5.59,0.59,26325.0,470605.0,4469086.0,475519.0,£'000,Profit for the year,Total equity,Total assets,,,,,,,,,,FY2022 (£'000)
MARKS AND SPENCER FINANCIAL SERVICES,FY2021,,19.68,2.22,93562.0,475519.0,4205581.0,,£'000,Profit for the year,Total equity,Total assets,,,,,,,average-equity basis needs the prior year; year-end basis given,,,FY2021 (£'000)
MELLI BANK,FY2025,0.07,0.07,0.05,181.0,258845.0,362875.0,258664.0,EUR '000,Profit/(loss) for the financial year,Total equity,Total assets,,,,,,,,,,FY2025 (EUR '000)
MELLI BANK,FY2024,0.91,0.91,0.63,2356.0,258664.0,375541.0,256532.0,EUR '000,Profit/(loss) for the financial year,Total equity,Total assets,,,,,,,,,,FY2024 (EUR '000)
MELLI BANK,FY2023,0.25,0.25,0.18,630.0,256532.0,355588.0,256130.0,EUR '000,Profit/(loss) for the financial year,Total equity,Total assets,,,,,,,,,,FY2023 (EUR '000)
MELLI BANK,FY2022,0.22,0.22,0.17,559.0,256130.0,320189.0,255612.0,EUR '000,Profit/(loss) for the financial year,Total equity,Total assets,,,,,,,,,,FY2022 (EUR '000)
MELLI BANK,FY2021,,-2.86,-2.33,-7308.0,255612.0,313733.0,,EUR '000,Profit/(loss) for the financial year,Total equity,Total assets,,,,,,,average-equity basis needs the prior year; year-end basis given,,,FY2021 (EUR '000)
METHODIST CHAPEL AID,FY2025,2.66,2.63,1.03,371112.0,14117086.0,35956037.0,13747327.0,£,Surplus/(deficit) for the period/year and total comprehensive income,Total equity,Total Assets,,,,,,,,,,FY2025 (£)
METHODIST CHAPEL AID,FY2024,2.92,2.87,1.09,395012.0,13747327.0,36147101.0,13353632.0,£,Surplus/(deficit) for the period/year and total comprehensive income,Total equity,Total Assets,,,,,,,,,,FY2024 (£)
METHODIST CHAPEL AID,FY2023,3.06,3.02,1.11,402846.0,13353632.0,36293524.0,12952019.0,£,Surplus/(deficit) for the period/year and total comprehensive income,Total equity,Total Assets,,,,,,,,,,FY2023 (£)
METHODIST CHAPEL AID,FY2022,-9.02,-9.44,-3.29,-1223070.0,12952019.0,37194488.0,14176202.0,£,Surplus/(deficit) for the period/year and total comprehensive income,Total equity,Total Assets,,,,,,,,,,FY2022 (£)
METHODIST CHAPEL AID,FY2021,5.32,5.18,1.83,734281.0,14176202.0,40154805.0,13442989.0,£,Surplus/(deficit) for the period/year and total comprehensive income,Total equity,Total Assets,,,,,,,,,,FY2021 (£)
METRO BANK,FY2025,5.13,4.61,0.42,69.7,1513.0,16501.0,1202.0,£m,Profit/(loss) for the year,Total equity,Total assets,,,,,,,,,,FY2025 (£m)
METRO BANK,FY2024,3.61,3.54,0.24,42.5,1202.0,17597.0,1152.0,£m,Profit/(loss) for the year,Total equity,Total assets,-23.0,RoTE,3.87,0.23,https://thebanks.eu/banks/14574,26.61,,,,FY2024 (£m)
METRO BANK,FY2023,4.58,4.19,0.22,48.3,1152.0,22257.0,957.0,£m,Profit/(loss) for the year,Total equity,Total assets,4.0,RoTE,,,,0.58,,,,FY2023 (£m)
METRO BANK,FY2022,-7.3,-7.6,-0.33,-72.7,957.0,22126.0,1036.0,£m,Profit/(loss) for the year,Total equity,Total assets,-10.0,RoTE,,,,2.7,,,,FY2022 (£m)
METRO BANK,FY2021,-21.35,-23.96,-1.1,-248.2,1036.0,22583.0,1289.0,£m,Profit/(loss) for the year,Total equity,Total assets,,,,,,,,,,FY2021 (£m)
MIZUHO INTERNATIONAL,FY2025,0.96,0.93,0.03,7.2,773.5,23914.9,720.7,£m,Profit/(loss) for the year,Total Equity,Total Assets,,,,,,,,,,FY2025 (£m)
MIZUHO INTERNATIONAL,FY2024,1.89,1.87,0.05,13.5,720.7,24933.9,707.7,£m,Profit/(loss) for the year,Total Equity,Total Assets,,,,,,,,,,FY2024 (£m)
MIZUHO INTERNATIONAL,FY2023,-0.63,-0.64,-0.02,-4.5,707.7,27378.9,712.4,£m,Profit/(loss) for the year,Total Equity,Total Assets,,,,,,,,,,FY2023 (£m)
MIZUHO INTERNATIONAL,FY2022,-3.96,-4.04,-0.13,-28.8,712.4,22058.9,741.6,£m,Profit/(loss) for the year,Total Equity,Total Assets,,,,,,,,,,FY2022 (£m)
MIZUHO INTERNATIONAL,FY2021,5.94,5.77,0.24,42.8,741.6,18208.4,699.2,£m,Profit/(loss) for the year,Total Equity,Total Assets,,,,,,,,,,FY2021 (£m)
MONUMENT BANK,FY2025,,,,,,,69749.0,£'000,Loss for the financial year,Total equity,Total assets,,,,,,,no statement figures for this year in the workbook,,,FY2025 (£'000)
MONUMENT BANK,FY2024,-21.2,-18.76,-0.25,-13086.0,69749.0,5142928.0,53693.0,£'000,Loss for the financial year,Total equity,Total assets,,,,,,,,,,FY2024 (£'000)
MONUMENT BANK,FY2023,-43.83,-36.06,-1.85,-19360.0,53693.0,1047790.0,34656.556,£'000,Loss for the financial year,Total equity,Total assets,,,,,,,,,,FY2023 (£'000)
MONUMENT BANK,FY2022,-33.11,-36.67,-6.87,-12709.555,34656.556,185059.901,42123.273,£'000,Loss for the financial year,Total equity,Total assets,,,,,,,,,,FY2022 (£'000)
MONUMENT BANK,FY2021,-29.63,-23.68,-21.89,-9973.318,42123.273,45557.014,25197.089,£'000,Loss for the financial year,Total equity,Total assets,,,,,,,,,,FY2021 (£'000)
MONZO,FY2025,9.11,7.8,0.52,94568.0,1212943.0,18263851.0,862145.0,£'000,Profit/(Loss) for the year,Total equity,Total assets,,,,,,,,,reporting entity or basis differs for this column: (MBHG) - check it is the same entity as the adjacent years before comparing,FY2025 (MBHG) (£'000)
MONZO,FY2024,1.3,1.01,0.07,8709.0,862145.0,12965813.0,475650.0,£'000,Profit/(Loss) for the year,Total equity,Total assets,1.74,ROE,1.74,0.09,https://thebanks.eu/banks/18773,-0.44,,,reporting entity or basis differs for this column: (MBHG)* - check it is the same entity as the adjacent years before comparing,FY2024 (MBHG)* (£'000)
MONZO,FY2023,-22.42,-24.46,-1.74,-116341.0,475650.0,6687776.0,562268.0,£'000,Profit/(Loss) for the year,Total equity,Total assets,,,,,,,,,reporting entity or basis differs for this column: (MBL) - check it is the same entity as the adjacent years before comparing,FY2023 (MBL) (£'000)
MONZO,FY2022,-30.36,-21.17,-2.28,-119020.0,562268.0,5218429.0,221894.0,£'000,Profit/(Loss) for the year,Total equity,Total assets,,,,,,,,,reporting entity or basis differs for this column: (MBL) - check it is the same entity as the adjacent years before comparing,FY2022 (MBL) (£'000)
MONZO,FY2021,-74.71,-59.07,-3.61,-131077.0,221894.0,3629707.0,129004.0,£'000,Profit/(Loss) for the year,Total equity,Total assets,,,,,,,,,reporting entity or basis differs for this column: (MBL) - check it is the same entity as the adjacent years before comparing,FY2021 (MBL) (£'000)
MORGAN STANLEY BANK INTERNATIONAL,FY2025,4.82,5.02,0.84,37579.0,747901.0,4474701.0,810485.0,£'000,Profit for the year,Equity shareholders' funds,Total assets,,,,,,,,,,FY2025 (£'000)
MORGAN STANLEY BANK INTERNATIONAL,FY2024,5.81,5.65,0.77,45781.0,810485.0,5943082.0,765983.0,£'000,Profit for the year,Equity shareholders' funds,Total assets,5.81,ROE,,,,0.0,,,,FY2024 (£'000)
MORGAN STANLEY BANK INTERNATIONAL,FY2023,0.04,0.04,0.01,314.0,765983.0,5761181.0,766224.0,£'000,Profit for the year,Equity shareholders' funds,Total assets,,,,,,,,,,FY2023 (£'000)
MORGAN STANLEY BANK INTERNATIONAL,FY2022,11.86,12.29,1.22,94153.0,766224.0,7691434.0,821983.0,£'000,Profit for the year,Equity shareholders' funds,Total assets,,,,,,,,,,FY2022 (£'000)
MORGAN STANLEY BANK INTERNATIONAL,FY2021,1.21,1.2,0.19,9877.0,821983.0,5166317.0,812361.0,£'000,Profit for the year,Equity shareholders' funds,Total assets,,,,,,,,,,FY2021 (£'000)
NATIONAL BANK OF EGYPT UK,FY2025,2.26,2.23,0.22,3939718.0,176586699.0,1795507271.0,172646981.0,£,Profit for the period,Total capital and reserves,Total assets,,,,,,,,,,FY2025 (£)
NATIONAL BANK OF EGYPT UK,FY2024,3.41,3.35,0.42,5789732.0,172646981.0,1378954291.0,166857249.0,£,Profit for the period,Total capital and reserves,Total assets,3.41,ROE,,,,0.0,,,,FY2024 (£)
NATIONAL BANK OF EGYPT UK,FY2023,4.07,3.99,0.49,6651000.0,166857249.0,1351097994.0,160206249.0,£,Profit for the period,Total capital and reserves,Total assets,,,,,,,,,,FY2023 (£)
NATIONAL BANK OF EGYPT UK,FY2022,3.62,3.56,0.43,5701279.0,160206249.0,1326047320.0,154504970.0,£,Profit for the period,Total capital and reserves,Total assets,,,,,,,,,,FY2022 (£)
NATIONAL BANK OF EGYPT UK,FY2021,,0.06,0.01,88886.0,154504970.0,1212752908.0,,£,Profit for the period,Total capital and reserves,Total assets,,,,,,,average-equity basis needs the prior year; year-end basis given,,,FY2021 (£)
NATIONAL BANK OF KUWAIT INTERNATIONAL,FY2025,6.59,6.37,0.87,34235.0,537198.0,3941863.0,501978.0,,Profit for the year,Total equity,Total assets,,,,,,,,,,FY2025
NATIONAL BANK OF KUWAIT INTERNATIONAL,FY2024,6.29,6.49,0.83,32569.0,501978.0,3934570.0,533729.0,,Profit for the year,Total equity,Total assets,6.29,ROE,6.29,0.79,https://thebanks.eu/banks/14393,0.0,,,,FY2024
NATIONAL BANK OF KUWAIT INTERNATIONAL,FY2023,7.12,6.72,0.84,35877.0,533729.0,4267995.0,473823.0,,Profit for the year,Total equity,Total assets,,,,,,,,,,FY2023
NATIONAL BANK OF KUWAIT INTERNATIONAL,FY2022,4.87,4.73,0.65,22423.0,473823.0,3425686.0,447733.0,,Profit for the year,Total equity,Total assets,,,,,,,,,,FY2022
NATIONAL BANK OF KUWAIT INTERNATIONAL,FY2021,,3.81,0.51,17076.0,447733.0,3320347.0,,,Profit for the year,Total equity,Total assets,,,,,,,average-equity basis needs the prior year; year-end basis given,,,FY2021
NATIONAL WESTMINSTER BANK PLC,FY2025,18.96,18.51,0.94,4198.0,22685.0,444649.0,21609.0,£m,Profit for the year,Total equity (owners' equity - no NCI at NWB Plc solo level),Total assets,,,,,,,,,,FY2025 (£m)
NATIONAL WESTMINSTER BANK PLC,FY2024,16.58,15.85,0.81,3425.0,21609.0,421875.0,19701.0,£m,Profit for the year,Total equity (owners' equity - no NCI at NWB Plc solo level),Total assets,16.58,ROE,,,,0.0,,,,FY2024 (£m)
NATIONAL WESTMINSTER BANK PLC,FY2023,18.5,17.81,0.85,3509.0,19701.0,411749.0,18243.0,£m,Profit for the year,Total equity (owners' equity - no NCI at NWB Plc solo level),Total assets,,,,,,,,,,FY2023 (£m)
NATIONAL WESTMINSTER BANK PLC,FY2022,19.72,20.22,0.92,3689.0,18243.0,401747.0,19166.0,£m,Profit for the year,Total equity (owners' equity - no NCI at NWB Plc solo level),Total assets,,,,,,,,,,FY2022 (£m)
NATIONAL WESTMINSTER BANK PLC,FY2021,15.45,15.17,0.68,2907.0,19166.0,426111.0,18464.0,£m,Profit for the year,Total equity (owners' equity - no NCI at NWB Plc solo level),Total assets,,,,,,,,,,FY2021 (£m)
NATWEST MARKETS,FY2025,4.01,4.0,0.2,275.0,6880.0,136288.0,6819.0,£m,Profit/(loss) for the year,Total equity,Total assets,,,,,,,,,,FY2025 (£m)
NATWEST MARKETS,FY2024,0.96,0.92,0.04,63.0,6819.0,152937.0,6313.0,£m,Profit/(loss) for the year,Total equity,Total assets,0.96,ROE,,,,0.0,,,,FY2024 (£m)
NATWEST MARKETS,FY2023,-1.53,-1.55,-0.07,-98.0,6313.0,150658.0,6518.0,£m,Profit/(loss) for the year,Total equity,Total assets,,,,,,,,,,FY2023 (£m)
NATWEST MARKETS,FY2022,-3.81,-4.05,-0.16,-264.0,6518.0,169061.0,7349.0,£m,Profit/(loss) for the year,Total equity,Total assets,,,,,,,,,,FY2022 (£m)
NATWEST MARKETS,FY2021,,-6.68,-0.27,-491.0,7349.0,182554.0,,£m,Profit/(loss) for the year,Total equity,Total assets,,,,,,,average-equity basis needs the prior year; year-end basis given,,,FY2021 (£m)
NOMURA BANK INTERNATIONAL,FY2025,3.64,3.57,0.12,9370.0,262761.0,7722511.0,252668.0,$'000,Profit for the year,Total Equity,Total Assets,,,,,,,,,,FY2025 ($'000)
NOMURA BANK INTERNATIONAL,FY2024,2.24,2.84,0.11,7175.0,252668.0,6422803.0,387168.0,$'000,Profit for the year,Total Equity,Total Assets,2.24,ROE,,,,0.0,,,,FY2024 ($'000)
NOMURA BANK INTERNATIONAL,FY2023,2.17,1.82,0.12,7048.0,387168.0,5845949.0,263417.0,$'000,Profit for the year,Total Equity,Total Assets,,,,,,,,,,FY2023 ($'000)
NOMURA BANK INTERNATIONAL,FY2022,7.2,5.9,0.26,15542.0,263417.0,5873933.0,168219.0,$'000,Profit for the year,Total Equity,Total Assets,,,,,,,,,,FY2022 ($'000)
NOMURA BANK INTERNATIONAL,FY2021,,6.75,0.17,11348.0,168219.0,6608950.0,,$'000,Profit for the year,Total Equity,Total Assets,,,,,,,average-equity basis needs the prior year; year-end basis given,,,FY2021 ($'000)
NORTHERN BANK,FY2025,19.79,19.53,1.19,189231.0,968860.0,15911954.0,943995.0,£'000,Profit for the year,Total equity and shareholders' equity,Total assets,,,,,,,,,,FY2025 (£'000)
NORTHERN BANK,FY2024,17.67,17.53,1.14,165495.0,943995.0,14474391.0,929341.0,£'000,Profit for the year,Total equity and shareholders' equity,Total assets,19.8,ROE,19.8,1.32,https://thebanks.eu/banks/14401,-2.13,,,,FY2024 (£'000)
NORTHERN BANK,FY2023,17.74,16.86,1.14,156719.0,929341.0,13697367.0,837192.0,£'000,Profit for the year,Total equity and shareholders' equity,Total assets,,,,,,,,,,FY2023 (£'000)
NORTHERN BANK,FY2022,13.04,12.35,0.77,103410.0,837192.0,13420391.0,749199.0,£'000,Profit for the year,Total equity and shareholders' equity,Total assets,,,,,,,,,,FY2022 (£'000)
NORTHERN BANK,FY2021,5.19,5.54,0.32,41534.0,749199.0,13125173.0,850867.0,£'000,Profit for the year,Total equity and shareholders' equity,Total assets,,,,,,,,,,FY2021 (£'000)
OAKNORTH BANK,FY2025,15.83,15.48,2.1,165211.0,1067530.0,7856889.0,1019581.0,£'000,Profit for the year,Total equity,Total assets,,,,,,,,,,FY2025 (£'000)
OAKNORTH BANK,FY2024,16.73,15.63,2.1,159334.0,1019581.0,7573159.0,885130.0,£'000,Profit for the year,Total equity,Total assets,17.0,Reported ROE,,,,-0.27,,,,FY2024 (£'000)
OAKNORTH BANK,FY2023,17.0,15.64,2.38,138470.0,885130.0,5810647.0,744385.0,£'000,Profit for the year,Total equity,Total assets,,,,,,,,,,FY2023 (£'000)
OAKNORTH BANK,FY2022,16.49,15.22,2.43,113259.0,744385.0,4657420.0,629318.0,£'000,Profit for the year,Total equity,Total assets,,,,,,,,,,FY2022 (£'000)
OAKNORTH BANK,FY2021,17.34,15.95,2.81,100392.0,629318.0,3570311.0,528677.0,£'000,Profit for the year,Total equity,Total assets,,,,,,,,,,FY2021 (£'000)
ONESAVINGS,FY2025,14.27,13.68,1.47,287.1,2098.7,19561.7,1925.7,£m,Profit for the year,Total equity,Total assets,,,,,,,,,,FY2025 (£m)
ONESAVINGS,FY2024,16.33,16.0,1.73,308.1,1925.7,17829.5,1848.4,£m,Profit for the year,Total equity,Total assets,16.33,ROE,,,,0.0,,,,FY2024 (£m)
ONESAVINGS,FY2023,15.56,15.34,1.69,283.6,1848.4,16738.0,1796.5,£m,Profit for the year,Total equity,Total assets,,,,,,,,,,FY2023 (£m)
ONESAVINGS,FY2022,23.58,22.89,2.64,411.3,1796.5,15603.9,1691.5,£m,Profit for the year,Total equity,Total assets,,,,,,,,,,FY2022 (£m)
ONESAVINGS,FY2021,21.66,20.4,2.45,345.0,1691.5,14084.5,1494.8,£m,Profit for the year,Total equity,Total assets,,,,,,,,,,FY2021 (£m)
OXBURY,FY2025,6.52,5.67,0.33,11920.0,210279.0,3561908.0,155307.0,£'000,Profit/(Loss) from Ordinary Activities after tax,Total Equity,Total Assets,,,,,,,,,,FY2025 (£'000)
OXBURY,FY2024,4.97,3.78,0.23,5863.0,155307.0,2526857.0,80667.0,£'000,Profit/(Loss) from Ordinary Activities after tax,Total Equity,Total Assets,,,,,,,,,,FY2024 (£'000)
OXBURY,FY2023,3.43,2.87,0.2,2314.0,80667.0,1163925.0,54158.0,£'000,Profit/(Loss) from Ordinary Activities after tax,Total Equity,Total Assets,,,,,,,,,,FY2023 (£'000)
OXBURY,FY2022,-0.85,-0.64,-0.07,-344.0,54158.0,508358.0,26398.0,£'000,Profit/(Loss) from Ordinary Activities after tax,Total Equity,Total Assets,,,,,,,,,,FY2022 (£'000)
OXBURY,FY2021,-30.9,-28.27,-4.5,-7463.0,26398.0,165817.0,21900.0,£'000,Profit/(Loss) from Ordinary Activities after tax,Total Equity,Total Assets,,,,,,,,,,FY2021 (£'000)
PARAGON,FY2025,17.27,17.3,0.91,181.0,1046.0,19812.7,1050.1,£m,Profit for the financial year,Total equity,Total assets,,,,,,,,,,FY2025 (£m)
PARAGON,FY2024,20.23,19.76,1.08,207.5,1050.1,19200.3,1001.5,£m,Profit for the financial year,Total equity,Total assets,20.23,ROE,20.23,1.11,https://thebanks.eu/banks/18092,0.0,,,,FY2024 (£m)
PARAGON,FY2023,19.0,19.59,1.08,196.2,1001.5,18124.9,1063.4,£m,Profit for the financial year,Total equity,Total assets,,,,,,,,,,FY2023 (£m)
PARAGON,FY2022,41.9,37.09,2.56,394.4,1063.4,15389.0,819.3,£m,Profit for the financial year,Total equity,Total assets,,,,,,,,,,FY2022 (£m)
PARAGON,FY2021,18.08,17.54,1.06,143.7,819.3,13505.6,770.44,£m,Profit for the financial year,Total equity,Total assets,,,,,,,,,,FY2021 (£m)
PERENNA,FY2025,-75.23,-88.08,-16.55,-18291515.0,20767021.0,110549436.0,27860786.0,£,Loss for the year/period,Total equity,Total assets,,,,,,,,,,FY2025 (£)
PERENNA,FY2024,-50.36,-65.76,-33.0,-18321432.0,27860786.0,55514491.0,44901589.0,£,Loss for the year/period,Total equity,Total assets,,,,,,,,,,FY2024 (£)
PERENNA,FY2023,-51.29,-34.32,-32.5,-15409172.0,44901589.0,47418028.0,15183389.0,£,Loss for the year/period,Total equity,Total assets,,,,,,,,,,FY2023 (£)
PERENNA,FY2022,-220.37,-68.47,-63.15,-10396474.0,15183389.0,16464111.0,-5747708.0,£,Loss for the year/period,Total equity,Total assets,,,,,,,,equity changed sign between the two year-ends - the average-equity denominator passes through zero and the ratio is not interpretable,,FY2022 (£)
PERENNA,FY2021,,100.87,-343.65,-5797708.0,-5747708.0,1687089.0,,£,Loss for the year/period,Total equity,Total assets,,,,,,,average-equity basis needs the prior year; year-end basis given,,,FY2021 (£)
PERSIA INTERNATIONAL BANK,FY2025,-14.39,-15.71,-11.15,-14488.7,92204.0,129947.7,109177.5,"£'000, conv. from EUR",Profit/(loss) for the year attributable to equity holders,Total shareholders' equity,Total assets,,,,,,,,,,"FY2025 (£'000, conv. from EUR)"
PERSIA INTERNATIONAL BANK,FY2024,-2.98,-3.08,-2.2,-3359.7,109177.5,152437.9,116653.7,"£'000, conv. from EUR",Profit/(loss) for the year attributable to equity holders,Total shareholders' equity,Total assets,-2.99,ROE,,,,0.01,,,,"FY2024 (£'000, conv. from EUR)"
PERSIA INTERNATIONAL BANK,FY2023,0.6,0.59,0.37,684.6,116653.7,183749.3,111664.9,"£'000, conv. from EUR",Profit/(loss) for the year attributable to equity holders,Total shareholders' equity,Total assets,,,,,,,,,,"FY2023 (£'000, conv. from EUR)"
PERSIA INTERNATIONAL BANK,FY2022,0.85,0.85,0.53,949.7,111664.9,177880.1,111374.0,"£'000, conv. from EUR",Profit/(loss) for the year attributable to equity holders,Total shareholders' equity,Total assets,,,,,,,,,,"FY2022 (£'000, conv. from EUR)"
PERSIA INTERNATIONAL BANK,FY2021,-0.52,-0.43,-0.26,-479.3,111374.0,186250.8,72251.1,"£'000, conv. from EUR",Profit/(loss) for the year attributable to equity holders,Total shareholders' equity,Total assets,,,,,,,,,,"FY2021 (£'000, conv. from EUR)"
PHILIPPINE NATIONAL BANK EUROPE,FY2025,-4.73,-4.76,-3.52,-492.0,10344.0,13973.0,10467.0,£'000,(Loss)/profit for the year,Total equity,Total assets,,,,,,,,,,FY2025 (£'000)
PHILIPPINE NATIONAL BANK EUROPE,FY2024,0.11,0.11,0.07,11.0,10467.0,14962.0,10341.0,£'000,(Loss)/profit for the year,Total equity,Total assets,0.16,ROE,,,,-0.05,,,,FY2024 (£'000)
PHILIPPINE NATIONAL BANK EUROPE,FY2023,2.21,2.19,1.4,226.0,10341.0,16123.0,10115.0,£'000,(Loss)/profit for the year,Total equity,Total assets,,,,,,,,,,FY2023 (£'000)
PHILIPPINE NATIONAL BANK EUROPE,FY2022,1.45,1.44,0.93,146.0,10115.0,15725.0,9996.0,£'000,(Loss)/profit for the year,Total equity,Total assets,,,,,,,,,,FY2022 (£'000)
PHILIPPINE NATIONAL BANK EUROPE,FY2021,1.18,1.17,0.76,117.0,9996.0,15316.0,9879.0,£'000,(Loss)/profit for the year,Total equity,Total assets,,,,,,,,,,FY2021 (£'000)
PUNJAB NATIONAL BANK INTERNATIONAL,FY2025,0.35,0.36,0.06,587.6,163563.9,929222.3,170110.8,"£'000, conv. from USD",Profit after tax for the year,Total equity,Total assets,,,,,,,,,,"FY2025 (£'000, conv. from USD)"
PUNJAB NATIONAL BANK INTERNATIONAL,FY2024,2.88,2.91,0.57,4941.9,170110.8,860733.1,172539.6,"£'000, conv. from USD",Profit after tax for the year,Total equity,Total assets,2.9,ROE,,,,-0.02,,,,"FY2024 (£'000, conv. from USD)"
PUNJAB NATIONAL BANK INTERNATIONAL,FY2023,4.18,4.01,0.79,6918.2,172539.6,880119.7,158232.8,"£'000, conv. from USD",Profit after tax for the year,Total equity,Total assets,,,,,,,,,,"FY2023 (£'000, conv. from USD)"
PUNJAB NATIONAL BANK INTERNATIONAL,FY2022,3.78,3.66,0.68,5786.9,158232.8,855689.9,147932.7,"£'000, conv. from USD",Profit after tax for the year,Total equity,Total assets,,,,,,,,,,"FY2022 (£'000, conv. from USD)"
PUNJAB NATIONAL BANK INTERNATIONAL,FY2021,-4.82,-5.24,-0.99,-7757.1,147932.7,784826.8,173816.8,"£'000, conv. from USD",Profit after tax for the year,Total equity,Total assets,,,,,,,,,,"FY2021 (£'000, conv. from USD)"
QIB UK,FY2025,9.87,9.41,0.94,11.73,124.65,1250.25,113.1,£m,Profit/(loss) for the year,Total equity,Total assets,,,,,,,,,,FY2025 (£m)
QIB UK,FY2024,11.8,11.14,1.12,12.6,113.1,1125.45,100.44,£m,Profit/(loss) for the year,Total equity,Total assets,,,,,,,,,,FY2024 (£m)
QIB UK,FY2023,12.66,11.9,1.12,11.95,100.44,1070.48,88.41,£m,Profit/(loss) for the year,Total equity,Total assets,,,,,,,,,,FY2023 (£m)
QIB UK,FY2022,11.59,10.96,0.95,9.69,88.41,1018.91,78.83,£m,Profit/(loss) for the year,Total equity,Total assets,,,,,,,,,,FY2022 (£m)
QIB UK,FY2021,9.1,8.7,0.77,6.86,78.83,894.73,71.93,£m,Profit/(loss) for the year,Total equity,Total assets,,,,,,,,,,FY2021 (£m)
RATHBONES INVESTMENT MANAGEMENT,FY2025,10.45,7.07,1.69,81117.0,1147348.0,4809683.0,405212.0,£'000,Profit for the year attributable to equity holders of the Company,Total equity,Total assets,,,,,,,,,,FY2025 (£'000)
RATHBONES INVESTMENT MANAGEMENT,FY2024,3.99,4.04,0.54,16367.0,405212.0,3017731.0,415845.0,£'000,Profit for the year attributable to equity holders of the Company,Total equity,Total assets,,,,,,,,,,FY2024 (£'000)
RATHBONES INVESTMENT MANAGEMENT,FY2023,12.01,12.01,1.76,49958.0,415845.0,2845759.0,415887.0,£'000,Profit for the year attributable to equity holders of the Company,Total equity,Total assets,,,,,,,,,,FY2023 (£'000)
RATHBONES INVESTMENT MANAGEMENT,FY2022,9.92,9.85,1.33,40967.0,415887.0,3081068.0,409920.0,£'000,Profit for the year attributable to equity holders of the Company,Total equity,Total assets,,,,,,,,,,FY2022 (£'000)
RATHBONES INVESTMENT MANAGEMENT,FY2021,,14.38,2.07,58964.0,409920.0,2843239.0,,£'000,Profit for the year attributable to equity holders of the Company,Total equity,Total assets,,,,,,,average-equity basis needs the prior year; year-end basis given,,,FY2021 (£'000)
RBC EUROPE,FY2025,-1.8,-1.4,-0.08,-44323.0,3156622.0,53258000.0,1781844.0,£'000,Net (loss)/profit,Total equity,Total assets,,,,,,,,,,FY2025 (£'000)
RBC EUROPE,FY2024,2.63,2.62,0.09,46612.0,1781844.0,52030428.0,1763502.0,£'000,Net (loss)/profit,Total equity,Total assets,,,,,,,,,,FY2024 (£'000)
RBC EUROPE,FY2023,4.95,4.87,0.16,85863.0,1763502.0,54013806.0,1707383.0,£'000,Net (loss)/profit,Total equity,Total assets,,,,,,,,,,FY2023 (£'000)
RBC EUROPE,FY2022,4.82,4.74,0.15,80878.0,1707383.0,53313467.0,1647297.0,£'000,Net (loss)/profit,Total equity,Total assets,,,,,,,,,,FY2022 (£'000)
RBC EUROPE,FY2021,5.56,5.46,0.18,89930.0,1647297.0,49173176.0,1585396.0,£'000,Net (loss)/profit,Total equity,Total assets,,,,,,,,,,FY2021 (£'000)
RBS,FY2025,36.34,34.31,1.32,1255.0,3658.0,95362.0,3249.0,£m,Profit for the year,Total equity,Total assets,,,,,,,,,,FY2025 (£m)
RBS,FY2024,37.15,36.32,1.3,1180.0,3249.0,90476.0,3103.0,£m,Profit for the year,Total equity,Total assets,,,,,,,,,,FY2024 (£m)
RBS,FY2023,48.54,45.09,1.55,1399.0,3103.0,90389.0,2661.0,£m,Profit for the year,Total equity,Total assets,,,,,,,,,,FY2023 (£m)
RBS,FY2022,36.7,44.19,1.22,1176.0,2661.0,96663.0,3747.0,£m,Profit for the year,Total equity,Total assets,,,,,,,,,,FY2022 (£m)
RBS,FY2021,,20.71,0.73,776.0,3747.0,106095.0,,£m,Profit for the year,Total equity,Total assets,,,,,,,average-equity basis needs the prior year; year-end basis given,,,FY2021 (£m)
RCI BANK UK,FY2025,-8.84,-8.91,-0.86,-63417.0,711661.0,7385045.0,723469.0,£'000,Profit after tax for the financial year,Total equity,Total assets,,,,,,,,,,FY2025 (£'000)
RCI BANK UK,FY2024,3.75,3.68,0.36,26593.0,723469.0,7299251.0,696139.0,£'000,Profit after tax for the financial year,Total equity,Total assets,,,,,,,,,,FY2024 (£'000)
RCI BANK UK,FY2023,7.41,7.15,0.72,49787.0,696139.0,6932488.0,646867.0,£'000,Profit after tax for the financial year,Total equity,Total assets,,,,,,,,,,FY2023 (£'000)
RCI BANK UK,FY2022,16.88,16.81,1.73,108739.0,646867.0,6297529.0,641337.0,£'000,Profit after tax for the financial year,Total equity,Total assets,,,,,,,,,,FY2022 (£'000)
RCI BANK UK,FY2021,17.03,16.7,2.14,107133.0,641337.0,4995682.0,616637.0,£'000,Profit after tax for the financial year,Total equity,Total assets,,,,,,,,,,FY2021 (£'000)
RECOGNISE BANK,FY2025,-8.67,-7.75,-0.96,-5332.0,68801.0,557556.0,54132.0,£'000,Profit/(loss) for the year,Total equity,Total assets,,,,,,,,,,FY2025 (£'000)
RECOGNISE BANK,FY2024,-16.47,-17.1,-1.97,-9259.0,54132.0,470489.0,58301.0,£'000,Profit/(loss) for the year,Total equity,Total assets,,,,,,,,,,FY2024 (£'000)
RECOGNISE BANK,FY2023,-26.57,-21.93,-4.77,-12783.0,58301.0,268062.0,37923.0,£'000,Profit/(loss) for the year,Total equity,Total assets,,,,,,,,,,FY2023 (£'000)
RECOGNISE BANK,FY2022,-38.19,-32.81,-9.09,-12444.0,37923.0,136840.0,27246.0,£'000,Profit/(loss) for the year,Total equity,Total assets,,,,,,,,,,FY2022 (£'000)
RECOGNISE BANK,FY2021,-56.47,-28.67,-25.92,-7811.0,27246.0,30132.0,416.0,£'000,Profit/(loss) for the year,Total equity,Total assets,,,,,,,,,,FY2021 (£'000)
REDWOOD BANK,FY2025,1.21,1.21,0.1,602813.0,49983070.0,610043348.0,49380257.0,£,Profit for the year,Total equity,Total assets,,,,,,,,,,FY2025 (£)
REDWOOD BANK,FY2024,3.77,3.7,0.29,1828088.0,49380257.0,635400816.0,47552169.0,£,Profit for the year,Total equity,Total assets,,,,,,,,,,FY2024 (£)
REDWOOD BANK,FY2023,9.25,8.84,0.7,4204249.0,47552169.0,599055370.0,43325959.0,£,Profit for the year,Total equity,Total assets,,,,,,,,,,FY2023 (£)
REDWOOD BANK,FY2022,4.24,4.15,0.33,1797614.0,43325959.0,540260485.0,41496104.0,£,Profit for the year,Total equity,Total assets,,,,,,,,,,FY2022 (£)
REDWOOD BANK,FY2021,11.83,9.84,0.77,4084475.0,41496104.0,527973212.0,27580707.0,£,Profit for the year,Total equity,Total assets,,,,,,,,,,FY2021 (£)
RELIANCE BANK,FY2025,5.12,4.94,0.46,1221144.0,24721622.0,266650946.0,22999662.0,£,Profit/(loss) on activities after tax,Equity shareholder's funds,Total assets,,,,,,,,,,FY2025 (£)
RELIANCE BANK,FY2024,8.37,8.05,0.67,1850741.0,22999662.0,276893185.0,21249653.0,£,Profit/(loss) on activities after tax,Equity shareholder's funds,Total assets,,,,,,,,,,FY2024 (£)
RELIANCE BANK,FY2023,0.71,0.6,0.05,127173.0,21249653.0,252188264.0,14442793.0,£,Profit/(loss) on activities after tax,Equity shareholder's funds,Total assets,,,,,,,,,,FY2023 (£)
RELIANCE BANK,FY2022,-4.57,-4.22,-0.24,-608827.0,14442793.0,251247132.0,12192437.0,£,Profit/(loss) on activities after tax,Equity shareholder's funds,Total assets,,,,,,,,,,FY2022 (£)
RELIANCE BANK,FY2021,-11.41,-11.16,-0.56,-1360807.0,12192437.0,244326240.0,11652208.0,£,Profit/(loss) on activities after tax,Equity shareholder's funds,Total assets,,,,,,,,,,FY2021 (£)
SANTANDER,FY2025,7.51,7.17,0.41,1086.0,15148.0,266837.0,13773.0,£m,Profit from continuing operations after tax,Total equity,Total assets,,,,,,,,,,FY2025 (£m)
SANTANDER,FY2024,6.84,7.05,0.37,971.0,13773.0,259944.0,14623.0,£m,Profit from continuing operations after tax,Total equity,Total assets,,,,,,,,,,FY2024 (£m)
SANTANDER,FY2023,10.62,10.54,0.56,1541.0,14623.0,275448.0,14407.0,£m,Profit from continuing operations after tax,Total equity,Total assets,,,,,,,,,,FY2023 (£m)
SANTANDER,FY2022,9.14,9.68,0.49,1394.0,14407.0,285213.0,16102.0,£m,Profit from continuing operations after tax,Total equity,Total assets,,,,,,,,,,FY2022 (£m)
SANTANDER,FY2021,8.45,8.4,0.47,1353.0,16102.0,287098.0,15936.0,£m,Profit from continuing operations after tax,Total equity,Total assets,,,,,,,,,,FY2021 (£m)
SANTANDER FINANCIAL SERVICES,FY2025,7.21,7.11,0.34,23.4,329.0,6977.0,320.0,£m,Profit/(loss) after tax,Total equity,Total assets,,,,,,,,,,FY2025 (£m)
SANTANDER FINANCIAL SERVICES,FY2024,-7.82,-8.25,-0.37,-26.4,320.0,7087.0,355.0,£m,Profit/(loss) after tax,Total equity,Total assets,,,,,,,,,,FY2024 (£m)
SANTANDER FINANCIAL SERVICES,FY2023,3.4,3.38,0.18,12.0,355.0,6590.0,351.0,£m,Profit/(loss) after tax,Total equity,Total assets,,,,,,,,,,FY2023 (£m)
SANTANDER FINANCIAL SERVICES,FY2022,11.73,11.31,0.57,39.7,351.0,7017.0,326.0,£m,Profit/(loss) after tax,Total equity,Total assets,,,,,,,,,,FY2022 (£m)
SANTANDER FINANCIAL SERVICES,FY2021,,8.19,0.41,26.7,326.0,6589.0,,£m,Profit/(loss) after tax,Total equity,Total assets,,,,,,,average-equity basis needs the prior year; year-end basis given,,,FY2021 (£m)
SCHRODER,FY2025,22.7,22.37,1.91,84580.0,378036.0,4417873.0,367015.0,GBP'000,Profit after tax,Total equity,Total assets,,,,,,,,,,FY2025 (GBP'000)
SCHRODER,FY2024,23.82,21.74,1.94,79802.0,367015.0,4115080.0,302937.0,GBP'000,Profit after tax,Total equity,Total assets,,,,,,,,,,FY2024 (GBP'000)
SCHRODER,FY2023,15.13,15.56,1.32,47136.0,302937.0,3577947.0,320056.0,GBP'000,Profit after tax,Total equity,Total assets,,,,,,,,,,FY2023 (GBP'000)
SCHRODER,FY2022,21.22,20.27,1.88,64861.0,320056.0,3446269.0,291193.0,GBP'000,Profit after tax,Total equity,Total assets,,,,,,,,,,FY2022 (GBP'000)
SCHRODER,FY2021,,17.12,1.81,49839.0,291193.0,2749041.0,,GBP'000,Profit after tax,Total equity,Total assets,,,,,,,average-equity basis needs the prior year; year-end basis given,,,FY2021 (GBP'000)
SECURE TRUST BANK,FY2025,4.79,4.7,0.41,17.6,374.3,4316.0,360.5,£m,Profit for the year,Total equity,Total assets,14.3,ROAE,,,,-9.51,,,,FY2025 (£m)
SECURE TRUST BANK,FY2024,5.59,5.46,0.48,19.7,360.5,4116.7,344.5,£m,Profit for the year,Total equity,Total assets,14.6,ROAE,,,,-9.01,,,,FY2024 (£m)
SECURE TRUST BANK,FY2023,7.24,7.05,0.64,24.3,344.5,3778.0,326.9,£m,Profit for the year,Total equity,Total assets,10.0,ROAE,,,,-2.76,,,,FY2023 (£m)
SECURE TRUST BANK,FY2022,10.71,10.31,1.0,33.7,326.9,3380.3,302.4,£m,Profit for the year,Total equity,Total assets,,,,,,,,,,FY2022 (£m)
SECURE TRUST BANK,FY2021,15.92,15.08,1.58,45.6,302.4,2885.9,270.5,£m,Profit for the year,Total equity,Total assets,,,,,,,,,,FY2021 (£m)
SHAWBROOK,FY2025,11.18,10.39,0.86,194.9,1875.7,22535.7,1610.1,£m,"Profit after tax, attributable to owners",Total equity,Total assets,,,,,,,,,,FY2025 (£m)
SHAWBROOK,FY2024,14.65,13.65,1.12,219.8,1610.1,19629.0,1391.4,£m,"Profit after tax, attributable to owners",Total equity,Total assets,17.0,Underlying RoTE,14.65,1.2,https://thebanks.eu/banks/14448,-2.35,,,,FY2024 (£m)
SHAWBROOK,FY2023,16.82,15.28,1.24,212.6,1391.4,17100.9,1136.4,£m,"Profit after tax, attributable to owners",Total equity,Total assets,20.0,Underlying RoTE,,,,-3.18,,,,FY2023 (£m)
SHAWBROOK,FY2022,17.29,15.81,1.29,179.7,1136.4,13945.7,942.8,£m,"Profit after tax, attributable to owners",Total equity,Total assets,,,,,,,,,,FY2022 (£m)
SHAWBROOK,FY2021,17.23,15.86,1.35,149.5,942.8,11094.6,792.9,£m,"Profit after tax, attributable to owners",Total equity,Total assets,,,,,,,,,,FY2021 (£m)
SMBC,FY2025,6.08,5.96,0.49,273.7,4590.5,55295.7,4417.2,"£m, conv. from USD",Profit for the year,Total equity,Total assets,,,,,,,,,,"FY2025 (£m, conv. from USD)"
SMBC,FY2024,7.5,7.31,0.81,322.9,4417.2,39632.8,4197.2,"£m, conv. from USD",Profit for the year,Total equity,Total assets,,,,,,,,,,"FY2024 (£m, conv. from USD)"
SMBC,FY2023,5.26,4.99,0.49,209.3,4197.2,42592.3,3757.9,"£m, conv. from USD",Profit for the year,Total equity,Total assets,,,,,,,,,,"FY2023 (£m, conv. from USD)"
SMBC,FY2022,2.68,2.58,0.24,96.9,3757.9,41040.2,3471.0,"£m, conv. from USD",Profit for the year,Total equity,Total assets,,,,,,,,,,"FY2022 (£m, conv. from USD)"
SMBC,FY2021,5.1,5.26,0.47,182.6,3471.0,38829.0,3690.5,"£m, conv. from USD",Profit for the year,Total equity,Total assets,,,,,,,,,,"FY2021 (£m, conv. from USD)"
STANDARD CHARTERED BANK,FY2025,11.01,11.02,0.77,3410.0,30934.0,441020.0,30982.0,$m,Profit for the year,Total equity,Total assets,,,,,,,,,,FY2025 ($m)
STANDARD CHARTERED BANK,FY2024,9.68,9.62,0.68,2982.0,30982.0,435691.0,30653.0,$m,Profit for the year,Total equity,Total assets,,,,,,,,,,FY2024 ($m)
STANDARD CHARTERED BANK,FY2023,10.51,10.56,0.77,3237.0,30653.0,418149.0,30971.0,$m,Profit for the year,Total equity,Total assets,,,,,,,,,,FY2023 ($m)
STANDARD CHARTERED BANK,FY2022,7.51,7.59,0.54,2352.0,30971.0,435725.0,31647.0,$m,Profit for the year,Total equity,Total assets,,,,,,,,,,FY2022 ($m)
STANDARD CHARTERED BANK,FY2021,5.45,5.18,0.38,1638.0,31647.0,425877.0,28460.0,$m,Profit for the year,Total equity,Total assets,,,,,,,,,,FY2021 ($m)
STARLING,FY2025,15.57,14.41,0.96,150722.0,1046052.0,15697672.0,889770.0,£'000,Profit/(loss) after taxation,Total equity,Total assets,,,,,,,,,,FY2025 (£'000)
STARLING,FY2024,27.76,24.73,1.49,220001.0,889770.0,14767892.0,695277.0,£'000,Profit/(loss) after taxation,Total equity,Total assets,28.76,ROE,28.76,1.69,https://thebanks.eu/banks/18720,-1.0,,,,FY2024 (£'000)
STARLING,FY2023,25.38,20.55,1.04,142856.0,695277.0,13711495.0,430424.0,£'000,Profit/(loss) after taxation,Total equity,Total assets,,,,,,,,,,FY2023 (£'000)
STARLING,FY2022,15.73,10.44,0.38,44938.0,430424.0,11905521.0,140831.0,£'000,Profit/(loss) after taxation,Total equity,Total assets,,,,,,,,,,FY2022 (£'000)
STARLING,FY2021,,-16.56,-0.33,-23319.0,140831.0,7048834.0,,£'000,Profit/(loss) after taxation,Total equity,Total assets,,,,,,,average-equity basis needs the prior year; year-end basis given,,reporting entity or basis differs for this column: † - check it is the same entity as the adjacent years before comparing,FY2021† (£'000)
STATE BANK OF INDIA UK,FY2025,6.74,6.68,0.95,18525.0,277460.0,1960169.0,272262.0,£'000,Profit on ordinary activities after tax,Total equity,Total assets,,,,,,,,,,FY2025 (£'000)
STATE BANK OF INDIA UK,FY2024,8.94,8.74,1.29,23800.0,272262.0,1842936.0,260152.0,£'000,Profit on ordinary activities after tax,Total equity,Total assets,,,,,,,,,,FY2024 (£'000)
STATE BANK OF INDIA UK,FY2023,8.31,8.14,1.07,21188.0,260152.0,1976962.0,249606.0,£'000,Profit on ordinary activities after tax,Total equity,Total assets,,,,,,,,,,FY2023 (£'000)
STATE BANK OF INDIA UK,FY2022,5.77,5.7,0.8,14236.0,249606.0,1776005.0,243817.0,£'000,Profit on ordinary activities after tax,Total equity,Total assets,,,,,,,,,,FY2022 (£'000)
STATE BANK OF INDIA UK,FY2021,3.46,3.04,0.42,7423.0,243817.0,1755410.0,185689.0,£'000,Profit on ordinary activities after tax,Total equity,Total assets,,,,,,,,,,FY2021 (£'000)
STREAMBANK,FY2025,2.62,2.58,0.43,908.3,35209.5,210383.4,34227.2,£'000,Profit/(Loss) for the year,Total equity,Total assets,,,,,,,,,,FY2025 (£'000)
STREAMBANK,FY2024,-7.08,-7.0,-1.29,-2395.0,34227.2,185251.3,33437.8,£'000,Profit/(Loss) for the year,Total equity,Total assets,,,-7.08,,https://thebanks.eu/banks/19533,,,,,FY2024 (£'000)
STREAMBANK,FY2023,,-10.9,-7.19,-3645.1,33437.8,50714.7,,£'000,Profit/(Loss) for the year,Total equity,Total assets,,,,,,,average-equity basis needs the prior year; year-end basis given,,"NOT a 12-month period: (15m). Profit covers this period while equity and assets are point-in-time, so the ratio is not comparable to the bank's other years or to other banks.",FY2023 (15m) (£'000)
STREAMBANK,FY2022,,,,,,,-352.6,£'000,Profit/(Loss) for the year,Total equity,Total assets,,,,,,,"no such reporting period - an adjacent column covers more than 12 months, so this year was never reported separately. NOT a gap to chase; see Period and entity flags.",,,
STREAMBANK,FY2021,,114.18,-89.89,-402.6,-352.6,447.9,,£'000,Profit/(Loss) for the year,Total equity,Total assets,,,,,,,average-equity basis needs the prior year; year-end basis given,,,FY2021 (£'000)
TANDEM,FY2025,1.89,1.84,0.14,3458.0,187930.0,2489828.0,177679.0,£'000,Profit/(Loss) for the Year,Total Equity,Total Assets,,,,,,,,,,FY2025 (£'000)
TANDEM,FY2024,6.89,6.48,0.36,11512.0,177679.0,3155197.0,156571.0,£'000,Profit/(Loss) for the Year,Total Equity,Total Assets,6.89,ROE,,,,0.0,,,,FY2024 (£'000)
TANDEM,FY2023,2.65,2.3,0.09,3600.0,156571.0,3859400.0,115178.0,£'000,Profit/(Loss) for the Year,Total Equity,Total Assets,,,,,,,,,,FY2023 (£'000)
TANDEM,FY2022,-2.11,-1.44,-0.09,-1654.0,115178.0,1926197.0,41620.0,£'000,Profit/(Loss) for the Year,Total Equity,Total Assets,,,,,,,,,,FY2022 (£'000)
TANDEM,FY2021,,-42.9,-2.09,-17853.0,41620.0,853719.0,,£'000,Profit/(Loss) for the Year,Total Equity,Total Assets,,,,,,,average-equity basis needs the prior year; year-end basis given,,,FY2021 (£'000)
TD BANK EUROPE,FY2025,4.35,4.32,0.25,61644.0,1426705.0,24303535.0,1408127.0,CAD'000,Profit for the financial year,Total shareholder's equity,Total assets,,,,,,,,,,FY2025 (CAD'000)
TD BANK EUROPE,FY2024,3.69,3.4,0.2,47944.0,1408127.0,23701833.0,1187508.0,CAD'000,Profit for the financial year,Total shareholder's equity,Total assets,3.69,ROE,,,,0.0,,,,FY2024 (CAD'000)
TD BANK EUROPE,FY2023,4.74,4.72,0.26,56037.0,1187508.0,21902569.0,1174679.0,CAD'000,Profit for the financial year,Total shareholder's equity,Total assets,4.74,ROE,,,,0.0,,,,FY2023 (CAD'000)
TD BANK EUROPE,FY2022,5.17,4.49,0.25,52735.0,1174679.0,21411125.0,866701.0,CAD'000,Profit for the financial year,Total shareholder's equity,Total assets,,,,,,,,,,FY2022 (CAD'000)
TD BANK EUROPE,FY2021,,5.11,0.23,44279.0,866701.0,19119360.0,,CAD'000,Profit for the financial year,Total shareholder's equity,Total assets,,,,,,,average-equity basis needs the prior year; year-end basis given,,,FY2021 (CAD'000)
THE BANK OF LONDON GROUP,FY2025,-103.63,-101.23,-6.79,-23503.0,23217.0,346004.0,22143.0,£'000,Loss for the year,Total equity,Total assets,,,,,,,,magnitude over 100% - check the equity base before quoting,,FY2025 (£'000)
THE BANK OF LONDON GROUP,FY2024,-98.18,-108.25,-2.83,-23970.0,22143.0,847944.0,26686.0,£'000,Loss for the year,Total equity,Total assets,,,,,,,,,,FY2024 (£'000)
THE BANK OF LONDON GROUP,FY2023,-55.43,-46.52,-5.14,-12414.0,26686.0,241666.0,18109.0,£'000,Loss for the year,Total equity,Total assets,,,,,,,,,,FY2023 (£'000)
THE BANK OF LONDON GROUP,FY2022,,-70.81,-63.97,-12823.0,18109.0,20044.0,,£'000,Loss for the year,Total equity,Total assets,,,,,,,average-equity basis needs the prior year; year-end basis given,,,FY2022 (£'000)
THE BANK OF LONDON GROUP,FY2021,,,,,,,,£'000,Loss for the year,Total equity,Total assets,,,,,,,no statement figures for this year in the workbook,,,
THIS BANK,FY2025,-56.22,-37.57,-2.6,-9616.0,25597.0,369555.0,8613.0,£'000,Loss for the year,Total equity,Total assets,,,,,,,,,,FY2025 (£'000)
THIS BANK,FY2024,-127.81,-127.99,-3.16,-11024.0,8613.0,349374.0,8637.0,£'000,Loss for the year,Total equity,Total assets,,,,,,,,magnitude over 100% - check the equity base before quoting,,FY2024 (£'000)
THIS BANK,FY2023,-133.82,-146.87,-11.57,-12685.0,8637.0,109592.0,10322.0,£'000,Loss for the year,Total equity,Total assets,,,,,,,,magnitude over 100% - check the equity base before quoting,,FY2023 (£'000)
THIS BANK,FY2022,-57.38,-62.92,-7.92,-6495.0,10322.0,81973.0,12317.0,£'000,Loss for the year,Total equity,Total assets,,,,,,,,,,FY2022 (£'000)
THIS BANK,FY2021,-40.84,-51.32,-13.59,-6321.0,12317.0,46517.0,18638.0,£'000,Loss for the year,Total equity,Total assets,,,,,,,,,,FY2021 (£'000)
TRIODOS,FY2025,6.81,6.68,0.68,13928.0,208622.0,2043128.0,200188.0,£'000,Profit and total comprehensive income for the year,Total equity,Total assets,,,,,,,,,,FY2025 (£'000)
TRIODOS,FY2024,2.78,2.75,0.28,5503.0,200188.0,1964329.0,196085.0,£'000,Profit and total comprehensive income for the year,Total equity,Total assets,2.78,ROE,,,,0.0,,,,FY2024 (£'000)
TRIODOS,FY2023,1.42,1.42,0.15,2788.0,196085.0,1897815.0,196097.0,£'000,Profit and total comprehensive income for the year,Total equity,Total assets,,,,,,,,,,FY2023 (£'000)
TRIODOS,FY2022,4.81,4.69,0.49,9204.0,196097.0,1876832.0,186893.0,£'000,Profit and total comprehensive income for the year,Total equity,Total assets,,,,,,,,,,FY2022 (£'000)
TRIODOS,FY2021,4.26,4.2,0.43,7841.0,186893.0,1834464.0,181352.0,£'000,Profit and total comprehensive income for the year,Total equity,Total assets,,,,,,,,,,FY2021 (£'000)
TSB,FY2025,11.26,10.74,0.55,251.1,2338.0,45281.5,2120.7,£m,Profit/(loss) for the year,Total equity,Total assets,,,,,,,,,,FY2025 (£m)
TSB,FY2024,10.0,9.61,0.44,203.8,2120.7,46099.1,1954.6,£m,Profit/(loss) for the year,Total equity,Total assets,10.0,ROE,,,,0.0,,,,FY2024 (£m)
TSB,FY2023,8.93,8.87,0.36,173.4,1954.6,47652.9,1929.8,£m,Profit/(loss) for the year,Total equity,Total assets,,,,,,,,,,FY2023 (£m)
TSB,FY2022,5.3,5.21,0.2,100.6,1929.8,49449.6,1866.4,£m,Profit/(loss) for the year,Total equity,Total assets,,,,,,,,,,FY2022 (£m)
TSB,FY2021,7.15,6.88,0.27,128.4,1866.4,46705.6,1724.9,£m,Profit/(loss) for the year,Total equity,Total assets,,,,,,,,,,FY2021 (£m)
TURKISH BANK UK,FY2025,-1.94,-2.0,-0.32,-576.0,28794.0,179731.0,30499.0,£'000,(Loss)/Profit after taxation,Total equity,Total assets,,,,,,,,,,FY2025 (£'000)
TURKISH BANK UK,FY2024,2.62,2.61,0.44,795.0,30499.0,182362.0,30180.0,£'000,(Loss)/Profit after taxation,Total equity,Total assets,2.62,ROE,,,,0.0,,,,FY2024 (£'000)
TURKISH BANK UK,FY2023,9.93,9.41,1.53,2840.0,30180.0,185039.0,27043.0,£'000,(Loss)/Profit after taxation,Total equity,Total assets,,,,,,,,,,FY2023 (£'000)
TURKISH BANK UK,FY2022,4.34,4.22,0.58,1140.0,27043.0,196554.0,25526.0,£'000,(Loss)/Profit after taxation,Total equity,Total assets,,,,,,,,,,FY2022 (£'000)
TURKISH BANK UK,FY2021,,-0.11,-0.02,-29.0,25526.0,190149.0,,£'000,(Loss)/Profit after taxation,Total equity,Total assets,,,,,,,average-equity basis needs the prior year; year-end basis given,,,FY2021 (£'000)
UBA UK,FY2025,,,,,,,63371.2,"£'000, conv. from USD",Profit/(loss) for the year,Total equity,Total assets,,,,,,,no statement figures for this year in the workbook,,,
UBA UK,FY2024,14.64,14.13,2.39,8957.1,63371.2,375311.2,58959.3,"£'000, conv. from USD",Profit/(loss) for the year,Total equity,Total assets,,,,,,,,,,"FY2024 (£'000, conv. from USD)"
UBA UK,FY2023,23.66,19.53,2.4,11514.6,58959.3,480409.2,38359.1,"£'000, conv. from USD",Profit/(loss) for the year,Total equity,Total assets,,,,,,,,,,"FY2023 (£'000, conv. from USD)"
UBA UK,FY2022,27.42,24.15,1.88,9263.1,38359.1,492550.2,29207.9,"£'000, conv. from USD",Profit/(loss) for the year,Total equity,Total assets,,,,,,,,,,"FY2022 (£'000, conv. from USD)"
UBA UK,FY2021,-2.56,-2.61,-0.2,-761.3,29207.9,386463.3,30164.7,"£'000, conv. from USD",Profit/(loss) for the year,Total equity,Total assets,,,,,,,,,,"FY2021 (£'000, conv. from USD)"
UNION BANCAIRE PRIVEE UK,FY2025,5.17,4.98,0.41,15956.0,320457.0,3863668.0,297221.0,£'000,Profit for the year,Equity attributable to owners of the Company,Total assets,,,,,,,,,,FY2025 (£'000)
UNION BANCAIRE PRIVEE UK,FY2024,2.46,2.91,0.18,8654.0,297221.0,4765408.0,405397.0,£'000,Profit for the year,Equity attributable to owners of the Company,Total assets,2.46,ROE,,,,0.0,,,,FY2024 (£'000)
UNION BANCAIRE PRIVEE UK,FY2023,7.98,8.69,0.78,35239.0,405397.0,4530099.0,477262.0,£'000,Profit for the year,Equity attributable to owners of the Company,Total assets,,,,,,,,,,FY2023 (£'000)
UNION BANCAIRE PRIVEE UK,FY2022,3.78,3.72,0.34,17764.0,477262.0,5291601.0,463510.0,£'000,Profit for the year,Equity attributable to owners of the Company,Total assets,,,,,,,,,,FY2022 (£'000)
UNION BANCAIRE PRIVEE UK,FY2021,6.76,6.57,1.24,30451.0,463510.0,2448463.0,437606.0,£'000,Profit for the year,Equity attributable to owners of the Company,Total assets,,,,,,,,,,FY2021 (£'000)
UNION BANK OF INDIA UK,FY2025,-5.78,-5.98,-1.39,-5172.6,86444.6,372592.6,92529.3,"£'000, conv. from USD",Profit/(Loss) after tax,Total Shareholder's equity,Total Assets,,,,,,,,,,"FY2025 (£'000, conv. from USD)"
UNION BANK OF INDIA UK,FY2024,1.28,1.28,0.29,1182.7,92529.3,403343.9,92071.3,"£'000, conv. from USD",Profit/(Loss) after tax,Total Shareholder's equity,Total Assets,1.29,ROE,,,,-0.01,,,,"FY2024 (£'000, conv. from USD)"
UNION BANK OF INDIA UK,FY2023,1.74,1.68,0.4,1549.4,92071.3,391140.4,86038.6,"£'000, conv. from USD",Profit/(Loss) after tax,Total Shareholder's equity,Total Assets,,,,,,,,,,"FY2023 (£'000, conv. from USD)"
UNION BANK OF INDIA UK,FY2022,4.64,4.5,1.27,3872.4,86038.6,305884.4,81051.0,"£'000, conv. from USD",Profit/(Loss) after tax,Total Shareholder's equity,Total Assets,,,,,,,,,,"FY2022 (£'000, conv. from USD)"
UNION BANK OF INDIA UK,FY2021,-9.28,-10.23,-2.92,-8291.5,81051.0,283571.3,97563.5,"£'000, conv. from USD",Profit/(Loss) after tax,Total Shareholder's equity,Total Assets,,,,,,,,,,"FY2021 (£'000, conv. from USD)"
UNITED NATIONAL,FY2025,9.77,9.27,0.57,10845105.0,117048800.0,1917558171.0,104929751.0,£,Profit for the year,Total equity,Total assets,,,,,,,,,,FY2025 (£)
UNITED NATIONAL,FY2024,7.24,6.8,0.56,7138466.0,104929751.0,1283627101.0,92156775.0,£,Profit for the year,Total equity,Total assets,7.24,ROE,,,,0.0,,,,FY2024 (£)
UNITED NATIONAL,FY2023,10.31,9.33,0.93,8600467.0,92156775.0,919933512.0,74613211.0,£,Profit for the year,Total equity,Total assets,,,,,,,,,,FY2023 (£)
UNITED NATIONAL,FY2022,5.87,6.09,0.56,4541768.0,74613211.0,806196622.0,80081720.0,£,Profit for the year,Total equity,Total assets,,,,,,,,,,FY2022 (£)
UNITED NATIONAL,FY2021,3.74,3.64,0.44,2918006.0,80081720.0,668720870.0,76112483.0,£,Profit for the year,Total equity,Total assets,,,,,,,,,,FY2021 (£)
UNITED TRUST BANK,FY2025,14.52,12.83,1.36,60680.0,472836.0,4450637.0,362862.0,£'000,Profit after tax retained for the financial year,Total capital and reserves,Total assets,14.1,ROE,,,,0.42,,,,FY2025 (£'000)
UNITED TRUST BANK,FY2024,19.85,18.13,1.68,65772.0,362862.0,3913260.0,299799.0,£'000,Profit after tax retained for the financial year,Total capital and reserves,Total assets,20.1,ROE,40.59,1.79,https://thebanks.eu/banks/14636,-0.25,,,,FY2024 (£'000)
UNITED TRUST BANK,FY2023,23.48,21.11,1.84,63274.0,299799.0,3440168.0,239109.0,£'000,Profit after tax retained for the financial year,Total capital and reserves,Total assets,20.2,ROE,,,,3.28,,,,FY2023 (£'000)
UNITED TRUST BANK,FY2022,20.88,18.99,1.62,45395.0,239109.0,2798317.0,195632.0,£'000,Profit after tax retained for the financial year,Total capital and reserves,Total assets,21.7,ROE,,,,-0.82,,,,FY2022 (£'000)
UNITED TRUST BANK,FY2021,19.16,18.11,1.57,35422.0,195632.0,2254178.0,174036.0,£'000,Profit after tax retained for the financial year,Total capital and reserves,Total assets,23.9,ROE,,,,-4.74,,,,FY2021 (£'000)
UNITY TRUST,FY2025,16.78,15.45,1.86,40789.0,263994.0,2187753.0,222117.0,£'000,Profit for the year attributable to shareholders,Total equity,Total assets,,,,,,,,,,FY2025 (£'000)
UNITY TRUST,FY2024,25.57,22.72,2.58,50476.0,222117.0,1957289.0,172617.0,£'000,Profit for the year attributable to shareholders,Total equity,Total assets,25.57,ROE,,,,0.0,,,,FY2024 (£'000)
UNITY TRUST,FY2023,32.96,28.3,2.8,48858.0,172617.0,1745808.0,123815.0,£'000,Profit for the year attributable to shareholders,Total equity,Total assets,,,,,,,,,,FY2023 (£'000)
UNITY TRUST,FY2022,19.63,18.45,1.37,22843.0,123815.0,1669179.0,108963.0,£'000,Profit for the year attributable to shareholders,Total equity,Total assets,,,,,,,,,,FY2022 (£'000)
UNITY TRUST,FY2021,9.69,8.88,0.6,9671.0,108963.0,1622794.0,90669.0,£'000,Profit for the year attributable to shareholders,Total equity,Total assets,,,,,,,,,,FY2021 (£'000)
VANQUIS,FY2025,8.93,8.15,1.0,35.7,438.0,3574.0,361.7,£m,Profit for the year,Total equity,Total assets,,,,,,,,,,FY2025 (£m)
VANQUIS,FY2024,1.99,2.07,0.26,7.5,361.7,2907.4,393.7,£m,Profit for the year,Total equity,Total assets,1.99,ROE,1.99,0.27,https://thebanks.eu/banks/14638,0.0,,,,FY2024 (£m)
VANQUIS,FY2023,1.95,1.93,0.29,7.6,393.7,2609.5,385.0,£m,Profit for the year,Total equity,Total assets,,,,,,,,,,FY2023 (£m)
VANQUIS,FY2022,24.35,24.36,5.02,93.8,385.0,1867.4,385.3,£m,Profit for the year,Total equity,Total assets,,,,,,,,,,FY2022 (£m)
VANQUIS,FY2021,40.99,37.89,8.59,146.0,385.3,1700.3,327.1,£m,Profit for the year,Total equity,Total assets,,,,,,,,,,FY2021 (£m)
VIDA,FY2025,7.64,7.37,0.38,13097.0,177779.0,3476346.0,165080.0,£'000,Profit for the year,Total shareholders' equity,Total assets,,,,,,,,,,FY2025 (£'000)
VIDA,FY2024,4.48,3.9,0.31,6434.0,165080.0,2079467.0,122069.0,£'000,Profit for the year,Total shareholders' equity,Total assets,4.48,ROE,,,,0.0,,,,FY2024 (£'000)
VIDA,FY2023,4.8,4.97,0.34,6068.0,122069.0,1780102.0,131006.0,£'000,Profit for the year,Total shareholders' equity,Total assets,,,,,,,,,,FY2023 (£'000)
VIDA,FY2022,1.54,1.51,0.11,1984.0,131006.0,1809020.0,126641.0,£'000,Profit for the year,Total shareholders' equity,Total assets,,,,,,,,,,FY2022 (£'000)
VIDA,FY2021,3.71,3.68,0.25,4659.0,126641.0,1854266.0,124246.0,£'000,Profit for the year,Total shareholders' equity,Total assets,,,,,,,,,,FY2021 (£'000)
WEATHERBYS,FY2025,18.23,17.32,0.94,19244.0,111114.0,2053447.0,100043.0,GBP'000,Profit for the financial year,Total equity,Total assets,,,,,,,,,,FY2025 (GBP'000)
WEATHERBYS,FY2024,19.75,18.26,0.99,18270.0,100043.0,1848494.0,84991.0,GBP'000,Profit for the financial year,Total equity,Total assets,20.0,ROE,,,,-0.25,,,,FY2024 (GBP'000)
WEATHERBYS,FY2023,33.54,29.1,1.51,24735.0,84991.0,1637674.0,62500.0,GBP'000,Profit for the financial year,Total equity,Total assets,,,,,,,,,,FY2023 (GBP'000)
WEATHERBYS,FY2022,20.66,19.05,0.74,11909.0,62500.0,1608564.0,52800.0,GBP'000,Profit for the financial year,Total equity,Total assets,,,,,,,,,,FY2022 (GBP'000)
WEATHERBYS,FY2021,10.29,9.86,0.35,5206.0,52800.0,1476083.0,48386.0,GBP'000,Profit for the financial year,Total equity,Total assets,,,,,,,,,,FY2021 (GBP'000)
ZEMPLER,FY2025,11.19,10.45,0.5,3426.0,32779.0,681923.0,28466.0,£'000,Profit/(loss) after taxation,Total equity,Total assets,,,,,,,,,,FY2025 (£'000)
ZEMPLER,FY2024,18.42,16.64,0.77,4738.0,28466.0,616752.0,22968.0,£'000,Profit/(loss) after taxation,Total equity,Total assets,,,,,,,,,,FY2024 (£'000)
ZEMPLER,FY2023,27.55,23.74,0.98,5452.0,22968.0,558055.0,16618.0,£'000,Profit/(loss) after taxation,Total equity,Total assets,,,,,,,,,,FY2023 (£'000)
ZEMPLER,FY2022,,-12.65,-0.43,-2103.0,16618.0,493925.0,,£'000,Profit/(loss) after taxation,Total equity,Total assets,,,,,,,average-equity basis needs the prior year; year-end basis given,,,FY2022 (£'000)
ZEMPLER,FY2021,,,,,,,,£'000,Profit/(loss) after taxation,Total equity,Total assets,,,,,,,no statement figures for this year in the workbook,,,
ZENITH,FY2025,11.68,11.34,1.65,36752.6,324086.2,2226937.9,305356.2,"£'000, conv. from USD",Profit for the year,Total equity,Total assets,,,,,,,,,,"FY2025 (£'000, conv. from USD)"
ZENITH,FY2024,11.61,10.82,1.56,33033.4,305356.2,2116703.1,263918.8,"£'000, conv. from USD",Profit for the year,Total equity,Total assets,,,,,,,,,,"FY2024 (£'000, conv. from USD)"
ZENITH,FY2023,17.58,16.7,2.11,44085.1,263918.8,2089290.6,237583.7,"£'000, conv. from USD",Profit for the year,Total equity,Total assets,,,,,,,,,,"FY2023 (£'000, conv. from USD)"
ZENITH,FY2022,12.93,11.99,1.1,28474.9,237583.7,2591520.9,202894.4,"£'000, conv. from USD",Profit for the year,Total equity,Total assets,,,,,,,,,,"FY2022 (£'000, conv. from USD)"
ZENITH,FY2021,4.1,4.09,0.39,8292.7,202894.4,2130359.2,201722.6,"£'000, conv. from USD",Profit for the year,Total equity,Total assets,,,,,,,,,,"FY2021 (£'000, conv. from USD)"
ZOPA,FY2025,5.96,5.36,0.46,33380.0,623217.0,7243711.0,497291.0,£'000,Profit/(loss) after tax,Total equity,Total assets,,,,,,,,,,FY2025 (£'000)
ZOPA,FY2024,4.83,4.38,0.35,21777.0,497291.0,6229047.0,404415.0,£'000,Profit/(loss) after tax,Total equity,Total assets,,,4.83,0.42,https://thebanks.eu/banks/19247,,,,,FY2024 (£'000)
ZOPA,FY2023,11.05,9.61,0.96,38881.0,404415.0,4049087.0,299607.0,£'000,Profit/(loss) after tax,Total equity,Total assets,,,,,,,,,,FY2023 (£'000)
ZOPA,FY2022,-9.42,-8.67,-0.76,-25988.0,299607.0,3423334.0,252255.0,£'000,Profit/(loss) after tax,Total equity,Total assets,,,,,,,,,,FY2022 (£'000)
ZOPA,FY2021,-18.02,-13.57,-2.39,-34223.0,252255.0,1430971.0,127622.0,£'000,Profit/(loss) after tax,Total equity,Total assets,,,,,,,,,,FY2021 (£'000)
