source_id,source_workbook,source_note
abc_international_bank_financials_xlsx,ABC INTERNATIONAL BANK FINANCIALS.xlsx,"Sources - ABC International Bank plc:
FY2024 & FY2023 (consolidated): ABC International Bank plc Pillar 3 Report 2024, Table ""UK KM1 - Key metrics template"", p.14 - https://www.bank-abc.com/en/CountrySites/Europe/London/Financial-Info/Basel%20Pillars/ABCIB%20Pillar%203%20final%20Board%202024%20.pdf
FY2023 (consolidated, as originally reported): ABC International Bank plc Pillar 3 Disclosures 2023, Table 3: Key Regulatory Metrics, p.13 - https://www.bank-abc.com/en/CountrySites/Europe/London/Financial-Info/Basel%20Pillars/BH2407109%20-%20Bank%20ABC%20Pillar%203%20Disclosures%202023%20-%20Final%20website%20version.pdf
FY2022 & FY2021 (solo): ABC International Bank plc Annual Report 2022, Financial Highlights, p.31 - https://www.bank-abc.com/en/ShareholderRelations/Annual%20Reports/ABCIB%20Annual%20Report%202022.pdf
FY2025 (solo): ABC International Bank plc Annual Report 2025, Financial Highlights, p.20 (scanned Companies House filing, visually transcribed) - https://find-and-update.company-information.service.gov.uk/company/02564490/filing-history
FY2023-FY2024 shown on a CONSOLIDATED basis (ABCIB Pillar 3 Disclosures, UK KM1 template); FY2021-FY2022 and FY2025 shown on a SOLO basis (Annual Report Financial Highlights table - no consolidated Pillar 3 disclosure located for those years). See the Cash Flow Statement sheet's entity note for detail. FY2025's Financial Highlights table (Total RWA £3,132m, Capital base £517m, Tier 1 ratio 15.0%, Total ratio 16.5%) does not split CET1 from Tier 1, so CET1/Tier 1 capital £m figures for FY2025 are CALCULATED (RWA x Tier 1 ratio), same convention as FY2021/FY2022 - see the CET1 Capital sheet note. No Leverage Ratio, LCR or NSFR figure appears in the FY2025 Financial Highlights table (same gap as FY2021/FY2022), and no separate FY2025 Pillar 3 report could be located, so those 3 sheets remain FY2021-blank/FY2024-only as before."
access_bank_uk_financials_xlsx,ACCESS BANK UK FINANCIALS.xlsx,"Sources - all figures are The Access Bank UK Limited's own Statement of Cash Flows (converted from USD to £, see FX conversion note below):
FY2024: Report & Financial Statements 2024, p.23 (Statement of Cash Flows, Bank column) - https://www.theaccessbankukltd.co.uk/wp-content/uploads/2025/06/AccessBank_AR2024_Financials-AW.pdf
FY2023: Report and Financial Statements 2023, p.21 (Statement of Cash Flows) - https://www.theaccessbankukltd.co.uk/wp-content/uploads/2024/07/ACCESS_BANK_AR_2023_Financial-statements.pdf
FY2022: Report and Statutory Accounts 2022, p.19 (Statement of Cash Flows) - https://www.theaccessbankukltd.co.uk/wp-content/uploads/2023/07/ACCESS_BANK_AR22_Accs.pdf
FY2021 & FY2020: Report and Statutory Accounts 2021, p.17 (Statement of Cash Flows) - https://www.theaccessbankukltd.co.uk/wp-content/uploads/2022/06/ACCESS_BANK_AR_2021_Accounts.pdf
Activity-total rows may be off by up to £0.1k from summing the visible line items above them, since each £ line is independently rounded to 1 decimal place before summing; the full statement ties exactly end-to-end via the net change, opening balance, exchange-rate-effect and translation-effect lines (verified to the penny in £'000 terms for FY2021-FY2024; FY2020 has no opening balance, see FX note).

ENTITY NOTE: The Access Bank UK Limited (Companies House 06365062, FRN 478415) is a UK subsidiary of Access Bank Plc (Nigeria); ultimate parent is Access Holdings Plc (Nigeria). Like Zenith Bank (UK) Limited and United Bank for Africa (UK) Limited elsewhere in this workbook series, it prepares full IFRS financial statements with a genuine Statement of Cash Flows every year - no FRS 101/102 cash-flow exemption applies. The Bank's Own Funds consist entirely of Common Equity Tier 1 (CET1) capital (no AT1 or Tier 2 instruments), so CET1 capital = Tier 1 capital = Total capital in every year shown. The Bank's own website blocks automated page fetches (Cloudflare bot protection on its HTML pages, though direct PDF links work); its 'Our Reports' page was instead reconstructed via multiple Wayback Machine snapshots (2022-2025) to locate every year's Annual Report and Pillar 3 Disclosures PDF. Companies House filing history confirms the latest filed accounts are 'Group of companies' accounts made up to 31 December 2024' (filed 22 Sep 2025) - no FY2025 Annual Report or Pillar 3 disclosure has been published yet, and no later Pillar 3 edition than the 2023 one has been found (the Bank's Reports page showed only the 2023 edition as of a 16 Nov 2025 Wayback snapshot, the most recent snapshot available). This workbook therefore covers FY2020-FY2024 (shifted one year earlier than most other banks in this series, which run FY2021-FY2025) - 5 years of cash flow, but Pillar 3 metrics only to FY2023 (4 years); FY2024 Pillar 3 cells are blank rather than guessed. From FY2024 the Bank's own Statement of Cash Flows is presented on both 'Bank' and 'Group' bases (following the acquisition of an interest in a subsidiary during 2024 - see 'Purchase of share in subsidiary' below); the Bank (entity-level) column is used throughout this workbook for consistency with every earlier year, when Bank and Group were identical since no subsidiary existed.

FX CONVERSION NOTE: The Access Bank UK Limited reports in US Dollars. This workbook converts every $ amount to £ for consistency with the rest of this series, following the same methodology established for SMBC Bank International plc, Zenith Bank (UK) Limited and United Bank for Africa (UK) Limited: point-in-time/balance figures (capital, RWA, leverage exposure, HQLA, cash balances) use the Bank of England GBP/USD SPOT rate as at that fiscal year-end (31 December); flow figures (every cash flow statement line item) use the AVERAGE of Bank of England rates over that calendar year - both via poundsterlinglive.com's published Bank of England archive. Rates used (£1 = $X): FY2020 spot 1.3661 / average 1.2837; FY2021 spot 1.3521 / average 1.3752; FY2022 spot 1.2097 / average 1.2362; FY2023 spot 1.2732 / average 1.2439; FY2024 spot 1.2515 / average 1.2782 - identical to the FY2021-FY2024 rates already used for Zenith Bank UK and UBA UK, since all three share the same 31 December fiscal year-end; FY2020 average is newly sourced for this workbook (no earlier bank in this series needed a full FY2020 column). All % ratios (CET1/Tier 1/Total Capital/Leverage/LCR/NSFR ratios) are shown EXACTLY as reported in USD and were NOT converted - a ratio is dimensionless and currency-invariant. Because stocks and flows are converted at different rates, the cash flow statement includes an explicit 'Effect of GBP/USD translation' reconciling line (FY2021-FY2024 only, computed programmatically from the actual converted figures) so opening + all flows + this line = closing exactly in £ terms for those years - this line is purely an artefact of £ translation and has no bearing on the Bank's underlying USD results. FY2020's opening cash balance is left blank (not converted) since it would require a 31 December 2019 spot rate, which hasn't been sourced for this project - FY2020's closing balance and flow lines ARE populated, just not its opening balance or a translation plug. This conversion was not explicitly requested for this bank - applied for consistency with the rest of the series, following the same call already confirmed for Zenith Bank UK and UBA UK; flag if £'000 rather than the Bank's native US$'000 presentation is not what's wanted here.

PRESENTATION NOTE: presentation differs slightly between report vintages, each year's own as-reported line items/labels are preserved rather than forced into a common shape. FY2023/FY2024 split lease payments into separate 'Lease payments principal' and 'Lease payments interest' rows; FY2020-FY2022 instead show a single combined 'Lease payments' row (FY2022's own report keeps the combined presentation even though FY2023's report restates FY2022 as a split comparative - FY2022's own report's combined figure is used here, per this project's convention of preferring each year's own report). A handful of line items differ by $1-$3 between a year's own primary statement and its appearance as the following year's comparative column (immaterial rounding, e.g. FY2021 'Operating cash flows before movements in working capital' is $86,336,098 in AR2021's own statement vs $86,336,099 in AR2022's comparative) - each year's own primary statement figure is used throughout."
afin_bank_financials_xlsx,AFIN BANK FINANCIALS.xlsx,"Sources - Afin Bank Limited audited annual report and financial statements for the year ended 31 December 2024:
FY2024: Statement of cash flows, printed p. 36 - https://afinbank.com/wp-content/uploads/2025/09/Afin-Bank-Ltd-Year-End-Accounts-FV24-FINAL-SIGNED.pdf
Companies House 2024 accounts filing (filed 29 September 2025) - https://find-and-update.company-information.service.gov.uk/company/13090556/filing-history/MzQ4MjgwOTc2M2FkaXF6a2N4/document?download=0&format=pdf
Companies House filing history - https://find-and-update.company-information.service.gov.uk/company/13090556/filing-history
ENTITY NOTE: Afin Bank Limited (company 13090556, FRN 1004742) is the UK legal entity covered here. The 2024 Pillar 3 report says the disclosure scope applies to Afin Bank Limited only; it is a majority-owned subsidiary of WAICA Reinsurance Corporation PLC, but no parent-level figures are substituted. The company was formerly named All Africa Capital Limited and changed its name after receiving banking authorisation with restrictions in October 2024."
aib_group_uk_financials_xlsx,AIB GROUP UK FINANCIALS.xlsx,"Sources - all figures are the 'AIB UK Group' (consolidated) column of AIB Group (UK) p.l.c.'s own Statement of Cash Flows, £m (not the 'AIB UK' solo column shown alongside it, and not AIB Group plc's Irish-group figures):
FY2023: FY2023 Annual Financial Report, p.73 (Statement of Cash Flows) - https://aib.ie/content/dam/frontdoor/investorrelations/docs/resultscentre/annualreport/2023/aib-group-uk-plc-annual-financial-report-2023.pdf
FY2022: FY2022 Annual Financial Report, p.71 (Statement of Cash Flows) - https://aib.ie/content/dam/frontdoor/investorrelations/docs/resultscentre/annualreport/2022/AIB-Group-UK-p.l.c-Annual-Financial-Report-2022.pdf
FY2021: sourced from the FY2022 Annual Financial Report's own FY2021 comparative column, p.71 (a standalone FY2021 Annual Financial Report PDF could not be fetched - aibgb.co.uk returned HTTP 403 on the only URL found for it, and no working aib.ie-hosted equivalent was located) - https://aib.ie/content/dam/frontdoor/investorrelations/docs/resultscentre/annualreport/2022/AIB-Group-UK-p.l.c-Annual-Financial-Report-2022.pdf
FY2022 figures were independently cross-checked against their appearance as the FY2023 report's own FY2022 comparative column and matched exactly.

ENTITY NOTE: 'AIB Group (UK) p.l.c.' (FRN 122088, Companies House NI018800, registered in Northern Ireland) is a UK subsidiary of Allied Irish Banks, p.l.c. / AIB Group plc (Irish parent, Dublin-registered, no. 594283) - it is a DIFFERENT legal entity from 'AIB Group plc' itself, which publishes its own much larger, Ireland-wide consolidated Pillar 3 Disclosures on aib.ie. Early research surfaced AIB Group plc's Irish-group Pillar 3 PDFs first (they dominate web search results) - these were discarded as the wrong entity. All figures in this workbook are AIB Group (UK) p.l.c.'s own Annual Financial Report, not the wider AIB Group plc's disclosures. Confirmed via Companies House filing history and the FRN in Banks List 2608.xlsx.

CASH FLOW EXEMPTION NOTE: only FY2021-FY2023 have a Statement of Cash Flows. The FY2024 and FY2025 Annual Financial Reports both state, under '1.2 Basis of preparation': 'the Company has applied the exemptions available under FRS 101 in respect of the following disclosures: a statement of cash flows and related notes (IAS 1 Presentation of Financial Statements and IAS 7 Statement of Cash Flows)...' - confirmed directly in both PDFs' own text (not OCR'd; both are text-native filings). The FY2021-FY2023 reports instead presented consolidated 'AIB UK Group' financial statements (no FRS 101 exemptions), which is why a full cash flow statement exists for those three years but not the two most recent ones - the same 'exemption kicks in partway through the window' pattern seen with Tandem Bank Limited elsewhere in this project, though here it's a switch from group to solo (FRS 101) reporting that triggers it, not a straightforward late adoption."
aldermore_financials_xlsx,ALDERMORE FINANCIALS.xlsx,"Sources — Aldermore Bank PLC (company solo, not the Aldermore Group PLC holding company), Statement of cash flows from each year's full statutory accounts filed at Companies House (company no. 00947662), £m:
FY2025 & FY2024 (restated): Full accounts made up to 30 June 2025, filed 04 Nov 2025, p.55 — https://find-and-update.company-information.service.gov.uk/company/00947662/filing-history/MzQ4NzM5MDg2MWFkaXF6a2N4/document?format=pdf&download=0
FY2023: Full accounts made up to 30 June 2023, filed 27 Oct 2023, p.53 — https://find-and-update.company-information.service.gov.uk/company/00947662/filing-history/MzM5ODA0OTgzOWFkaXF6a2N4/document?format=pdf&download=0
FY2022: Full accounts made up to 30 June 2022, filed 19 Oct 2022, p.60 — https://find-and-update.company-information.service.gov.uk/company/00947662/filing-history/MzM1NTc2ODMxMmFkaXF6a2N4/document?format=pdf&download=0
FY2021: Full accounts made up to 30 June 2021, filed 04 Nov 2021, p.59 — https://find-and-update.company-information.service.gov.uk/company/00947662/filing-history/MzMxODkyMzc2MWFkaXF6a2N4/document?format=pdf&download=0
(FY2024 accounts as originally filed are superseded by the FY2025 accounts' restated FY2024 comparative used here — https://find-and-update.company-information.service.gov.uk/company/00947662/filing-history/MzQ0MDgwMDc3OWFkaXF6a2N4/document?format=pdf&download=0)
Note: the Bank reclassified its FY2024 comparative cash flow statement (see FY2025 accounts, p.55) to move interest received/paid on the intercompany loan, interest paid on subordinated notes, and interest received on debt securities from investing/financing activities into operating activities, and to reclassify proceeds from disposal of a non-current asset held for sale into operating activities; amounts relating to intercompany loans are also now presented gross rather than net. FY2023/FY2022/FY2021 below are presented as originally filed under the older (pre-reclassification) basis. Blank cells indicate a line item was not part of that year's classification of cash flows; section totals (net cash from operating/investing/financing activities, net change, opening/closing cash) are directly as reported and comparable across all 5 years. Minor (≤£0.1m) differences between individual line items and their printed subtotals in the FY2023/FY2022 source documents are presented as disclosed, not adjusted."
allica_financials_xlsx,ALLICA FINANCIALS.xlsx,"Sources — all figures are Allica Bank Limited consolidated (Group) cash flow statement, £m:
FY2025 & FY2024: Allica Bank Limited Annual Report & Accounts 2025, p.92-93 (Statement of cash flows) — https://www.allica.bank/hubfs/pdf/allica-bank_annual-report-2025.pdf
FY2023 & FY2022: Allica Bank Limited Annual Report and Accounts 2023, p.76-77 & Note 32 p.130-131 (Statements of cash flows / Note 32: Cash flow information) — https://www.allica.bank/hubfs/Allica-Bank_Annual-report_2023.pdf
FY2021: Allica Bank Limited Annual Report and Accounts 2022, p.85 & Note 32 p.139 (Statements of cash flows / Note 32: Cash flow information) — https://www.allica.bank/hubfs/pdf/web/investor-relations/Allica_Bank-Annual_Report-2022.pdf
Note: Allica changed cash flow statement presentation across report vintages. FY2021-FY2023 reports show a Note 32 reconciliation (profit before tax + non-cash adjustments + working capital changes = 'Cash generated from operations') and then add actual cash 'Interest income received'/'Interest expense paid' on the face of the primary statement to reach 'Net cash from operating activities'. FY2024-FY2025 reports show the full reconciliation (including accrued-interest reversal lines) directly on the face of the statement with no separate interest-received/paid lines, reaching 'Net cash from operating activities' via 'Tax paid' alone. Blank cells indicate a line not separately disclosed that year under the applicable presentation; the operating/investing/financing/net-change/cash-at-year-end TOTAL rows are all consistent and comparable across all 5 years (independently cross-checked by hand against each year's underlying line items). FY2024-FY2025 also newly disclose 'Acquisition of a subsidiary, net of cash acquired' and a foreign-exchange translation line, both nil/absent in FY2021-FY2023 (Allica had no foreign operations in that earlier period)."
alpha_bank_london_financials_xlsx,ALPHA BANK LONDON FINANCIALS.xlsx,"Sources — Alpha Bank London Limited (FRN 135327, company 00185070) own Statement of Cash Flows, £000's:
FY2025 & FY2024: Annual Report and Financial Statements 31 December 2025, p.25-26 (Statement of Cash Flows) — https://find-and-update.company-information.service.gov.uk/company/00185070/filing-history/MzUyMzkyMTM5MGFkaXF6a2N4/document?format=pdf&download=0
FY2023 & FY2024 (cross-checked): Annual Report and Financial Statements 31 December 2024, p.26-27 (Statement of Cash Flows) — https://find-and-update.company-information.service.gov.uk/company/00185070/filing-history/MzQ2NDAyMTQ4MGFkaXF6a2N4/document?format=pdf&download=0
FY2022 & FY2021: Annual Report and Financial Statements 31 December 2022, p.22-23 (Statement of Cash Flows) — https://find-and-update.company-information.service.gov.uk/company/00185070/filing-history/MzM3OTU0ODM0NWFkaXF6a2N4/document?format=pdf&download=0
Filed accounts at Companies House are fully scanned/image-only (no text layer) for all 5 years — figures transcribed via OCR (tesseract) then manually cross-checked against a rendered page image. All figures GBP throughout (no FX conversion needed).
PRESENTATION NOTE: the source restructures this statement across the 5 years. FY2021-FY2024 report an 'adjustments' block (incl. accrued interest income/expense removed from profit) feeding an unlabelled interim subtotal, then separate blocks for changes in operating assets and operating liabilities, then a block adding back actual CASH interest received/paid, then tax paid, before the final 'Net cash flows used in operating activities' total. FY2025 drops both the interim subtotal and the separate cash-interest block entirely (cash interest is folded directly into the asset/liability movement figures) — cells left blank for FY2025 where FY2021-FY2024 show a value are genuinely not broken out that year, not a data gap. Section TOTALs (assets change, liabilities change, investing, financing, and the final operating/net-change/closing-balance figures) are fully consistent and comparable across all 5 years — verified by hand line-by-line; see scripts/verify_workbook.py's own docstring re: its known limitation on multi-block tail reconciliation, which applies here (it will only cleanly auto-check the asset-change and liability-change blocks).
Two immaterial (£1k) accrued-vs-cash timing differences exist between the operating-adjustments block's accrued interest figures and the financing section's actual cash-paid interest figures for FY2023 (£669k accrued vs £668k paid) and FY2021 (£161k accrued vs £162k paid) — normal accrual/cash timing, not an error, both used exactly as each section states them.
FY2023 investing-activities section: component lines sum to £16,147k but the source's own printed total reads £16,148k — an immaterial £1k rounding artifact in the original filing, kept as printed (not force-corrected)."
alrayan_bank_financials_xlsx,ALRAYAN BANK FINANCIALS.xlsx,"Sources - Al Rayan Bank's own Statement of Cash Flows, £'000s, all years:
FY2025: FY2025 Annual Report and Financial Statements (Companies House filing, made up to 31 Dec 2025, filed 16 Apr 2026), p.41 - https://find-and-update.company-information.service.gov.uk/company/04483430/filing-history/MzUxNTE1ODIyNGFkaXF6a2N4/document?format=pdf&download=0
FY2024: FY2024 Annual Report and Financial Statements, p.42 - https://www.alrayanbank.co.uk/sites/default/files/media/file-uploads/2025-04/04a_-_arb_financial_statements_fy_31-12-2024_-_signed_ey.cleaned.pdf
FY2023: sourced from the FY2024 Annual Report's own FY2023 comparative column, p.42 - https://www.alrayanbank.co.uk/sites/default/files/media/file-uploads/2025-04/04a_-_arb_financial_statements_fy_31-12-2024_-_signed_ey.cleaned.pdf
FY2022: FY2022 Annual Report and Financial Statements (Companies House filing, made up to 31 Dec 2022, filed 23 Jun 2023), p.38 - https://find-and-update.company-information.service.gov.uk/company/04483430/filing-history/MzM4MzEwOTk0N2FkaXF6a2N4/document?format=pdf&download=0
FY2021 (restated): sourced from the FY2022 Annual Report's own FY2021 comparative column, p.38 - https://find-and-update.company-information.service.gov.uk/company/04483430/filing-history/MzM4MzEwOTk0N2FkaXF6a2N4/document?format=pdf&download=0. The FY2022 report's own footnote explains the FY2021 restatement: the Bank of England cash ratio deposit was removed from 'Cash and cash equivalents' and MasterCard balances were added, following updated IFRS Interpretations Committee guidance - the originally-reported FY2021 figures (from a standalone FY2021 Annual Report) were not used, this restated version was, consistent with project convention of using a year's most contemporary/authoritative appearance.
FY2025's Statement of Cash Flows introduces new line-item names not used in earlier years (e.g. 'Structured real estate' replacing 'Commercial property finance', a new 'Securities purchased under reverse repurchase agreements' line, 'Encumbered non-cash balances' replacing 'Treasury placements') - these are shown as separate rows below rather than force-merged into the old line items, consistent with how this project handles other banks' presentation changes; every year's own reported section TOTALs are unaffected and the full chain reconciles exactly across all 5 years except one immaterial £1k FY2021 rounding gap in the source document itself (opening 383,234 + net change -138,791 + FX -354 = 244,089 vs the printed closing balance of 244,090), kept as printed not force-corrected.

ENTITY NOTE: Alrayan Bank Limited (FRN 229148, Companies House 04483430, matches Banks List 2608.xlsx exactly) is a UK Sharia-compliant bank, wholly owned by AlRayan Bank (Q.P.S.C.) of Qatar. Its own Annual Report/Pillar 3 documents style it 'Al Rayan Bank PLC' but Companies House confirms its current registered name is 'ALRAYAN BANK LIMITED' - same company number throughout, not an entity change, just inconsistent branding between the statutory filing and the bank's own PDFs."
arab_bank_europe_financials_xlsx,ARAB BANK EUROPE FINANCIALS.xlsx,"Sources - all figures are Arab Bank Europe Plc's (Europe Arab Bank plc's) own Cash Flow Statement, converted from EUR to £'000 (see FX conversion note below):
FY2024/FY2023: Europe Arab Bank plc Annual Report and Financial Statements 2024, p.31 (Cash Flow Statement) - https://web.archive.org/web/20250805183352/https://www.eabplc.com/downloads/202502_EABAnnualReport_v3.pdf
FY2022/FY2021: Europe Arab Bank plc Annual Report and Financial Statements 2022, p.30 (Cash Flow Statement) - https://web.archive.org/web/20240714135652/https://www.eabplc.com/downloads/202304_EABAnnualReport_v7_144ppi.pdf
Each pair's own report was used for both its own year and its comparative column. FY2023/FY2024 use a materially different note structure to FY2021/FY2022 (new lines: trading gains on securities/derivatives, gain on lease modification, FX adjustments on ECL/ROU, loss on disposal of subsidiary/disposal of subsidiaries) - a genuine presentation evolution, not a gap; blank cells mark a line item that doesn't apply to that year's presentation, section TOTALs are unaffected and fully comparable.

ENTITY NOTE: Arab Bank Europe Plc, FRN 446951, company 05575857 (incorporated 2005, trades and files financial statements under the name ""Europe Arab Bank plc"" - the PRA list's word order is reversed vs. Companies House/FCA register, confirmed as the same entity via FRN and company number match, not a guess). Wholly-owned subsidiary of Arab Bank plc (Jordan); UNLIKE many single-foreign-parent subsidiaries in this series, it does NOT take the FRS 101/102 cash-flow-statement exemption - a full Cash Flow Statement is published every year. eabplc.com's TLS configuration rejects every automated fetch attempted (both direct and via Wayback-triggered re-crawl), so sourcing relied entirely on Wayback Machine snapshots already in the archive; only the FY2022 Annual Report (giving FY2021+FY2022) and the FY2024 Annual Report (giving FY2023+FY2024) were found archived - the FY2021, FY2023, and FY2025 standalone Annual Reports, and every standalone Pillar 3 document (only a generic 'Pillar3.pdf' was found archived, and that download was itself truncated/corrupted on every retry attempted), were not obtainable. FY2025 is therefore excluded entirely (Companies House confirms a FY2025 filing exists, filed 10 May 2026, but no accessible copy was found). Pillar 3 disclosure is consequently very thin: only two ratios (Capital adequacy/Total Capital ratio, Common Equity Tier 1 ratio) are ever stated, and only as headline percentages in the Annual Report's own 'Other Key Performance Indicators' table (note 37 does not add any £/€ breakdown - CET1/Total Capital amounts, RWA, leverage, LCR, NSFR and MREL are not disclosed anywhere in the sourced documents) - the same narrative-KPI-only pattern seen at AIB Group (UK) and Bank of Ireland (UK). A genuine, undocumented cash bridge gap exists between FY2022's closing balance (per the FY2022 Annual Report, €158,856k) and FY2023's opening balance (per the FY2024 Annual Report's own comparative column, €538,633k) - the FY2023 Annual Report itself, which would show what happened during that year, was not obtainable. The FY2023 column shows a 'Loss on disposal of subsidiary' (€3,294k) and 'Disposal of subsidiaries' (€25,342k) line item not present in any other year, consistent with a subsidiary disposal/deconsolidation event during FY2023, but this does not come close to explaining the full €379,777k gap - left unbridged and flagged rather than silently forced to reconcile.

FX CONVERSION NOTE: Arab Bank Europe Plc (trading/registered as ""Europe Arab Bank plc"") reports in Euros (its functional currency, per its own Annual Report) - this is the first EUR-reporting workbook in this series. Converted to £ following the same methodology used for this project's earlier USD-reporting banks (SMBC BI, Zenith, UBA UK, Access Bank UK, Union Bank of India UK): point-in-time/balance figures use the Bank of England GBP/EUR SPOT rate as at that fiscal year-end (31 December); flow figures (every cash flow statement line item) use the AVERAGE of the daily spot rates over that calendar year - both from Bank of England daily reference rates via poundsterlinglive.com's published archive. Rates used (£1 = €X): 31 Dec 2020 spot 1.1118 (FY2021 opening cash only); FY2021 spot 1.1907 / average 1.1628; FY2022 spot 1.1277 / average 1.1717; FY2023 spot 1.1539 / average 1.1520; FY2024 spot 1.2099 / average 1.1824. All % ratios (CET1/Total Capital ratios - see ENTITY_NOTE for why this is all that's disclosed) are shown EXACTLY as reported in EUR and were NOT converted - a ratio is dimensionless and currency-invariant. Because stocks and flows are converted at different rates (standard practice for translating foreign-currency financial statements), a programmatically-computed 'Effect of GBP/EUR translation' reconciling line is included so opening + all flows + this line = closing exactly in £ terms."
arbuthnot_latham_financials_xlsx,ARBUTHNOT LATHAM FINANCIALS.xlsx,"Sources - all figures are Arbuthnot Latham & Co., Limited's own Consolidated Statement of Cash Flows (the Bank + its own subsidiaries), £'000, as filed at Companies House:
FY2025 & FY2024: accounts made up to 31 December 2025, p.41 (Consolidated Statement of Cash Flows) - https://find-and-update.company-information.service.gov.uk/company/00819519/filing-history/MzUyMzkzMjQ5NmFkaXF6a2N4/document?format=pdf&download=0
FY2023 & FY2022: accounts made up to 31 December 2023, p.42 (Consolidated Statement of Cash Flows) - https://find-and-update.company-information.service.gov.uk/company/00819519/filing-history/MzQyMzk5NjI0NGFkaXF6a2N4/document?format=pdf&download=0
FY2021 (& FY2020 comparative, not used): accounts made up to 31 December 2021, p.48 (Consolidated Statement of Cash Flows) - https://find-and-update.company-information.service.gov.uk/company/00819519/filing-history/MzM0MTEwODM3MmFkaXF6a2N4/document?format=pdf&download=0
Presentation note: FY2021's own report builds the operating-profit-before-changes subtotal from actual cash interest/fee/payment flows (Interest received, Interest paid, Fees and commissions received, Other income, Cash payments to employees and suppliers, Taxation paid); FY2022 onward builds the same subtotal indirectly from Profit before tax plus non-cash adjustments (Depreciation, Impairment, Net interest expense, FX elimination on debt securities, Other non-cash items, Tax paid/expense). Both bases reconcile to a consistent, comparable 'Cash flows from operating profit before changes in operating assets and liabilities' subtotal each year - blank cells simply mean that year's report used the other presentation. FY2025's investing-activities total has an immaterial £1k rounding gap vs. the sum of its own printed line items, kept as printed rather than force-corrected. Every other section total and the full opening/closing cash chain reconciles exactly year-to-year across all 3 source documents.
Entity note: Arbuthnot Latham & Co., Limited (company 00819519, FRN 143336) is the PRA-authorised Bank itself, not the wider LSE-listed ultimate holding company Arbuthnot Banking Group PLC. The Bank files its own 'Group of companies' accounts' at Companies House (Arbuthnot Latham & Co., Limited and its own subsidiaries - Wealth Management, Asset Finance, Asset Based Lending and Commercial Vehicle Finance), which is the basis used for the cash flow statement here. The Bank's Annual Report also states its own 'Group Key Metrics' (e.g. FY2024 Tier 1 capital ratio 13.3%, Total capital ratio 15.4%, LCR 179%), which differ slightly from the formal Pillar 3 disclosures published under the Arbuthnot Banking Group PLC name (FY2024 CET1/Tier 1 ratio 13.15%, Total capital ratio 15.28%, LCR 175%) - the Pillar 3 sheets in this workbook use the formal ABG PLC Pillar 3 (Article 447 CRR) disclosures, since that is the entity's actual published Pillar 3 document; the small basis difference vs. the Bank's own Annual Report figures is not explained in either source and is flagged here rather than silently blended."
atom_bank_financials_xlsx,ATOM BANK FINANCIALS.xlsx,"Sources - all figures are Atom Bank Plc's own Bank-column 'Cash flow statements', £'000, from its Companies House full accounts filings (Group of companies' accounts, which for FY2021/FY2022 present Group and Bank columns side by side):
FY2022: full accounts made up to 31 March 2022, filed 7 Sep 2022, p.65 (Cash flow statement, Bank column) - https://find-and-update.company-information.service.gov.uk/company/08632552/filing-history
FY2021: group of companies' accounts made up to 31 March 2021, filed 28 Sep 2021, p.48 (Cash flow statements, Bank column) - https://find-and-update.company-information.service.gov.uk/company/08632552/filing-history
FY2021's own closing 'Cash and balances at central banks' (£316,827k) differs from FY2022's own opening figure for the same balance (£316,826k) by £1k - an immaterial rounding difference in the source documents themselves, kept as printed in each year's own report rather than force-corrected.

ENTITY NOTE: Atom Bank Plc (company 08632552, FRN 661960, matches Banks List 2608.xlsx exactly) is the PRA-authorised entity built here. During FY2023, a new non-trading holding company - Atom Holdco Limited (later re-registered Atom Holdco plc ahead of its 2025 IPO-track listing) - was inserted above Atom Bank Plc in the group structure. From that point, Atom Bank Plc became a wholly-owned subsidiary whose results are consolidated into Atom Holdco's own published financial statements, and Pillar 3 disclosures moved from being published at Bank level to being published at Holdco (Group) level, with a separate Bank-solo column shown alongside Group in the KM1 template from FY2023 onward. All Pillar 3 figures in this workbook use the Bank column (or, for FY2021-FY2022, the single pre-restructuring figure that IS the Bank, per each report's own note: 'the comparatives reflect the previous structure where Atom bank plc was the sole regulated entity') - so there is no cash-flow-vs-Pillar-3 basis mismatch here, unlike several other banks in this project.

CASH FLOW EXEMPTION NOTE: only FY2021 and FY2022 have a Statement of Cash Flows (called 'Cash flow statements' in the source, Bank column used throughout). Both Companies House filings for those years are fully scanned/image-only (0 text blocks/page), OCR'd with tesseract and cross-verified against rendered page images. From the FY2023 Annual Report onward (confirmed directly in the FY2023 and FY2025 filings - also fully scanned, OCR'd), Atom Bank Plc's accounting policies note states: 'The Bank is exempt by virtue of s400 of the Companies Act 2006 from the requirement to prepare group financial statements... The Bank is a qualifying entity as defined by Financial Reporting Standard 101... and therefore has adopted the reduced disclosure framework of FRS 101', explicitly listing 'IAS 7 Statement of cash flows' among the disclosures exempted - the same FRS 101 'qualifying entity' exemption seen elsewhere in this project (ABC International Bank, BNY Mellon, United Trust Bank, ICICI, PNBE), but here - like Tandem Bank and AIB Group (UK) - taken only from a specific year onward rather than throughout the entity's whole history. FY2023-FY2025 are left blank on the Cash Flow Statement sheet rather than guessed."
bank_mandiri_europe_financials_xlsx,BANK MANDIRI EUROPE FINANCIALS.xlsx,"Sources - Bank Mandiri (Europe) Limited (figures reported in US Dollars, converted to £ at the Bank of England GBP/USD spot rate as at each fiscal year-end - see FX conversion note below; % ratios shown exactly as reported, not converted):
FY2025 & FY2024: Bank Mandiri (Europe) Limited Annual Report FY2025, Strategic Report ""Key Performance Indicator"" table, p.6 - https://find-and-update.company-information.service.gov.uk/company/03793679/filing-history/MzUyODU0NjIyMmFkaXF6a2N4/document?format=pdf&download=0
FY2024 (as originally reported) & FY2023: Bank Mandiri (Europe) Limited Annual Report FY2024, Strategic Report ""Key Performance Indicator"" table, p.6 - https://find-and-update.company-information.service.gov.uk/company/03793679/filing-history/MzQ2ODc4NDgyMGFkaXF6a2N4/document?format=pdf&download=0
FY2023 (as originally reported) & FY2022: Bank Mandiri (Europe) Limited Annual Report FY2023, Strategic Report ""Key Performance Indicator"" table, p.6 - https://find-and-update.company-information.service.gov.uk/company/03793679/filing-history/MzQyNjk5Njk1M2FkaXF6a2N4/document?format=pdf&download=0
FX rates (£1 = $X, Bank of England spot via poundsterlinglive.com): 31 Dec 2022 1.2097; 29 Dec 2023 1.2732 (31st was a Sunday); 31 Dec 2024 1.2515; 31 Dec 2025 1.3448.
FY2022's Total Capital Ratio/LCR/NSFR are sourced from the FY2023 Annual Report's own comparative column - the FY2022 Annual Report's own KPI table and Strategic Report do not include these figures at all (this KPI format was only introduced from the FY2023 report onward). FY2021 could not be found in any form (numeric or narrative) in the FY2022 Annual Report - left blank, not estimated."
bank_of_africa_uk_financials_xlsx,BANK OF AFRICA UK FINANCIALS.xlsx,"Sources - all figures are Bank of Africa United Kingdom Plc's own Statement of Cash Flows, GBP'000:
FY2025 & FY2024: Annual Report and Financial Statements 2025, p.42 (Statement of Cash Flows) - https://find-and-update.company-information.service.gov.uk/company/05321714/filing-history/MzUxODk4NzcyM2FkaXF6a2N4/document?format=pdf&download=0
FY2023 (& FY2022 restated comparative, see note): Annual Report and Financial Statements 2023, p.43 (Statement of cash flows) - https://find-and-update.company-information.service.gov.uk/company/05321714/filing-history/MzQzODczNDQ5OWFkaXF6a2N4/document?format=pdf&download=0
FY2022 (originally reported, used as primary column): Annual Report and Financial Statements 2022, p.42 (Statement of cash flows) - https://find-and-update.company-information.service.gov.uk/company/05321714/filing-history/MzM5NDE3NzEwN2FkaXF6a2N4/document?format=pdf&download=0
FY2021: Annual Report and Financial Statements 2022, p.42 (Statement of cash flows, FY2021 comparative column) - https://find-and-update.company-information.service.gov.uk/company/05321714/filing-history/MzM5NDE3NzEwN2FkaXF6a2N4/document?format=pdf&download=0

Entity: BANK OF AFRICA United Kingdom Plc (FRN 454750, company 05321714, formerly BMCE Bank International Plc / MediCapital Bank Plc), a UK-incorporated subsidiary of Bank of Africa S.A. (Morocco). Reports in GBP; no FX conversion needed. Does NOT take the FRS 101/102 cash-flow-statement exemption - a full Statement of Cash Flows exists every year. All 5 Companies House filings used are fully scanned/image-only; every figure was read from the rendered page image and cross-checked against the following year's own comparative column (all ties confirmed exact across the full 5-year chain: FY2021 closing = FY2022 opening = 87,968; FY2022 closing = FY2023 opening = 68,544; FY2023 closing = FY2024 opening = 54,575; FY2024 closing = FY2025 opening = 51,070).

DATA QUALITY NOTE - genuine restatement, distinct from an arithmetic-error correction: the FY2023 Annual Report restates FY2022's comparative Statement of Changes in Equity (loss for the year (GBP3,839k) as originally reported in the FY2022 Annual Report vs. (GBP4,556k) restated; closing equity GBP75,751k vs. GBP75,034k restated) and, within the Cash Flow Statement itself, restates two line items within operating activities (Change in operating liabilities GBP(35,633)k original vs. GBP(35,509)k restated; Other non-cash items GBP(5,399)k vs. GBP(5,512)k restated) - the operating-activities TOTAL is unaffected (GBP(27,463)k both times) and the closing cash balance is unaffected. The FY2022 Independent Auditor's Report itself references 'prior year adjustments and ongoing regulatory investigation' as an audit risk factor, consistent with this being a genuine, disclosed restatement rather than a transcription error on our part. This workbook uses each year's own originally-reported cash flow figures as the primary column (project convention), with the restatement noted here rather than silently blended in."
bank_of_beirut_uk_financials_xlsx,BANK OF BEIRUT UK FINANCIALS.xlsx,"Sources - Bank of Beirut (UK) Ltd's own Cash Flow Statement, converted from £ to £'000s (rounded), all years:
FY2025/FY2024: Annual Report and Financial Statements 2025, p.33 - https://www.bankofbeirut.co.uk/Content/uploads/AnnualReport/Annual_Report_and_Financial_Statements_2025_-_for_publishing.pdf
FY2023: Annual Report and Financial Statements 2023, p.34 - https://www.bankofbeirut.co.uk/Content/Uploads/AnnualReport/Annual%20Report%20and%20Financial%20Statements%202023%20-%20for%20publishing240429124230700~.pdf
FY2022: sourced from the Annual Report and Financial Statements 2023's own FY2022 comparative column, p.34 - https://www.bankofbeirut.co.uk/Content/Uploads/AnnualReport/Annual%20Report%20and%20Financial%20Statements%202023%20-%20for%20publishing240429124230700~.pdf
FY2021: Annual Report & Financial Statements 2021, p.31 - https://www.bankofbeirut.co.uk/Content/uploads/AnnualReport/Bank_of_beirut_UK_Annual_Report_-_2021_.pdf
GENUINE UNRESOLVED PRESENTATIONAL BREAK: FY2024's own report (Annual Report 2024, p.34/p.33 Balance Sheet) states 'Cash and balances at banks' at FY2024 year-end as £139,856,747, matching FY2023's own year-end figure of £97,312,901 as that year's opening balance - fully self-consistent. But the FY2025 report's own FY2024 comparative restates BOTH the FY2024 balance-sheet cash figure and the cash-flow opening balance to £276,517,994 - a £136.7m increase. Tracing this: the FY2025 report's FY2024 comparative 'Placements with banks' balance-sheet line also drops from its FY2024-report-original £139,666,071 to a restated £3,004,824 in the same amount as the cash increase (£139,666,071 - £3,004,824 = £136,661,247, matching the cash increase to the pound). This is evidence of a genuine reclassification - most of 'Placements with banks' moved into 'Cash and balances at banks' from FY2025 onward, with FY2024 restated for comparability - not an error. Per this project's convention, each column below keeps ITS OWN report's originally-published figures (FY2024 = £139,857k as originally stated, FY2025's own opening balance = £276,518k as its own report states) rather than force-blending the two; the reconciling difference is fully explained above, unlike the unexplained gap left at Arab Bank Europe.
One immaterial £1k rounding artifact in the FY2021 report's own tail chain (kept as printed).

ENTITY NOTE: Bank of Beirut (UK) Ltd (FRN 219523, Companies House 04406777, matches Banks List 2608.xlsx exactly) is a UK-incorporated subsidiary of Bank of Beirut SAL (Lebanon). Despite Lebanon's severe banking-sector crisis since 2019, this UK entity remains Active at Companies House with unqualified audit opinions and no going-concern qualification in any of the 5 Annual Reports reviewed (FY2021-FY2025) - the parent's distress has not visibly affected this subsidiary's own filings or capital position. Reports in GBP throughout, no FX conversion needed."
bank_of_ceylon_uk_financials_xlsx,BANK OF CEYLON UK FINANCIALS.xlsx,"Sources - all figures are Bank of Ceylon (UK) Limited's own Statement of Cash Flows, £'000, as filed at Companies House (all 5 filings are fully scanned/image-only - OCR'd with tesseract, cross-verified against rendered page images at up to 400dpi):
FY2025 & FY2024: Full accounts made up to 31 December 2025, p.27 (Statement of Cash Flows) - https://find-and-update.company-information.service.gov.uk/company/06736473/filing-history/MzUyMjY1MjQxM2FkaXF6a2N4/document?format=pdf&download=0
FY2023 & FY2022: Full accounts made up to 31 December 2023, p.42 (Statement of Cashflow) - https://find-and-update.company-information.service.gov.uk/company/06736473/filing-history/MzQyMTM2NzE0MWFkaXF6a2N4/document?format=pdf&download=0
FY2021 (& FY2020 comparative, not used): Full accounts made up to 31 December 2021, p.29 (Statement of Cashflow) - https://find-and-update.company-information.service.gov.uk/company/06736473/filing-history/MzMzODIzNzc0NWFkaXF6a2N4/document?format=pdf&download=0
DATA ERROR NOTE: the FY2021 filing's own printed 'Other assets and derivatives' line for 2021 reads '-761' (a bare minus sign, inconsistent with every other negative figure in the same column, which uses parentheses). This does not reconcile with that same document's own printed subtotals ('635' changes-in subtotal, '927' net operating cash flow) - summing the 7 itemised 'Changes in' lines with -761 gives -887, not 635. Using +761 instead reconciles exactly to both printed subtotals (635 and 927). +761 is used here; the original printed '-761' is preserved in this note for reference. The FY2020 comparative column's equivalent line (-304) is internally consistent as printed and was not changed.
PRESENTATION NOTE: both the FY2021 and FY2023 filings mislabel their investing/financing subtotal rows - the FY2021 filing's 'Net cash flow from financing activities' caption sits directly above the FY2020 column's investing-activities value (-149, which is actually 'Acquisition of fixed assets'), and the FY2023 filing's 'Net cash flow from investing activities' caption sits directly above a value that is actually the operating-activities subtotal (matches 'Cash generated by operations' exactly). Neither year discloses any financing activity beyond a single investing-classified line ('Acquisition of fixed assets' FY2021, 'Purchase of operating property, plant and equipment' FY2023/FY2022) or, in FY2022, a genuine financing line ('Repayment on investments', £747k). This workbook places each line under its correct economic section (Operating/Investing/Financing) regardless of the source's caption placement; every section TOTAL and the full opening/closing cash chain reconciles exactly across all 5 years once corrected.
Entity note: Bank of Ceylon (UK) Limited (company 06736473, FRN 514744) is a wholly-owned UK subsidiary of Bank of Ceylon (Sri Lanka, state-owned). Unlike several other single-country foreign-parented subsidiaries in this project, it does NOT take the FRS 101/102 cash-flow-statement exemption - a full Statement of Cash Flows is filed every year, in GBP (no FX conversion needed)."
bank_of_china_uk_financials_xlsx,BANK OF CHINA UK FINANCIALS.xlsx,"Sources - all figures are Bank of China (UK) Limited's own Statement of Cash Flows, £'000, as published on the Bank's own site (each year's own originally-published report, not a later restated comparative):
FY2025: Annual Report and Financial Statements for the year ended 31 December 2025, p.51-52 - https://pic.bankofchina.com/bocappd/uk/202605/P020260506389809417235.pdf
FY2024: Annual Report and Financial Statements for the year ended 31 December 2024, p.52-53 - https://pic.bankofchina.com/bocappd/uk/202507/P020250718380377744220.pdf
FY2023: Annual Report and Financial Statements for the year ended 31 December 2023, p.52-53 - https://pic.bankofchina.com/bocappd/uk/202405/P020240508355110735895.pdf
FY2022: Financial Statements for the year ended 31 December 2022, p.40 - https://pic.bankofchina.com/bocappd/uk/202403/P020240315379765805794.pdf
FY2021: Financial Statements for the year ended 31 December 2021, p.37 - https://pic.bankofchina.com/bocappd/uk/202303/P020230331590070165221.pdf
Restatement note: FY2023's own report marks its FY2022 comparative column 'Restated' and shows different figures (e.g. operating activities -£17,138k, closing cash £687,013k) to FY2022's own originally-published report (operating activities +£22,570k, closing cash £657,656k). This workbook uses each year's own originally-published figures as the primary column (project convention), which creates a genuine, disclosed £29,357k gap between FY2022's own closing balance and FY2023's own opening balance - flagged here rather than silently blended or force-reconciled. The underlying cause of the restatement is not explained in either source.
Presentation notes: FY2021-FY2023 include small 'Exchange rate movements on plant and equipment/on equity' lines not present in FY2024/FY2025's statements. FY2022 alone shows a one-off Tier 2-to-AT1 capital replacement (subordinated debt of £60,000k repaid, an equal Additional Tier 1 instrument issued, both under financing activities). FY2025's own report split 'Change in financial assets at amortised cost/fair value' into two lines (the government-bond component shown separately) and separated lease-liability cash flows into principal and interest portions for the first time - both are FY2025-only presentational changes with no net impact on any section total. FY2025's own supplementary 'cash and cash equivalents comprise' note totals £1,073,245k (£157k less than the statement's own £1,073,402k closing balance), a gap matching the same page's separately-shown expected-credit-loss allowance of £157k - the statement's own total is used as the primary closing-balance figure here. FY2022's own report does not break out a separate 'Interest paid on Additional Tier 1 instrument' line (the AT1 instrument was only issued in June 2022); FY2023's restated FY2022 comparative does show one (£1,759k), consistent with the broader FY2022 restatement noted above - not included here since it wasn't part of FY2022's own originally-published statement.
Entity note: Bank of China (UK) Limited (company 06193060, FRN 467410) is a wholly-owned UK subsidiary of Bank of China Limited (state-owned). It does not take the FRS 101/102 cash-flow-statement exemption - a full Statement of Cash Flows is published every year. All figures are the Bank's own solo entity basis throughout."
bank_of_ireland_uk_financials_xlsx,BANK OF IRELAND UK FINANCIALS.xlsx,"Sources - all figures are Bank of Ireland (UK) Plc consolidated Group cash flow statement, £m:
FY2025: Bank of Ireland (UK) Annual Report 2025, p.80 (Consolidated cash flow statement) - https://www.bankofirelanduk.com/app/uploads/annual-report_2025_boi-uk.pdf
FY2024: Bank of Ireland (UK) Annual Report 2024, p.85 (Consolidated cash flow statement) - https://investorrelations.bankofireland.com/app/uploads/Annual-Report-UK-2024-web-version.pdf
FY2023: Bank of Ireland (UK) plc Annual Report 2023, p.79 (Consolidated cash flow statement) - https://investorrelations.bankofireland.com/app/uploads/BOI-UKPLC-2023-Annual-Report.pdf
FY2022: Bank of Ireland (UK) plc Annual Report 2022, p.81 (Consolidated cash flow statement) - https://www.bankofirelanduk.com/app/uploads/BOI-UK-Annual-Report-2022.pdf
FY2021: Bank of Ireland (UK) plc Annual Report 2021, p.87 (Consolidated cash flow statement) - https://www.bankofirelanduk.com/app/uploads/2017/04/Annual-Report-UK-2021.pdf
Note: each year's own report was used for its own column (all cross-checked against the following year's comparative column, which matched exactly in every case). Operating-activity adjustment line items vary slightly year to year (e.g. 'Net change in fair value changes due to interest rate risk of the hedged items in portfolio hedges' appears only in FY2023/FY2024); blank cells indicate that year's report did not include that specific line. Section totals and cash/cash equivalents figures are consistent and comparable across all 5 years.

ENTITY NOTE: Bank of Ireland (UK) Plc (Companies House 07022885, FRN 512956) is a wholly owned subsidiary of Bank of Ireland Group plc (Ireland). Figures throughout are the CONSOLIDATED GROUP basis (not the standalone parent-only 'Bank' accounts, which separately take the FRS 101/IAS 7 cash-flow-statement exemption available to a qualifying entity - the consolidated Group accounts do not take that exemption and contain a full Consolidated cash flow statement every year). Bank of Ireland (UK) Plc stopped publishing a standalone Pillar 3 disclosure document after the 2020 financial year; from FY2021 onward, its capital/leverage/liquidity/MREL ratios are instead disclosed directly within the Annual Report's Risk Management Report ('2.2 Funding and liquidity risk' and '3 Capital management' sections), which is what is cited below. Those sections give a full capital composition table (CET1/Tier 1/Total capital/RWA/leverage exposure) and headline LCR/NSFR/MREL ratios, but - unlike a formal Pillar 3 KM1 template - do not publish the underlying £m components behind the LCR (HQLA, net cash outflows) or NSFR (available/required stable funding) ratios, or a numeric MREL resources breakdown; only the headline percentages are available for FY2021-FY2025.

REGULATORY NOTE: On 19 February 2026 the Payment Systems Regulator (not the PRA) fined Bank of Ireland (UK) Plc £3.78m for a 14-month delay implementing Confirmation of Payee send functionality (compliant from January 2025). This relates to payment-systems conduct, not capital/liquidity adequacy, and has no bearing on the figures in this workbook."
bank_of_scotland_financials_xlsx,BANK OF SCOTLAND FINANCIALS.xlsx,"Sources - all figures are Bank of Scotland plc's own unconsolidated ('The Bank') cash flow statement, £m, from each year's own Companies House full accounts filing:
FY2025: Bank of Scotland plc Annual Report and Accounts 2025, p.26 (Cash flow statements) - https://find-and-update.company-information.service.gov.uk/company/SC327000/filing-history/MzUxMDk3MTM2NGFkaXF6a2N4/document?format=pdf&download=0
FY2024: Bank of Scotland plc Annual Report and Accounts 2024, p.28 (Cash flow statements) - https://find-and-update.company-information.service.gov.uk/company/SC327000/filing-history/MzQ2MDQ2MzkxNmFkaXF6a2N4/document?format=pdf&download=0
FY2023: Bank of Scotland plc Annual Report and Accounts 2023, p.29 (Cash flow statements) - https://find-and-update.company-information.service.gov.uk/company/SC327000/filing-history/MzQxNzI4ODY0NmFkaXF6a2N4/document?format=pdf&download=0
FY2022: Bank of Scotland plc Annual Report and Accounts 2022, p.29 (Cash flow statements) - https://find-and-update.company-information.service.gov.uk/company/SC327000/filing-history/MzM3NTQ1ODI2M2FkaXF6a2N4/document?format=pdf&download=0
FY2021: Bank of Scotland plc Annual Report and Accounts 2021, p.27 (Cash flow statements) - https://find-and-update.company-information.service.gov.uk/company/SC327000/filing-history/MzMzNTAwMTQxNWFkaXF6a2N4/document?format=pdf&download=0
Each year cross-checked against its own report only (not blended with later comparatives) - see the Cash Flow Note below.

CASH FLOW NOTE - genuine definitional break, not an error: the FY2022 Annual Report restates the FY2021 comparative cash-and-cash-equivalents balances (Bank: opening £2,208m / closing £2,165m) far above FY2021's own originally-published figures (Bank: opening £847m / closing £854m) - a ~2.6x jump most likely reflecting a broadened definition of 'cash and cash equivalents' (e.g. additional short-term interbank placements folded in) rather than a transcription issue, alongside a much smaller (£50m) revision to the FY2021 operating-activities total (£6,414m originally vs. £6,364m restated). Per this project's convention, each column below uses that year's own originally-published figures, so the FY2021 and FY2022 columns are NOT on a directly comparable cash-equivalents basis at the opening/closing balance level - the activity subtotals (operating/investing/financing) are only mildly affected. An 'Effect of exchange rate changes on cash and cash equivalents' line appears in FY2021 and FY2022 only (small, non-zero) and was dropped from the statement entirely from FY2023 onward - presentation change, not a gap.

ENTITY NOTE: Bank of Scotland plc (Companies House SC327000, FRN 169628) is a major UK high-street bank, wholly owned by Lloyds Banking Group plc - not to be confused with the separate PRA-authorised entity 'Lloyds Bank plc' (FRN 119278), also part of the same group but not yet attempted in this project. All 5 Companies House filings for this entity are fully scanned/image-only (no text layer at all) despite being a major bank - every figure below was located by rendering pages and reading them visually, not OCR'd or text-searched. The bank's own website (lloydsbankinggroup.com) returned a Cloudflare block (error 1007) on every automated fetch attempt, so no alternative text-native source was available. Every Annual Report presents both 'The Group' (consolidated, including subsidiaries) and 'The Bank' (Bank of Scotland plc unconsolidated) columns for both the cash flow statement and, separately, an explicit unconsolidated capital position for 'the Bank' in the Strategic Report - THE BANK (unconsolidated) basis is used throughout this workbook for consistency between the cash flow and capital/Pillar 3 sheets."
bank_of_the_philippine_islands_europe_financials_xlsx,BANK OF THE PHILIPPINE ISLANDS EUROPE FINANCIALS.xlsx,"Sources - Bank of the Philippine Islands (Europe) PLC, Strategic Report ""Capital Resources""/""Liquidity Resources"" narrative and the Notes' ""Capital Adequacy"" components table, from each year's own Annual Report filed at Companies House (all 5 filings fully scanned/image-only, OCR'd):
FY2025 & FY2024: Annual Report FY2025, Strategic Report p.7, Note 21 components table p.9-10 - https://find-and-update.company-information.service.gov.uk/company/05888535/filing-history/MzUyMDczNTAwM2FkaXF6a2N4/document?format=pdf&download=0
FY2023 & FY2022 (restated): Annual Report FY2023, Strategic Report p.7-8, components table p.9-10 - https://find-and-update.company-information.service.gov.uk/company/05888535/filing-history/MzQyNjQ2OTQ5OGFkaXF6a2N4/document?format=pdf&download=0
FY2022 (as originally reported, £) & FY2021: Annual Report FY2022, Strategic Report p.5-6, components table p.7 - https://find-and-update.company-information.service.gov.uk/company/05888535/filing-history/MzM3NzAxNzg2OGFkaXF6a2N4/document?format=pdf&download=0
FY2021 (as originally reported, £) & FY2020: Annual Report FY2021, Strategic Report p.5-6, components table p.7 - https://find-and-update.company-information.service.gov.uk/company/05888535/filing-history/MzMzNzI1NDc5M2FkaXF6a2N4/document?format=pdf&download=0
CURRENCY: the Bank changed its functional/presentation currency from GBP to USD during FY2023 (confirmed in the FY2023 Annual Report's Strategic Report and its capital table's ""Restated"" FY2022 comparative). FY2021 and FY2022 monetary figures below are the Bank's own originally-published £ figures (Companies House filings for those years, in GBP) - not converted. FY2023-FY2025 are originally reported in USD and are converted to £ at the Bank of England GBP/USD spot rate as at each fiscal year-end (29 Dec 2023 1.2732 - 31st was a Sunday; 31 Dec 2024 1.2515; 31 Dec 2025 1.3448). % ratios are shown exactly as reported in either currency, never converted (dimensionless)."
bank_saderat_financials_xlsx,BANK SADERAT FINANCIALS.xlsx,"Sources - all figures are Bank Saderat Plc's own Statement of Cash Flows, converted from EUR to £m (see FX conversion note below):
FY2025/FY2024 (2024 comparative confirmed unchanged): Full accounts made up to 31 December 2025, p.32 (Statement of Cash Flows) - https://find-and-update.company-information.service.gov.uk/company/01126618/filing-history/MzUyNzI0MjU2MGFkaXF6a2N4/document?format=pdf&download=0
FY2024/FY2023: Full accounts made up to 31 December 2024, p.30 (Statement of Cash Flows) - https://find-and-update.company-information.service.gov.uk/company/01126618/filing-history/MzQ2MzQ4MDU2OWFkaXF6a2N4/document?format=pdf&download=0
FY2022/FY2021: Full accounts made up to 31 December 2022, p.24 (Statement of Cash Flows) - https://find-and-update.company-information.service.gov.uk/company/01126618/filing-history/MzM3Nzc2OTA1NGFkaXF6a2N4/document?format=pdf&download=0. Note: this filing states 'The 2021 cash flow stands amended' - the FY2021 column here is that amended figure, not the original FY2021 filing's figure (not separately sourced).

ENTITY NOTE: Bank Saderat Plc, FRN 204488, company 01126618 (incorporated 1973 as Iran Overseas Investment Bank, renamed 2002), wholly-owned UK subsidiary of Bank Saderat Iran. The Bank operated under EU sanctions until October 2016 and has faced correspondent-banking/SWIFT access difficulties since a second round of OFAC sanctions in 2018, but remains an active, going-concern entity throughout the period covered here - Companies House confirms Active status with accounts filed every year through FY2025 (filed 25 Jun 2026), and does NOT take the FRS 101/102 cash-flow-statement exemption (a full Statement of Cash Flows is published every year). IMPORTANT: the UK imposed 'snapback' sanctions affecting the Bank's business activities from 29 September 2025 (mid-way through FY2025) - the Bank's own FY2025 Annual Report states the relevant authorities have granted licenses permitting it to continue essential operations and ordinary-course payments, so this is NOT treated as a going-concern/skip situation (contrast VTB Capital plc elsewhere in this project, which IS in insolvency administration), but it materially affects FY2025's figures - operating cash flow swings to a large outflow (see Cash Flow Statement) and interest income fell sharply. Flagged prominently here since it's a genuinely new, still-unfolding development, not a historical footnote.

CAPITAL RATIO CAVEAT: the Bank's own disclosures give a 'Capital Cover' percentage every year (used below as the CET1/Tier 1/Total Capital Ratio series, since capital = CET1 = Tier 1 = Total Capital per the Bank's own description - no AT1/Tier 2 instruments) - but this does NOT appear to be a conventional CET1/RWA-style ratio as disclosed by every other bank in this project. The FY2025 Annual Report separately states 'the CET1 capital ratio to the total risk exposure is 88.70%' - a very different figure from the 331% 'Capital Cover' value for the same year, implying 'Capital Cover' uses a different denominator (plausibly capital versus the Bank's Total Capital Requirement including a Pillar 2A add-on, not capital versus RWA). The 88.70% figure is only disclosed for FY2025 (no equivalent figure found for FY2021-FY2024), so 'Capital Cover' was used throughout for a consistent 5-year series - readers should treat this bank's ratio row as NOT directly comparable to other banks' CET1/Tier1/Total Capital Ratio sheets in this project. Total RWAs is left 'Not publicly disclosed' rather than calculated from either figure, since which one (if either) 'Capital Cover' actually divides into isn't confirmed.

LIQUIDITY RATIO CAVEAT: the Bank's LCR disclosure is genuinely inconsistent across filing vintages - each year's OWN report is used as the primary figure below (project convention), but later reports' comparative columns for the SAME years show materially different values: FY2022 368% (own report) vs. 328% (per the FY2024 report's comparative); FY2023 334% (own report) vs. 375% (per the FY2025 report's comparative); FY2024 331% (own report) vs. 323% (per the FY2025 report's comparative). This is a larger and more persistent cross-vintage discrepancy than the single-instance restatements seen elsewhere in this project (e.g. Bank of Ceylon, BNY Mellon) - plausibly reflecting a genuinely unstable LCR calculation methodology at this bank (new core banking/regulatory reporting software went live during this period) rather than a one-off correction. The FY2024/FY2025 reports also separately break LCR out by currency (GBP: 582-674%; EUR: 158-212%) - the 'All currencies' figure is used here as the single comparable metric, consistent with every other bank in this project.

FX CONVERSION NOTE: Bank Saderat Plc reports in Euros (its functional currency) - the second EUR-reporting workbook in this series after Arab Bank Europe Plc, using the identical methodology and (for FY2020-FY2024) the identical Bank of England GBP/EUR reference rates: point-in-time/balance figures use the SPOT rate as at that fiscal year-end (31 December); flow figures use the AVERAGE rate over that calendar year. Rates used (£1 = €X): 31 Dec 2020 spot 1.1118 (FY2021 opening cash only); FY2021 spot 1.1907 / avg 1.1628; FY2022 spot 1.1277 / avg 1.1717; FY2023 spot 1.1539 / avg 1.1520; FY2024 spot 1.2099 / avg 1.1824; FY2025 spot 1.1454 (confirmed, poundsterlinglive.com BoE archive) / avg ~1.168 (approximate - a mid-month sample average, not a full daily-series mean, since extracting the complete 2025 daily series wasn't practical; flagged here rather than presented as precise). All % ratios (Capital Cover, LCR - see ENTITY_NOTE) are shown EXACTLY as reported in EUR and were NOT converted - a ratio is dimensionless and currency-invariant. Because stocks and flows are converted at different rates, a programmatically-computed 'Effect of GBP/EUR translation' reconciling line is included so opening + all flows + this line = closing exactly in £ terms."
bank_sepah_international_financials_xlsx,BANK SEPAH INTERNATIONAL FINANCIALS.xlsx,"Sources - Bank Sepah International Plc's own Statement of Cash Flows (Companies House filings):
FY2025/FY2024: Full accounts to 31 March 2025, p.28 - https://find-and-update.company-information.service.gov.uk/company/04189598/filing-history/MzQ3Mzg4ODM0MGFkaXF6a2N4/document?format=pdf&download=0
FY2023: Full accounts to 31 March 2024's own FY2023 comparative column, p.30 - https://find-and-update.company-information.service.gov.uk/company/04189598/filing-history/MzQyOTk1Mjg2NmFkaXF6a2N4/document?format=pdf&download=0
FY2022/FY2021: Full accounts to 31 March 2022, p.26 - https://find-and-update.company-information.service.gov.uk/company/04189598/filing-history/MzM1MTIwNTQ2MGFkaXF6a2N4/document?format=pdf&download=0
All 3 filings are fully scanned/image-only (0 text blocks/page) - rendered and read visually, cross-checked where years overlap between filings (FY2024 figures match exactly between the FY2024 and FY2025 accounts).
Bank Sepah International Plc (FRN 208019, company 04189598) is a wholly-owned UK subsidiary of Bank Sepah (Iran). Confirmed a going concern: Companies House status Active, accounts filed every year through FY2025 (y/e 31 March), no insolvency/administration notices. The Managing Director's Statement in the FY2025 Annual Report (signed 27 June 2025) states 'there are currently no UN, EU or UK sanctions against Bank Sepah International Plc' as at that date, though US OFAC sanctions on Iranian entities since 2018 severely restrict its business (SWIFT access suspended Nov 2018) - this predates the UK 'snapback' sanctions on Iran-linked entities that took effect 29 September 2025 (which affected Bank Saderat Plc, built earlier in this project); the FY2025 accounts (the most recent filed) do not reflect any post-September-2025 development. Does NOT take the FRS 101/102 cash-flow exemption - full Statement of Cash Flows every year. Reports in EUR (majority of assets/liabilities are Euro-denominated per the Strategic Report), converted to GBP here for consistency with every other workbook in this project.
FX conversion methodology: point-in-time/balance figures (capital, RWA, cash balances) converted at the Bank's own disclosed EUR/GBP year-end rate; cash-flow figures converted at its own disclosed EUR/GBP average rate (both from the FY2025 Annual Report's 5-year Performance Summary table, p.5). Ratios are not converted (dimensionless). The 'Effect of GBP/EUR translation' line in the Cash Flow Statement is computed programmatically from the actual converted figures (opening + net change + entity's own FX line + this plug = closing, exactly) - see this project's established FX conversion methodology (first used for SMBC Bank International plc)."
barclays_bank_plc_financials_xlsx,BARCLAYS BANK PLC FINANCIALS.xlsx,"Sources — Barclays Bank PLC (the non ring-fenced bank; company no. 01026167) consolidated cash flow statement, £m, as filed with Companies House:
FY2025, FY2024 & FY2023: Barclays Bank PLC Annual Report 2025 (Group accounts made up to 31 Dec 2025, filed 02 Jun 2026), p.289 (Consolidated cash flow statement) — https://find-and-update.company-information.service.gov.uk/company/01026167/filing-history/MzUyMzkyMDY5MmFkaXF6a2N4/document?format=pdf&download=0
FY2022 & FY2021: Barclays Bank PLC Annual Report 2022 (Group accounts made up to 31 Dec 2022, filed 21 Jun 2023), p.171 (Consolidated cash flow statement) — https://find-and-update.company-information.service.gov.uk/company/01026167/filing-history/MzM4Mjg0NjA2M2FkaXF6a2N4/document?format=pdf&download=0
Note: FY2021 figures are presented on a restated basis — Barclays Bank PLC restated its FY2021 results (including litigation and conduct charges) to reflect the impact of the 2022 Over-issuance of Securities matter in the US; see Note 1a (Restatement of financial statements) in the FY2022 Annual Report. FY2022 and FY2023 totals are cross-checked and consistent across the FY2022/FY2024/FY2025 Annual Report vintages."
barclays_financials_xlsx,BARCLAYS FINANCIALS.xlsx,"Sources — all figures are Barclays Bank UK Group consolidated cash flow statement, £m:
FY2025 & FY2024: Barclays Bank UK PLC Annual Report 2025, p.201 (Consolidated cash flow statement) — https://home.barclays/content/dam/home-barclays/documents/investor-relations/reports-and-events/annual-reports/2025/Barclays-Bank-UK-PLC-Annual-Report-2025.pdf
FY2023 & FY2022: Barclays Bank UK PLC Annual Report 2023, p.166 (Consolidated cash flow statement) — https://home.barclays/content/dam/home-barclays/documents/investor-relations/reports-and-events/annual-reports/2023/Barclays-Bank-UK-Annual-Report-2023-Results-committee.pdf
FY2021: Barclays Bank UK PLC Annual Report 2021, p.138 (Consolidated cash flow statement) — https://home.barclays/content/dam/home-barclays/documents/investor-relations/reports-and-events/annual-reports/2021/Barclays-Bank-UK-PLC-2021-Annual-Report.pdf
Note: Barclays changed cash flow statement presentation granularity across these report vintages (e.g. FY2025/FY2024 split some line items — such as repurchase/reverse repurchase agreements and trading portfolio assets/liabilities — that FY2023/FY2022/FY2021 report on a combined basis). Blank cells indicate that year's report did not disclose that specific split; where a coarser combined figure was reported instead, it appears on its own row. Section totals (net cash from operating/investing/financing activities, cash and cash equivalents) are consistent and comparable across all 5 years."
birmingham_bank_financials_xlsx,BIRMINGHAM BANK FINANCIALS.xlsx,"Sources - Birmingham Bank Limited's own Statement of Cash Flows (FRS 102), all figures GBP'000:
FY2024: Full accounts made up to 31 Dec 2024 (filed 31 Mar 2025), p.25 (Statement of Cash Flows) - https://find-and-update.company-information.service.gov.uk/company/00555071/filing-history/MzQ2MDU0MTMzM2FkaXF6a2N4/document?format=pdf&download=0
FY2023: Full accounts made up to 31 Dec 2023 (filed 20 Mar 2024), p.26 (Statement of Cash Flows) - https://find-and-update.company-information.service.gov.uk/company/00555071/filing-history/MzQxNDU2Njk3NGFkaXF6a2N4/document?format=pdf&download=0
FY2022 & FY2021: Amended full accounts made up to 31 Dec 2022 (filed 25 Oct 2023), p.28 (Statement of Cash Flows) - https://find-and-update.company-information.service.gov.uk/company/00555071/filing-history/MzM5NzY1NjE1N2FkaXF6a2N4/document?format=pdf&download=0. This filing reports in exact GBP (not GBP'000) with a FY2021 comparative column - both years converted to GBP'000 here (divided by 1,000, rounded) for consistency with the later filings' own units; no other conversion applied.
Entity note: company 00555071, formerly Hardware Federation Finance Company Limited (1955-1990), then Bira Finance Limited (2011-2013), then Bira Bank Limited (2013-2021), renamed Birmingham Bank Limited 26 Jan 2021 - same company throughout, FRN 204478 confirmed on the bank's own site footer, matching the bank list exactly. Only 3 Companies House accounts filings exist (FY2022-FY2024, calendar year-end) - no FY2025 filing yet as of this build (likely not yet due) and no FY2021-specific standalone filing (the FY2022 filing's own FY2021 comparative column is the only source for FY2021). The Bank raised fresh capital (a GBP20m injection completing a change of control) in April 2023 and paused new lending for most of 2023 to build infrastructure - explains the large FY2023 capital-ratio jump.

DATA NOTE: the FY2024 filing's own 'Analysis of the balances of cash' table mislabels its opening-balance column '01.01.2023' (should read 01.01.2024) - the VALUE (GBP3,866k) is used as printed, since it exactly matches FY2023's own reported closing balance; only the column label in the source appears to be a typo, not the figure. Separately, the FY2022 filing's own closing balance (GBP1,896k, rounded from the exact GBP1,895,707) differs by an immaterial GBP1k from FY2023's own filing's stated opening balance (GBP1,897k) for the same date - both are shown here exactly as each filing states them, not forced to match. FY2021's own opening cash balance is not available in any filing found (the FY2022 filing's comparative column starts from FY2021's closing balance only) - left blank, not estimated."
blme_financials_xlsx,BLME FINANCIALS.xlsx,"Sources - BLME plc's own Statement of Cash Flows, £'000s, all years, each from that year's own originally-published Financial Statements (not a later restated comparative):
FY2025: BLME plc Financial Statements 31 December 2025, p.31-32 - https://www.blme.com/media/z0jd2sah/blme-plc-financial-statements-31-december-2025.pdf
FY2024: BLME plc Financial Statements 31 December 2024, p.31 - https://www.blme.com/media/rneds5db/blme-plc-financial-statements-31-december-2024.pdf
FY2023: BLME plc Financial Statements 31 December 2023, p.32 - https://www.blme.com/media/2j5fy4tv/blme-plc-financial-statements-31-december-2023.pdf
FY2022: BLME plc Financial Statements 31 December 2022, p.32 - https://www.blme.com/media/2014/blme-plc-financial-statements-31-december-2022.pdf
FY2021: BLME plc Financial Statements 31 December 2021, p.30 - https://www.blme.com/media/1964/blme-plc-fin-stats-31-december-2021-for-website.pdf
The FY2025 report restates FY2024's comparative (a prior period adjustment of -£9,035k to retained earnings at 1 Jan 2024, per its own Note 2.3), and the FY2024 report itself already restated FY2023's comparative (-£3,964k, per its own Note 2b) - both are genuine disclosed restatements, but every column in this sheet uses each year's own originally-published figures (project convention), not a later restated version.
Presentation changed twice across the 5 years: FY2021-FY2023 include a separate 'Due from customers' line in operating assets (dropped from FY2024 onward), and FY2025 combines the 'operating assets' and 'operating liabilities' movements into a single unlabelled subtotal rather than the two separate ones FY2021-FY2024 printed - shown as blank cells where a line doesn't apply that year, not gaps. All TOTAL rows reconcile exactly to source for every year.

ENTITY NOTE: Bank of London and The Middle East plc (FRN 464292, Companies House 05897786, matches Banks List 2608.xlsx exactly) is a UK-incorporated Sharia-compliant wholesale/private bank, majority-owned by Boubyan Bank (Kuwait). It publishes both wider 'BLME Holdings' group accounts and standalone 'BLME plc' (Bank-solo) accounts on its own site - this workbook uses the plc/solo figures throughout for both the cash flow statement and Pillar 3, matching the PRA-regulated entity. Terminology uses 'profit'/'financing' rather than 'interest'/'loans' (Sharia-compliant banking), consistent with ALRAYAN Bank elsewhere in this project."
bny_mellon_international_financials_xlsx,BNY MELLON INTERNATIONAL FINANCIALS.xlsx,"Sources - The Bank of New York Mellon (International) Limited Pillar 3 Disclosure, Table 1: UK KM1 - Key metrics template (entity-level basis):
FY2025: Pillar 3 Disclosure, December 31, 2025, p.5 - https://www.bnymellon.com/content/dam/bnymellon/documents/pdf/investor-relations/the-bank-of-new-york-mellon-international-limited-2025-pillar-3-disclosure.pdf
FY2024: Pillar 3 Disclosure, December 31, 2024, p.6 - https://www.bnymellon.com/content/dam/bnymellon/documents/pdf/investor-relations/the-bank-of-new-york-mellon-international-limited-2024-pillar-3-disclosure.pdf
FY2023: Pillar 3 Disclosure, December 31, 2023, p.6 - https://www.bnymellon.com/content/dam/bnymellon/documents/pdf/investor-relations/the-bank-of-new-york-mellon-international-limited-2023-pillar-3-disclosure.pdf
FY2022: Pillar 3 Disclosure, December 31, 2022, p.8 - https://www.bnymellon.com/content/dam/bnymellon/documents/pdf/investor-relations/the-bank-of-new-york-mellon-international-limited-2022-pillar-3-disclosure.pdf
FY2021: Pillar 3 Disclosure, December 31, 2021, p.10-11 (""1.8 Key metrics"") - https://www.bnymellon.com/content/dam/bnymellon/documents/pdf/investor-relations/the-bank-of-new-york-mellon-international-limited-2021-pillar-3-disclosure.pdf
ENTITY NOTE: The Bank of New York Mellon (International) Limited (company 03236121, FRN 183100) is a wholly-owned subsidiary of The Bank of New York Mellon Corporation (US). Figures are the Company's own entity-level disclosure throughout; the 2021 Pillar 3 report separately labelled 'Consolidated' and 'Solo' bases but both were identical every year shown (the Company has no material subsidiaries of its own), and from the 2022 report onward BNY Mellon International's Pillar 3 disclosures present a single, unified figure. Functional/presentational currency is GBP throughout - no FX conversion needed."
british_arab_commercial_bank_financials_xlsx,BRITISH ARAB COMMERCIAL BANK FINANCIALS.xlsx,"Sources - British Arab Commercial Bank PLC's own Statement of Cash Flow, each year from that year's own Annual Report (not a later report's restated comparative):
FY2025: Annual Report YE2025, pp.65-66 - https://files.bacb.co.uk/production/files/BACB_AnnualReportYE2025_WEB-Final.pdf
FY2024: Annual Report YE2024, pp.59-60 - https://files.bacb.co.uk/production/files/BACB_AnnualReportYE2024_WEB-Final.pdf
FY2023: Annual Report YE2023, p.60 - https://files.bacb.co.uk/production/files/BACB_AnnualReportYE2023_WEB-06.pdf
FY2022: Annual Report YE2022, p.56 - https://files.bacb.co.uk/production/files/BACB_AnnualReportYE2022_WEB-1proof-10.pdf
FY2021: Annual Report YE2021, p.48 - https://files.bacb.co.uk/production/files/BACB_AnnualReportYE2021-1.pdf

British Arab Commercial Bank PLC (""BACB""), company 01047302 (incorporated 1972 as UBAF Limited, renamed British Arab Commercial Bank Limited 1996, re-registered as a public company 2009), FRN 204564. Owned by a consortium: Libyan Foreign Bank 85.95% (wholly owned by the Central Bank of Libya), Banque Exterieure d'Algerie 7.025%, Banque Centrale Populaire (Morocco) 7.025%. Single UK entity, no subsidiaries/associates, no prudential consolidation. Does NOT take the FRS 101/102 cash-flow exemption - full Statement of Cash Flow every year. GBP throughout, no FX conversion needed. Companies House status: Active, no going-concern issues found in any of the 5 Annual Reports (unqualified audits throughout).

RESTATEMENTS: this bank's own cash flow comparatives shift modestly between report vintages (e.g. FY2021's ""Net cash gained from operating activities"" is 189,594 in the 2021 report's own figures vs 189,407 in 2022's comparative; FY2024's is 227,828 in 2024's own report vs 227,636 in 2025's comparative) - each year's column here uses that year's own originally-published report, per project convention, not a later report's restated comparative."
brown_shipley_financials_xlsx,BROWN SHIPLEY FINANCIALS.xlsx,"Sources - all figures are Brown Shipley & Co. Limited's own Cash Flow Statement, transcribed from each year's own Companies House filing (not a later year's comparative column, per this project's convention):
FY2024: Annual Report 2024 (filed 28 Aug 2025), p.42 (Cash Flow Statement) - https://find-and-update.company-information.service.gov.uk/company/00398426/filing-history/MzQ3ODk2Mjk5OWFkaXF6a2N4/document?format=pdf&download=0
FY2023: Annual Report 2023 (filed 19 Aug 2024), p.39 (Cash Flow Statement) - https://find-and-update.company-information.service.gov.uk/company/00398426/filing-history/MzQzMTg2OTM1MGFkaXF6a2N4/document?format=pdf&download=0
FY2022: Annual Report 2022 (filed 01 Sep 2023), p.38 (Cash Flow Statement) - https://find-and-update.company-information.service.gov.uk/company/00398426/filing-history/MzM5MTEwMDM3NGFkaXF6a2N4/document?format=pdf&download=0
FY2021: Annual Report 2021 (filed 04 Aug 2022), p.36 (Cash Flow Statement) - https://find-and-update.company-information.service.gov.uk/company/00398426/filing-history/MzM0NzY3MjI5MmFkaXF6a2N4/document?format=pdf&download=0
Cross-checked against each figure's appearance as the following year's comparative column - all figures matched exactly except for cosmetic line-caption relabelling (e.g. FY2022's own report captions one line 'Gain on deferred consideration - NWB' where FY2023's report captions the identical FY2022 comparative figure, (965), as 'Loss on deferred consideration - NWB'; and 'Proceeds on sale of Court of Protection business' in FY2022's own report vs. 'Gain on sale of Court of Protection business' for the same £567k in FY2023's report). No FY2020 comparative is shown (outside this workbook's FY2021-FY2024 window).

ENTITY NOTE: Brown Shipley & Co. Limited (Companies House 00398426, FRN 124548) is a UK-authorised private bank, a subsidiary of Quintet Private Bank (Europe) S.A. (Luxembourg). It files full statutory accounts (income statement, statement of comprehensive income, statement of financial position, statement of changes in equity, cash flow statement, notes 1-37) under UK-adopted international accounting standards - no FRS 101/102 cash-flow exemption applies. Companies House filing history shows accounts to 31 December 2025 were filed 26 Aug 2026 but remained 'being processed' with no document available as of this build; this workbook therefore covers FY2021-FY2024 (4 years of cash flow and Pillar 3 data), not the usual 5. All Companies House-filed accounts documents for this entity are image-only PDFs (no text layer) - figures were transcribed via page-image review of each year's own filing. The Statement of Financial Position confirms Additional Tier 1 Equity Capital of £10,000k alongside CET1-eligible equity (called-up share capital + retained earnings) in every year shown - i.e. Brown Shipley's capital structure includes AT1 instruments, so unlike some smaller banks in this series CET1 capital/ratio cannot be assumed equal to Tier 1 or Total Capital. Brown Shipley's own statutory accounts, however, do not disclose a full Pillar 3-style capital template (no CET1/Tier 1/Total Capital £ amounts, no Total RWAs, no Tier 1/Total Capital ratios, no Leverage Ratio, no NSFR, no MREL Ratio in any year 2021-2024) - each year's Strategic Report includes only a brief narrative 'Regulatory measures' KPI stating the CET1 ratio and Liquidity Coverage Ratio (LCR) as bare percentages, with no supporting £ figures. No standalone Pillar 3 disclosure document was found on Brown Shipley's own website (which links only to Quintet Group-level annual reports and TCFD/sustainability documents, not a Brown Shipley-specific Pillar 3 filing) - Brown Shipley likely relies on Quintet Group-level Pillar 3 disclosure rather than publishing its own UK solo template. Metrics beyond CET1 Ratio and LCR are therefore filled with 'Not publicly disclosed' rather than guessed."
c_hoare_and_co_financials_xlsx,C HOARE AND CO FINANCIALS.xlsx,"Sources - C. Hoare & Co.'s own Consolidated Cash Flow Statement, each year from its own year's Financial Report (not a later comparative):
FY2026: Financial Report 2026, p.53 (Consolidated Cash Flow Statement) - https://www.hoaresbank.co.uk/files/2026-06/Financial_Report_2026.pdf
FY2025: Financial Report 2025, p.39 (Consolidated Cash Flow Statement) - https://www.hoaresbank.co.uk/files/2025-07/Financial_Report_2025.pdf
FY2024: Financial Report 2024, p.41 (Consolidated Cash Flow Statement) - https://www.hoaresbank.co.uk/files/2024-06/Financial_Report_2024.pdf
FY2023: Financial Report 2023, p.37 (Consolidated Cash Flow Statement) - https://www.hoaresbank.co.uk/files/2023-07/Financial_Report_2023.pdf
FY2022: Annual Report 2022, p.36 (Consolidated Cash Flow Statement) - https://www.hoaresbank.co.uk/files/2022-07/Annual_Report_2022.pdf
The face of the statement itself gives operating cash flow as a single pre-tax total (with a detailed profit/adjustments/working-capital breakdown in a separate Notes to the Cash Flow Statement note) - that single total is transcribed here as one DATA line rather than the full note-level breakdown, to keep row structure consistent across all 5 years.
C. Hoare & Co. (company 00240822, FRN 122093) is a private unlimited company - Britain's oldest privately-owned bank, founded 1672, owned by the Hoare family. Despite the unlimited-company legal form, it voluntarily publishes full audited Consolidated (Group) accounts and Pillar 3 disclosures every year on its own site (hoaresbank.co.uk/financial-reports), all text-native, no OCR needed, 0 WebSearch calls used (all sourcing via WebFetch against the bank's own site and Companies House). Fiscal year-end 31 March. Every figure below is each year's own originally-published report - not a later restated comparative. FY2025's report introduced a new 'Effect of exchange rate changes' line splitting out what FY2024's own report folded into a single net-change figure; FY2024's own presentation (no separate FX line) is preserved here rather than using FY2025's restated split. FY2024's own printed 'Net decrease in cash and cash equivalents' (164,034) is £1k off from summing its own three section totals (164,033) - an immaterial rounding artifact in the source document itself, kept as printed. FY2026 Pillar 3 has not yet been published (the bank's Pillar 3 editions consistently lag the Annual Report by several months) - left blank, not estimated."
caf_bank_financials_xlsx,CAF BANK FINANCIALS.xlsx,"Sources - all figures are CAF Bank Limited's own Cash Flow Statement, transcribed from each year's own Companies House filing (or, for FY2024/FY2022, that year's own comparative column in the following year's filing):
FY2025/FY2024: Full accounts made up to 30 April 2025 (filed 10 Feb 2026), Cash Flow Statement - https://find-and-update.company-information.service.gov.uk/company/01837656/filing-history/MzUwNDA1NTExOGFkaXF6a2N4/document?format=pdf&download=0
FY2023/FY2022: Full accounts made up to 30 April 2023 (filed 14 Sep 2023), Cash Flow Statement - https://find-and-update.company-information.service.gov.uk/company/01837656/filing-history/MzM5MjYwNDE2NmFkaXF6a2N4/document?format=pdf&download=0
FY2021: Full accounts made up to 30 April 2021 (filed 31 Aug 2021), Cash Flow Statement - https://find-and-update.company-information.service.gov.uk/company/01837656/filing-history/MzMxMTMwNTcwNWFkaXF6a2N4/document?format=pdf&download=0
ENTITY NOTE: CAF Bank Limited (Companies House 01837656, FRN 204451, formerly Cafcash Limited) is a UK bank wholly owned by the Charities Aid Foundation (CAF, registered charity 268369), serving charities/non-profits. It takes no FRS 101/102 cash-flow exemption - full Cash Flow Statement every year. All 3 source Companies House filings used (FY2025, FY2023-with-FY2022-comparative, FY2021) are fully scanned/image-only (0 text blocks/page) - every figure was transcribed via high-resolution page-image review, cross-checked against the following year's comparative column where available. FY2024's own standalone filing was not needed since FY2025's filing carries it as a comparative; FY2022's standalone filing was likewise not needed since FY2023's filing carries it as a comparative.

DATA QUALITY NOTE: the FY2025 column's 'Net cash generated from operating activities' total (£20,729k) and 'Net cash used in investing activities' total (£60,368k) are both independently corroborated - they sum exactly to the stated 'Change in cash and cash equivalents in the year' (£(39,639)k), and the closing balance these imply matches the 'Represented by' breakdown exactly. However, one underlying adjustment line ('Amortisation of investments') is genuinely ambiguous in the source scan between the two plausible digit readings £(6,041)k and £(8,041)k - only the former makes the itemised adjustments sum exactly to the stated operating total, so £(6,041)k is used here as the internally-consistent figure (the same approach used elsewhere in this project for LHV/Zempler/Vanquis source-document ambiguities). The FY2024 comparative column's own itemised lines sum exactly to its own stated totals with no ambiguity.

No Pillar 3 disclosure, standalone or embedded, was found anywhere for this entity: the Annual Report itself (Strategic Report, Risk management report, and all Notes to the Financial Statements) contains no CET1/Tier 1/Total Capital £ figures, no Total RWAs, no Leverage Ratio, no LCR/NSFR, and no MREL Ratio in any of the 5 years reviewed - only a passing reference to 'ICAAP and liquidity adequacy assessments' as a governance activity, with no figures given. No standalone Pillar 3 document exists on CAF Bank's own site or CAF's wider governance/regulatory-disclosures pages. All 11 Pillar 3 metrics are therefore 'Not publicly disclosed', consistent with a small, non-complex institution under simplified UK prudential disclosure rules."
cambridge_and_counties_bank_financials_xlsx,CAMBRIDGE AND COUNTIES BANK FINANCIALS.xlsx,"Sources - Cambridge & Counties Bank Limited's own Statement of Cash Flows (Bank-only basis, no subsidiaries):
FY2025: Annual Report 2025, p.58 (own year) - https://ccbank.co.uk/wp-content/uploads/2026/04/Cambridge__Counties-Bank_Annual-Report_2025.pdf
FY2024: Annual Report 2024, p.82 (own year); cross-checked against Annual Report 2025's FY2024 comparative column, p.58 (exact match) - https://ccbank.co.uk/wp-content/uploads/2025/05/86395_CCB-2024-Annual-Report-web.pdf
FY2023: Annual Report 2024, p.82 (FY2023 comparative column) - https://ccbank.co.uk/wp-content/uploads/2025/05/86395_CCB-2024-Annual-Report-web.pdf
FY2022: Annual Report 2022 (accounts to 31 Dec 2022), p.86 (own year) - https://ccbank.co.uk/wp-content/uploads/2023/06/CCB_Annual-Report_2022.pdf
FY2021: Annual Report 2022, p.86 (FY2021 comparative column) - https://ccbank.co.uk/wp-content/uploads/2023/06/CCB_Annual-Report_2022.pdf
LABEL NOTE: both the FY2024 and FY2025 Annual Reports mislabel the financing-activities subtotal row as 'Net cash (used in) investing activities' (should read 'financing') - a recurring caption typo in the Bank's own template across at least two years; the figure is correctly placed under the Financing Activities section here regardless of the source's mislabelled caption.
PRESENTATION NOTE: FY2021-FY2024 show two running subtotals within operating activities (adjustments-for subtotal, then a working-capital-changes subtotal) before the final operating total; FY2025's presentation drops both intermediate subtotals and lists all line items in one unbroken block - both years' totals reconcile exactly against their own line items either way; FY2025's missing subtotal cells are a genuine presentation change, not a gap.
DATA QUALITY NOTE: Annual Report 2024's own printed working-capital-changes subtotal for FY2024 reads £(21,140)k, but this does not match the sum of its own seven component line items, which total £(22,140)k - a £1,000k discrepancy. £(22,140)k is used here instead, since it is the figure that reconciles exactly to the report's own final 'Net cash generated from operating activities' total of £13,542k (£35,682k + £(22,140)k = £13,542k, matching exactly; £35,682k + £(21,140)k = £14,542k, which does not match the printed final total). The FY2023 comparative column in the same table is internally consistent and required no correction.
ENTITY NOTE: Cambridge & Counties Bank Limited (company 07972522, FRN 579415), a UK SME/commercial-property lender jointly owned by Trinity Hall (a Cambridge University college) and Cambridgeshire County Council as Administering Authority of the Cambridgeshire Local Government Pension Fund. The Bank has no subsidiaries, so all figures below are the Bank's own entity-level (not consolidated) results - there is no Group/solo basis question for this bank. No FRS cash-flow exemption is taken - a full Statement of Cash Flows is published every year. Cash flow figures for FY2021-FY2025 are internally consistent to the pound across every source document checked (each year cross-verified against its appearance as the following year's comparative column). The 2023 and 2024 Pillar 3 disclosures are published as .docx files (not PDF) with the Key Metrics table embedded as an image rather than as text/a real table - extracted by rendering the embedded image."
castle_trust_capital_financials_xlsx,CASTLE TRUST CAPITAL FINANCIALS.xlsx,"Sources - all figures are Castle Trust Capital plc's own Company-only (solo) Statement of Cash Flows, £'000:
FY2025 (& FY2024 comparative): Castle Trust Capital plc Annual financial statements, y/e 30 Sept 2025, p.59 - https://find-and-update.company-information.service.gov.uk/company/07454474/filing-history/MzUwMDY5OTYyMGFkaXF6a2N4/document?format=pdf&download=0
FY2024 (& FY2023 comparative): Castle Trust Capital plc Annual financial statements, y/e 30 Sept 2024, p.58 - https://find-and-update.company-information.service.gov.uk/company/07454474/filing-history/MzQ1MzY3NTE2MGFkaXF6a2N4/document?format=pdf&download=0
FY2023 (& FY2022 comparative): Castle Trust Capital plc Annual financial statements, y/e 30 Sept 2023, p.55 - https://find-and-update.company-information.service.gov.uk/company/07454474/filing-history/MzQxNTc2MDk1NGFkaXF6a2N4/document?format=pdf&download=0
FY2022 (& FY2021 comparative): Castle Trust Capital plc Annual financial statements, y/e 30 Sept 2022, p.48 - https://find-and-update.company-information.service.gov.uk/company/07454474/filing-history/MzM2MzAyNjk5NGFkaXF6a2N4/document?format=pdf&download=0
FY2021 (& FY2020 comparative): Castle Trust Capital plc Annual financial statements, y/e 30 Sept 2021, p.41 - https://find-and-update.company-information.service.gov.uk/company/07454474/filing-history/MzMzNDg3NzA5MWFkaXF6a2N4/document?format=pdf&download=0
Castle Trust Capital plc (company 07454474, FRN 541910, trading as 'Castle Trust Bank') is a wholly-owned subsidiary of Castle Trust Holdings Limited ('CTH', company 12161224) and has availed itself of the exemption under s.400 Companies Act 2006 to not prepare group accounts - its own statutory accounts (sourced here) are solo/Company-only, not consolidated, and are a genuinely different document from CTH's own consolidated 'Annual report and financial statements' (also published on the bank's website) which cover the wider Group. Cash flow figures on this sheet are Castle Trust Capital plc solo, matching the Pillar 3 sheets' 'Bank' (not 'Group') columns - kept consistent throughout to avoid a cash-flow-vs-Pillar-3 basis mismatch. All 5 Companies House filings for this entity are fully scanned/image-only; figures were transcribed via page rendering and cross-checked against each year's own report where it appears again as the following year's comparative column.
One genuine cross-vintage discrepancy found, not silently resolved: the FY2022 Annual Report's own note states 'Certain items in operating activities have been reclassified in the prior year comparatives for presentational purposes. The changes had no impact on the net cashflows from operating activities' - but its FY2021 comparative operating-activities total is stated as £(57,981)k, which does NOT match FY2021's own originally-published total of £(62,617)k (a £4,636k difference), despite the note's claim of no impact. FY2021's own originally-published figure is used in the FY2021 column here, per project convention; the discrepancy itself is flagged here rather than silently reconciled either way. All other tail-chain closing/opening balances tie exactly year to year with no gap."
cater_allen_financials_xlsx,CATER ALLEN FINANCIALS.xlsx,"Sources - all figures are Cater Allen Limited's own Cash Flow Statement, GBP'000:
FY2021: Annual Report and Financial Statements 2021, p.14 (Cash Flow Statement) and p.35 (Note 24, reconciliation) - https://find-and-update.company-information.service.gov.uk/company/00383032/filing-history/MzMzODQ2NDUzMWFkaXF6a2N4/document?format=pdf&download=0
FY2022 (restated comparative, used as primary column per project convention): Annual Report and Financial Statements 2023, p.26 (Cash Flow Statement, 2022 restated column) - https://find-and-update.company-information.service.gov.uk/company/00383032/filing-history/MzQyMDI4MDMwNWFkaXF6a2N4/document?format=pdf&download=0
FY2023: Annual Report and Financial Statements 2023, p.26 (Cash Flow Statement) - https://find-and-update.company-information.service.gov.uk/company/00383032/filing-history/MzQyMDI4MDMwNWFkaXF6a2N4/document?format=pdf&download=0
FY2024: Annual Report and Financial Statements 2024, p.27 (Cash Flow Statement) - https://find-and-update.company-information.service.gov.uk/company/00383032/filing-history/MzQ2NDYzNjU4OGFkaXF6a2N4/document?format=pdf&download=0
FY2025: Not applicable - FRS 101 cash-flow exemption newly taken this year. Annual Report and Financial Statements 2025, p.29 (Note 1, Basis of preparation) - https://find-and-update.company-information.service.gov.uk/company/00383032/filing-history/MzUxODk5NjMzM2FkaXF6a2N4/document?format=pdf&download=0

Entity: Cater Allen Limited (FRN 178737, company 00383032), a UK private bank, wholly owned by Santander Private Banking UK Limited, itself a wholly-owned subsidiary of Santander UK plc (ultimate UK parent: Santander UK Group Holdings plc; ultimate parent: Banco Santander SA). Reports in GBP; no FX conversion needed.

GENUINELY NEW PATTERN - exemption newly adopted in the FINAL year of this workbook's window, not from the start: FY2021-FY2024 all have a full, audited Statement of Cash Flows (confirmed directly from each year's own filing - the FY2024 filing, approved 24 April 2025, includes a complete Cash Flow Statement for both FY2024 and its FY2023 comparative). Only the FY2025 filing (approved 23 April 2026) newly invokes the FRS 101 exemption for IAS 7 'Statement of cash flows' - its Basis of Preparation note states the financial statements 'are presented with the benefit of the disclosure exemptions permitted by FRS 101 with regards to: IAS 7, Statement of cash flows... standards not yet effective', and no cash flow statement (for FY2025 OR its FY2024 comparative) appears anywhere in that filing. This is a mirror-image of Tandem Bank/AIB Group UK/Atom Bank's 'exemption kicks in partway through the window' pattern - here it only blocks the LAST year rather than the earlier years, so FY2021-FY2024 are built as a normal full cash flow statement and only FY2025 is left blank with this note.

PRESENTATION FORMAT NOTE: FY2021's own filing discloses only a single aggregate operating cash flow figure (no trading-activities/working-capital breakdown, no investing/financing sections) - this is the source's own presentation for that year, not a gap. FY2022-FY2024 (sourced from the FY2023 and FY2024 filings, whose comparative/current columns cross-check exactly) use a fuller breakdown. Blank cells on the more granular rows for FY2021 reflect this genuine presentation difference; the year's one available total is placed on the 'Net cash (used in)/generated from operating activities' row.

Full opening-to-closing chain cross-checked and ties exactly across all 4 years with cash flow data: FY2021 closing (5,128,808) = FY2022 opening; FY2022 closing (5,671,848) = FY2023 opening; FY2023 closing (5,383,852) = FY2024 opening; FY2024 closing = 5,540,507, matching the FY2024 Balance Sheet's own 'Loans and advances to banks' figure exactly."
charity_bank_financials_xlsx,CHARITY BANK FINANCIALS.xlsx,"Sources - all figures are The Charity Bank Limited's own Cash Flow Statement, £'000:
FY2025: Charity Bank 2025 Annual Report, p.54 (Cash Flow Statement) - https://www.charitybank.org/wp-content/uploads/2026/06/Charity-Bank-2025-Annual-Report-signed.pdf
FY2024: Charity Bank 2024 Annual Report, p.52 (Cash Flow Statement) - https://www.charitybank.org/wp-content/uploads/2025/06/Charity-Bank-2024-Annual-Report-signed.pdf
FY2023: Charity Bank Annual Report 2023, p.54 (Cash Flow Statement) - https://www.charitybank.org/wp-content/uploads/2024/10/Charity-Bank-Annual-Accounts-2023.pdf
FY2022: The Charity Bank Limited Annual Report for the year ended 31 December 2022 (Companies House filing, 17 Jun 2023), p.42 (Cash Flow Statement) - scanned/image-only, OCR'd and visually cross-checked - https://find-and-update.company-information.service.gov.uk/company/04330018/filing-history/MzM4MjU0NDA3NWFkaXF6a2N4/document?format=pdf&download=0
FY2021: The Charity Bank Limited Annual Report for the year ended 31 December 2021 (Companies House filing), p.38 (Cash Flow Statement) - scanned/image-only, OCR'd and visually cross-checked - https://find-and-update.company-information.service.gov.uk/company/04330018/filing-history/MzM0MTk3OTg0MGFkaXF6a2N4/document?format=pdf&download=0
All 5 years' own primary figures cross-checked and tie exactly against their appearance as the following year's comparative column (e.g. FY2021's own £2,878k operating-adjustments subtotal matches the FY2022 report's own FY2021 comparative exactly).

ENTITY NOTE: The Charity Bank Limited (Companies House 04330018, FRN 207701) matches Banks List 2608.xlsx exactly - a wholly UK-owned, standalone entity with no parent-subsidiary complications. Charity Bank publishes a full Statement of Cash Flows every year (no FRS 101/102 exemption). Its FY2021 and FY2022 Companies House filings are fully scanned/image-only PDFs (no text layer) - OCR'd with tesseract and every figure visually cross-checked against a rendered page image at 400dpi (one apparently ambiguous OCR read, 'depreciation of property and equipment' for FY2021, was confirmed as 59 by direct visual inspection, not the alternative misreading). All 5 years' own primary figures were cross-checked against their appearance as the following year's comparative column and match exactly - no source-document arithmetic errors found."
charter_court_financial_services_financials_xlsx,CHARTER COURT FINANCIAL SERVICES FINANCIALS.xlsx,"Sources - all figures are Charter Court Financial Services Limited's own Statement of Cash Flows, from each year's own originally-filed Companies House accounts (not a later restated comparative):
FY2025: Full accounts made up to 31 Dec 2025, p.69 (Statement of Cash Flows) - https://find-and-update.company-information.service.gov.uk/company/06749498/filing-history/MzUxNjgzMTY2OWFkaXF6a2N4/document?format=pdf&download=0
FY2024: Full accounts made up to 31 Dec 2024, p.68 (Statement of Cash Flows) - https://find-and-update.company-information.service.gov.uk/company/06749498/filing-history/MzQ2MzY3MjYwMmFkaXF6a2N4/document?format=pdf&download=0
FY2023: Full accounts made up to 31 Dec 2023, p.56 (Statement of Cash Flows) - https://find-and-update.company-information.service.gov.uk/company/06749498/filing-history/MzQxOTgyMzYzMWFkaXF6a2N4/document?format=pdf&download=0
FY2022: Full accounts made up to 31 Dec 2022, p.50 (Statement of Cash Flows) - https://find-and-update.company-information.service.gov.uk/company/06749498/filing-history/MzM3NjA1NDU0NWFkaXF6a2N4/document?format=pdf&download=0
FY2021: Full accounts made up to 31 Dec 2021, p.51 (Statement of Cash Flows) - https://find-and-update.company-information.service.gov.uk/company/06749498/filing-history/MzMzNTQwMDY5MWFkaXF6a2N4/document?format=pdf&download=0
Charter Court Financial Services Limited (company 06749498) trades under the Charter Savings Bank, Precise Mortgages and Exact Mortgage Experts brands - a UK specialist mortgage lender. Its parent was CCFSG Holdings Limited (formerly Charter Court Financial Services Group PLC, merged with OneSavings Bank plc in 2019) until 22 September 2025, when the Company was transferred directly to OneSavings Bank plc; the ultimate parent throughout is OSB GROUP PLC. All 5 Companies House filings used were fully scanned/image-only, transcribed via page rendering. Each year's own originally-published Statement of Cash Flows is used as that year's column (not a later restated comparative) - the full chain ties exactly (each year's closing balance = the next year's opening balance) across all 5 years. FY2022's own Annual Report discloses a voluntary restatement of its FY2021 comparative (reclassifying £73.3m of cash collateral/margin on interest rate swaps from financing to operating activities, plus a presentation gross-up of fair-value-hedge and derivative movements) - FY2021's own originally-published figures are used here regardless, per this project's convention, so this workbook's FY2021 column will not tie to the restated FY2021 comparative shown in the FY2022 report."
chetwood_financials_xlsx,CHETWOOD FINANCIALS.xlsx,"Sources - all figures are Chetwood Financial Limited Group (consolidated) cash flow statement, £'000, unless noted. See entity note above re: FY2021 (standalone) and FY2024 (Pillar 3 gap).
FY2025: Chetwood Financial Limited Annual Report and Financial Statements, year ended 31 March 2025, p.48-49 (Consolidated and company statement of cashflows) - https://chetwoodbank.co.uk/documents/chetwood-bank-annual-report.pdf
FY2024: Chetwood Financial Limited Annual Report and Financial Statements, year ended 31 March 2024, p.29 (Consolidated and Company Statement of Cashflows) - http://web.archive.org/web/20240920030034/https://chetwood.co/static/97d26e488d5277699e5b9a9983db4d5b/AnnualReport.pdf
FY2023: Chetwood Financial Limited Annual Report and Financial Statements, year ended 31 March 2024, p.29 (prior-year comparative column) - http://web.archive.org/web/20240920030034/https://chetwood.co/static/97d26e488d5277699e5b9a9983db4d5b/AnnualReport.pdf. (The FY2023 Annual Report's own PDF has a text-encoding fault that corrupts extracted figures; the FY2024 report's clean comparative column was used instead - both present the same audited FY2023 statutory figures.)
FY2022: Chetwood Financial Limited Annual Report and Financial Statements, year ended 31 March 2022, p.26 (Consolidated and Company Statement of Cashflows) - http://web.archive.org/web/20230131231341/https://chetwood.co/static/7fbc3d1ed9c0913dca3435f640a5a570/AnnualReport.pdf
FY2021: Chetwood Financial Limited Annual Report and Financial Statements, year ended 31 March 2021, p.28 (Statement of Cashflows, standalone entity) - http://web.archive.org/web/20210830132929/https://chetwood.co/static/3d0ade6e892213e246ca03dc1d84b417/AnnualReport.pdf

ENTITY NOTE: Chetwood Financial Limited (trading as Chetwood Bank) is the entity on the PRA register - no holding-company substitution was needed here (unlike Monzo). All years are Chetwood Financial Limited, consolidated/Group basis, EXCEPT FY2021 (marked †), which is Chetwood's own standalone entity accounts - the Group didn't exist yet (Chetwood acquired Yobota Limited on 1 March 2022, and CHL Mortgages for Intermediaries Limited later still), so there is no consolidated cash flow statement for FY2021. Companies House confirms FY2021 accounts were filed as 'Full accounts' (solo), while FY2022-FY2025 were filed as 'Group of companies' accounts' (consolidated). Per user direction, FY2021 is included on a standalone basis and clearly flagged, rather than omitted.
FY2024 (marked *) is consolidated, but no Pillar 3 disclosure for 'as at 31 March 2024' was ever published or archived - see the note on each Pillar 3 sheet.

PRESENTATION NOTE: Line items changed across the five years as the business grew (e.g. debt securities and derivative-related lines were introduced/split differently year to year, and FY2025 switched the starting line from 'Loss after tax' to '(Loss)/profit before tax'). Blank cells indicate that year's report did not disclose that specific split. Section totals (net cash from operating/investing/financing, cash and cash equivalents) are consistent and reconcile exactly across all 5 years.

DATA QUALITY NOTE (added 2026-08-27, found during a project-wide sanity check): the AR24/AR25 source statements print BOTH a Group and a Company column side by side for each year; three line items were originally transcribed from the wrong column or with a digit error, causing FY2023/FY2024's operating and investing TOTALs to not reconcile to their own line items. Corrected against both AR24 (own-year figures) and AR25's FY2024 comparative column (cross-checked, both agree): 'Fair value adjustment on hedged items' FY2024 corrected from -11,182 to the Group figure -11,782 (a transcription slip); 'Interest received from investing activities' FY2024 corrected from 11,601 to the Group figure 17,601 (transcription slip); 'Loss on disposal of property, plant and equipment' FY2023 corrected from 4 to the Group figure 8 (was the Company figure); 'Impairment of investment in subsidiary/Yobota' FY2023 corrected from 6,753 to 0/nil (the Group figure is nil - 6,753 was the Company-only figure); 'Subscription of shares in subsidiary undertaking' FY2023 (-1,500) removed entirely - it is a Company-only line with no Group-basis equivalent, so it never belonged in this Group-basis statement. All four sections now reconcile exactly to the penny against the primary source."
citibank_uk_financials_xlsx,CITIBANK UK FINANCIALS.xlsx,"Sources - official Citibank UK Limited standalone Pillar 3 disclosures, UK KM1 and related tables:
FY2023: CUKL Pillar 3 Disclosures December 2023, pp. 3-5 and 8 - https://www.citigroup.com/rcs/citigpa/storage/public/b3p3d231231_uk.pdf
FY2022: FY2022 comparative column in the CUKL Pillar 3 Disclosures December 2023, p. 5 - https://www.citigroup.com/rcs/citigpa/storage/public/b3p3d231231_uk.pdf
FY2021: CUKL Pillar 3 Disclosures December 2021, pp. 6 and 15 - https://www.citigroup.com/rcs/citigpa/akpublic/storage/public/b3p3d211231_uk.pdf
Regulatory filing index: https://www.citigroup.com/global/investors/other-regulatory-filings
ENTITY NOTE: Citibank UK Limited (CUKL), Companies House company 11283101 and FRN 124579, is the UK legal entity covered here. CUKL's official Pillar 3 disclosures state that it has no subsidiaries and that the disclosures are prepared on a stand-alone basis. This is not Citibank N.A. London Branch or Citibank Europe plc."
clearbank_financials_xlsx,CLEARBANK FINANCIALS.xlsx,"Sources - all figures are ClearBank Limited's own Consolidated Statement of Cash Flows:
FY2025/FY2024: ClearBank Annual Report and Accounts 2025, p.71 - https://clear.bank/uploads/assets/ClearBank-Annual-Report-2025.pdf
FY2023: ClearBank Annual Report and Accounts 2023, p.73 - https://clear.bank/uploads/assets/ClearBank-Annual-Report-and-Accounts-2023.pdf
FY2022: ClearBank Annual Report and Accounts 2022, p.43 (own originally-published figures, not FY2023's restated comparative) - https://clear.bank/uploads/assets/ClearBank-Annual-Report-and-Accounts_2022.pdf
FY2021: ClearBank Annual Report and Accounts 2021, p.66 - https://clear.bank/uploads/assets/ClearBank-Annual-Report-2021.pdf

ClearBank Limited (FRN 754568, company 09736376), a UK clearing/embedded-banking infrastructure bank. Group basis throughout (parent-only figures are not materially different - the Group is essentially the Bank plus dormant/minor subsidiaries). Does NOT take the FRS 101/102 cash-flow-statement exemption - full Consolidated Statement of Cash Flows every year.
FY2022's own figures (from the FY2022 Annual Report itself) are used here rather than FY2023's report's restated FY2022 comparative (Note 32 of the FY2023 report flags a restatement, e.g. profit for the year after tax 6,818 as originally reported vs. 10,760 restated, and net cash from operating activities 413,627 vs. 416,088 restated) - each year's own originally-published figures are used throughout this workbook, per project convention.
A genuine, small, undocumented cross-vintage gap exists between FY2023's own closing cash balance (£6,256,126k) and FY2024's own opening balance per the FY2025 Annual Report's comparative (£6,258,123k) - a ~£1,997k difference with no explanation found in either source; both figures are shown exactly as each report states them, not force-reconciled.
""Foreign currency differences"" appears twice with different values in the FY2025/FY2024 presentation - once within the non-cash adjustments (a small figure) and again within the working-capital-changes section (a much larger figure driven by FX movement on customer deposit balances) - both are genuine distinct line items in the source, not a duplicate."
close_brothers_financials_xlsx,CLOSE BROTHERS FINANCIALS.xlsx,"Sources - all figures are Close Brothers Limited's own Consolidated Cash Flow Statement (Close Brothers Limited + its subsidiaries, NOT the wider listed Close Brothers Group plc):
FY2025: Group of companies' accounts to 31 Jul 2025 (Companies House, filed 20 Dec 2025), Consolidated Cash Flow Statement p.101 + Note 24 reconciliation p.145 - https://find-and-update.company-information.service.gov.uk/company/00195626/filing-history/MzQ5NDAzMzc1NGFkaXF6a2N4/document?format=pdf&download=0
FY2024: same FY2025 filing's own FY2024 comparative column, p.101 + p.145
FY2023: Group of companies' accounts to 31 Jul 2023 (Companies House, filed 20 Jan 2024), Consolidated Cash Flow Statement p.71 + Note 24 reconciliation p.112 - https://find-and-update.company-information.service.gov.uk/company/00195626/filing-history/MzQwNzQ2MzI3OWFkaXF6a2N4/document?format=pdf&download=0
FY2022: same FY2023 filing's own FY2022 comparative column, p.71 + p.112
FY2021: Group of companies' accounts to 31 Jul 2021 (Companies House, filed 07 Dec 2021), Consolidated Cash Flow Statement p.47 (headline total only - operating-activities note not located within budget) - https://find-and-update.company-information.service.gov.uk/company/00195626/filing-history/MzMyMjY5NTAxOGFkaXF6a2N4/document?format=pdf&download=0

Close Brothers Limited (company 00195626, FRN 124750) is the PRA-regulated bank subsidiary of the LSE-listed Close Brothers Group plc. Cash flow figures are the entity's own Consolidated (Close Brothers Limited + its subsidiaries) Statement of Cash Flows, from its statutory 'Group of companies' accounts' filings at Companies House - NOT the wider Close Brothers Group plc's own consolidated accounts (a separate filing). All 5 Companies House filings used were fully scanned/image-only.

FY2021 is shown as a single headline total only (no line-item breakdown) - the operating-activities reconciliation note for that year's own report could not be located within budget; the other 4 years have full breakdowns. FY2022's figures are FY2023's report's own comparative column (no separate FY2022 filing was sourced); FY2024's figures are similarly FY2025's report's own comparative column.

GENUINE MID-SERIES PRESENTATION BREAK in the Financing activities section: FY2021-FY2023 report 'Equity dividends paid' and 'Interest paid on debt financing' as distinct lines; FY2024-FY2025 drop both (no dividend was paid in either year, consistent with FY2025's substantial loss) and instead introduce 'Issue of ordinary share capital', 'Issuance/costs of AT1 capital securities', and 'AT1 coupon payment' lines (a $200m AT1 issuance occurred in FY2024). Each year kept on its own originally-published presentation - blank cells where a line item doesn't apply to that year, not a gap. Full chain of opening/closing cash balances ties exactly across all 5 years.

MOTOR FINANCE COMMISSION MIS-SELLING IMPACT: FY2025's Operating profit before tax swung to a loss of £(67.6)m (from £178.0m profit in FY2024), driven substantially by three new provision lines in the FY2025 operating-activities reconciliation: 'Provision in relation to motor finance commissions excluding cash paid' (£161.4m), 'Complaints handling and other operational and legal costs...in relation to motor finance commissions' (£5.6m), and 'Provision in relation to early settlements in Motor Finance' (£33.0m) - approximately £200m of provisions tied to the well-publicised FCA motor finance commission review. This is a real, disclosed business event, not a data anomaly."
clydesdale_financials_xlsx,CLYDESDALE FINANCIALS.xlsx,"Sources - all figures are Clydesdale Bank PLC (CB) Group consolidated cash flow statement, £m:
FY2025 (18mo, 1 Oct 2023 - 31 Mar 2025): Clydesdale Bank PLC 2025 Annual Report and Accounts, p.113 (Statement of cash flows) - https://www.virginmoneyukplc.com/downloads/pdf/cb-ara-2025-signed.pdf
FY2023: Clydesdale Bank PLC 2023 Annual report & consolidated financial statements, p.116 (Statement of cash flows) - https://www.virginmoneyukplc.com/downloads/pdf/cbplc-2023-ar-cfs.pdf
FY2022: Clydesdale Bank PLC 2022 Annual Report and consolidated financial statements, p.119 (Statement of cash flows) - https://www.virginmoneyukplc.com/downloads/pdf/cbplc-2022-ar-cfs.pdf
FY2021: Clydesdale Bank PLC 2021 Annual report & consolidated financial statements, p.119 (Statement of cash flows) - https://www.virginmoneyukplc.com/downloads/pdf/cb-ara-2021.pdf
Note: the FY2025 (18mo) statement's comparative period (FY2023) is presented on a basis restated to align Group accounting policies/presentation with Nationwide, and combines some line items (e.g. interest received/paid, changes in operating assets and liabilities) that FY2021-FY2023 report split out individually; FY2023's own column above uses that year's own as-originally-reported presentation, not the restated comparative. Blank cells indicate that year's report did not disclose that specific split; where a coarser combined figure was reported instead, it appears on its own row. Section totals and cash/cash equivalents figures are consistent and comparable across all 4 populated years.

ENTITY NOTE: Clydesdale Bank PLC (company number SC001111) is the PRA-authorised entity (FRN 121873) and the main operating banking subsidiary of Virgin Money UK PLC. On 28 July 2026 the company re-registered from a public limited company to a private limited company and is now named 'Clydesdale Bank Limited' - this workbook uses 'Clydesdale Bank PLC' throughout since that was its name for the entirety of the period covered (FY2021-FY2026). The fiscal year-end changed from 30 September to 31 March via a PRA-approved 18-month transition period (1 October 2023 - 31 March 2025, shown as 'FY2025 (18mo)' below); there is no separate FY2024 - that period is entirely contained within the 18-month column. Cash flow and Pillar 3 figures are on the 'CB Group Consolidated' / 'CB Solo-Consolidated Group' basis (Clydesdale Bank PLC's own consolidation perimeter) rather than the wider Virgin Money UK PLC group, consistent with the ring-fenced-entity basis used elsewhere in this workbook series; most annual Pillar 3 reports through FY2025 are published under the 'Virgin Money UK PLC' title but contain a dedicated CB Group Consolidated appendix, which is what is cited here.

NATIONWIDE ACQUISITION NOTE: Nationwide Building Society completed its acquisition of Virgin Money UK PLC (Clydesdale Bank PLC's parent) on 1 October 2024. On 14 November 2025 the Bank's Directors publicly announced a decision to move substantially all of the Bank's business to Nationwide by way of a Part VII banking business transfer; the High Court approved the transfer on 23 February 2026 and on 2 April 2026 the majority of the Bank's assets and liabilities transferred to Nationwide. At 31 March 2026 the transferred assets/liabilities were classified as a disposal group 'held for distribution' and the related financial performance presented as a discontinued operation (FY2026 Annual Report and Accounts, p.60) - https://www.virginmoneyukplc.com/downloads/pdf/cb-ara-2026-signed.pdf.

FY2026 cash flow is blank: the FY2026 Annual Report and Accounts moved to the FRS 101 Reduced Disclosure Framework and explicitly took the IAS 7 'Statement of Cash Flows' disclosure exemption (p.60) - https://www.virginmoneyukplc.com/downloads/pdf/cb-ara-2026-signed.pdf - available to it as a qualifying subsidiary whose ultimate parent (Nationwide Building Society) publishes consolidated financial statements. No cash flow statement of any kind appears in the FY2026 accounts. See the Nationwide acquisition note above for context (the exemption coincides with the Part VII transfer of substantially all of the Bank's business)."
co_operative_bank_financials_xlsx,CO-OPERATIVE BANK FINANCIALS.xlsx,"Sources - all figures are The Co-operative Bank p.l.c.'s own Bank Company-only Statement of Cashflows, £m:
FY2024: The Co-operative Bank p.l.c. 2024 Annual Report and Accounts, p.222 (Statement of Cashflows, Bank Company-only) - https://www.co-operativebank.co.uk/pdfs/bank/investorrelations/2024-annual-report-and-accounts.pdf
FY2023: The Co-operative Bank p.l.c. 2024 Annual Report and Accounts, p.222 (FY2023 comparative column, same statement) - https://www.co-operativebank.co.uk/pdfs/bank/investorrelations/2024-annual-report-and-accounts.pdf
FY2022: The Co-operative Bank p.l.c. 2022 Annual Report and Accounts, p.245 (Statement of Cashflows, Bank Company-only) - https://www.co-operativebank.co.uk/pdfs/bank/investorrelations/2022-annual-report-and-accounts.pdf
FY2021: The Co-operative Bank p.l.c. 2022 Annual Report and Accounts, p.245 (FY2021 comparative column, same statement) - https://www.co-operativebank.co.uk/pdfs/bank/investorrelations/2022-annual-report-and-accounts.pdf
FY2020: The Co-operative Bank p.l.c. 2020 Annual Report and Accounts, p.215 (Statement of Cashflows, Bank Company-only) - https://www.co-operativebank.co.uk/assets/pdf/bank/investorrelations/2020-annual-report-and-accounts.pdf
All 5 years cross-checked and tie exactly across adjacent reports (e.g. FY2020 closing cash and cash equivalents of £4,221.1m matches the FY2022 report's own FY2021 opening balance).

ENTITY/OWNERSHIP NOTE: The Co-operative Bank p.l.c. (company number 00990937, FRN 121885) is the PRA-authorised entity. It is a wholly-owned subsidiary of The Co-operative Bank Finance p.l.c., itself wholly-owned by The Co-operative Bank Holdings p.l.c. (the listed holding company; named 'The Co-operative Bank Holdings Limited' in the FY2020-FY2022 Annual Reports, re-registered as a p.l.c. by FY2023). Coventry Building Society completed its acquisition of The Co-operative Bank Holdings p.l.c. on 1 January 2025 - outside the FY2020-FY2024 period covered by this workbook, so it has no bearing on any figure shown here. Coventry and Co-operative Bank have proposed a Part VII transfer of the Bank's business (including 'smile') into Coventry Building Society, targeted for 1 January 2027 - not yet effective as of the most recent published accounts, watch for a cash-flow-statement exemption or entity change in future years similar to Clydesdale Bank PLC's Nationwide Part VII transfer in this same workbook series. This workbook uses The Co-operative Bank p.l.c.'s own entity-level ('Bank Company-only') figures throughout - both cash flow and Pillar 3 - not the wider consolidated Group (The Co-operative Bank Holdings p.l.c. and its subsidiaries), consistent with the PRA-authorised-entity basis used elsewhere in this workbook series."
coutts_financials_xlsx,COUTTS FINANCIALS.xlsx,"Sources - Coutts & Company's own Cash Flow Statement, from its audited Companies House filings:
FY2025/FY2024: Annual Report and Accounts 2025, p.56 - https://find-and-update.company-information.service.gov.uk/company/00036695/filing-history/MzUyMTA2MDcwMGFkaXF6a2N4/document?format=pdf&download=0
FY2023/FY2022 (summary presentation): Annual Report and Accounts 2023, p.53 - https://find-and-update.company-information.service.gov.uk/company/00036695/filing-history/MzQyMDgzOTQ5OWFkaXF6a2N4/document?format=pdf&download=0
FY2022/FY2021 (detailed presentation, used for the itemized operating-activities breakdown and as the source for FY2021): Annual Report and Accounts 2022, p.56 - https://find-and-update.company-information.service.gov.uk/company/00036695/filing-history/MzM4NTMwNzEyMGFkaXF6a2N4/document?format=pdf&download=0

FY2021/FY2022 use a more detailed operating-activities presentation (a 'Net cash flows from trading activities' subtotal, then an itemized 'Changes in operating assets and liabilities' breakdown) than FY2023-FY2025's simpler 3-line 'Adjustments for' presentation - both feed the same-labelled 'Changes in operating assets and liabilities' total line; FY2023-FY2025 state it as a single figure with no breakdown. Full opening-to-closing cash chain reconciles exactly across all 5 years, cross-checked against each year's appearance as the following year's comparative in every case.

Coutts & Company (company 00036695, FRN 122287) is a wholly-owned subsidiary of NatWest Group plc, part of the ring-fenced NatWest Holdings (NWH) Group sub-group. All figures are Coutts & Company's own entity-level financial statements/disclosures, not the wider NatWest Group. A private unlimited company - voluntarily files full audited accounts at Companies House despite the unlimited-company form (which would otherwise exempt it from public filing), same as C. Hoare & Co. elsewhere in this project.

BASIS CHANGE: the FY2022 Annual Report states its financial statements 'are prepared on a standalone basis for Coutts. Previously these were prepared on a consolidated basis for Coutts and its subsidiaries.' The FY2021 figures used here are as shown in the FY2022 report's own comparative column (the only source available for FY2021) - it isn't confirmed whether that comparative was itself restated onto the new standalone basis or retains the original consolidated FY2021 basis. Flagged, not resolved.

In September 2022 Coutts acquired the 'Adam & Company' private-banking business from The Royal Bank of Scotland plc (a Part VII-style transfer) - RBS plc is a separate entity already built in this project; that acquisition is the source-side counterpart of this project's earlier RBS plc entity-identity finding."
credit_suisse_international_financials_xlsx,CREDIT SUISSE INTERNATIONAL FINANCIALS.xlsx,"Sources - all figures are Credit Suisse International's own Consolidated Statement of Cash Flows (Group and Bank basis - identical for this entity in every year checked), converted from USD to GBP (see FX note below):
FY2025/FY2024: Annual Report for the Year Ended 31 December 2025, p.46 (filed at Companies House 12 Apr 2026) - https://find-and-update.company-information.service.gov.uk/company/02500199/filing-history/MzUxNDA4Njk0M2FkaXF6a2N4/document?format=pdf&download=0
FY2023/FY2022: Annual Report for the Year Ended 31 December 2023, p.47 (filed 20 Apr 2024) - https://find-and-update.company-information.service.gov.uk/company/02500199/filing-history/MzQxNzkxNzIxNWFkaXF6a2N4/document?format=pdf&download=0
FY2021: Annual Report for the Year Ended 31 December 2021, p.55 (filed 16 Mar 2022) - https://find-and-update.company-information.service.gov.uk/company/02500199/filing-history/MzMzMjg3NzIzMGFkaXF6a2N4/document?format=pdf&download=0
Credit Suisse International (CSI, company 02500199, FRN 146702) is the UK derivatives/structured-products trading entity within the former Credit Suisse group - a DISTINCT legal entity from 'Credit Suisse (UK) Limited' (the deposit-taking bank, built separately in this same batch). Following Credit Suisse's 2023 collapse and rescue by UBS Group AG, CSI remains an active, separately-reporting UK entity (registered office moved to UBS's 5 Broadgate address 2 Jan 2026) but is in an explicit, disclosed CONTROLLED WIND-DOWN: its own FY2025 KPI table states 'Profitability and Risk Weighted Assets (RWA) are reviewed to ensure a controlled wind-down in a capital efficient manner.' Total assets collapsed from $244.5bn (FY2021) to $5.65bn (FY2025) - a 97.7% reduction - as client business was progressively transferred to other UBS Group entities via Part VII transfers. FY2025 also separately reports a $(397)m pre-tax loss from Discontinued Operations, on top of continuing operations. All figures are converted from CSI's reporting currency (USD) to GBP using the Bank of England's published GBP/USD spot rate (point-in-time/balance figures) or average rate over the fiscal year (flow figures) - see the FX conversion methodology note below. All %-ratios are shown exactly as disclosed, not converted (dimensionless).

FX conversion: point-in-time figures (cash balances, Tier 1 capital, RWA) converted at the Bank of England GBP/USD SPOT rate as at each fiscal year-end; flow figures (every cash flow statement line item) converted at the AVERAGE rate over that fiscal year. Rates used (£1 = $X): 31 Dec 2020 spot 1.3661 (FY2021 opening cash only); FY2021 spot 1.3521 / average 1.3752; FY2022 spot 1.2097 / average 1.2362; FY2023 spot 1.2732 / average 1.2439; FY2024 spot 1.2515 / average 1.2782; FY2025 spot 1.3448 / average 1.3193 - same table already established for Zenith Bank UK (identical 31 December year-end). Converting stocks and flows at different rates means the statement doesn't tie in GBP by itself - an 'Effect of GBP/USD translation' line is included, computed programmatically as the balancing figure (never hardcoded), labelled clearly as a translation artefact with no bearing on CSI's actual results."
credit_suisse_uk_financials_xlsx,CREDIT SUISSE UK FINANCIALS.xlsx,"Sources - all figures are Credit Suisse (UK) Limited's own Statement of Cash Flows:
FY2025: Full accounts to 31 Dec 2025 (Companies House, filed 25 Apr 2026), Statement of Cash Flows p.47 - https://find-and-update.company-information.service.gov.uk/company/02009520/filing-history/MzUxNzE0OTI3NGFkaXF6a2N4/document?format=pdf&download=0
FY2024: same FY2025 filing's own FY2024 comparative column, p.47
FY2023: Full accounts to 31 Dec 2023 (Companies House, filed 27 Apr 2024), Statement of Cash Flows p.41 - https://find-and-update.company-information.service.gov.uk/company/02009520/filing-history/MzQxOTY5NDQ0MWFkaXF6a2N4/document?format=pdf&download=0
FY2022: same FY2023 filing's own FY2022 comparative column, p.41
FY2021: Full accounts to 31 Dec 2021 (Companies House, filed 28 Apr 2022), Statement of Cash Flows p.46 - https://find-and-update.company-information.service.gov.uk/company/02009520/filing-history/MzMzNzU0NDMwOWFkaXF6a2N4/document?format=pdf&download=0

Credit Suisse (UK) Limited ('CSUK', company 02009520, FRN 124269) - a UK private-banking/wealth-management subsidiary. Ultimate parent is UBS Group AG following UBS's acquisition of Credit Suisse Group (announced March 2023, completed June 2023) - CSUK itself remains an active, separately-reporting PRA entity throughout, still filing under its original name as of the FY2025 filing (Apr 2026). All 5 Companies House filings were fully scanned/image-only, transcribed via page rendering.

TWO MAJOR DISCLOSED BUSINESS EVENTS, both flagged rather than treated as anomalies:
(1) FY2023: a pre-tax loss of £26.2m driven by £44.8m of UBS-acquisition-related expenses (accelerated lease costs, intangibles impairment, recharged transaction costs) - underlying profit before tax (excluding these) was £18.6m.
(2) FY2025: on 20 June 2025 CSUK completed a Part VII business transfer (Financial Services and Markets Act 2000) of most of its wealth-management clients to UBS AG London Branch, following a Business Transfer Agreement signed 20 December 2024. This shows up directly in the FY2025 cash flow statement as a £539,843k 'Cash receipt from business transfer' investing-activities line and a £1,278k 'Loss from the business transfer' operating-activities adjustment, and drove RWAs down from £672m (FY2024) to £160m (FY2025) and CET1/leverage ratios sharply higher (smaller balance sheet, same capital base). CSUK's remaining business post-transfer is the limited-scope Credit Suisse London Nominees ('CSLN') hedge-fund sub-custody activity.

Full opening-to-closing cash bridge ties across all 5 years, with two small immaterial gaps in the source documents' own printed figures, neither force-corrected: FY2022 closing £475,709k vs FY2023 opening £475,664k (£45k gap, explicitly explained by the FY2023 report's own footnote as the year-over-year change in the ECL allowance excluded from the cash figure); and FY2023's own three-line tail (opening £475,664k + net increase £97,529k - FX effect £24,570k = £548,623k) doesn't quite match FY2023's own printed closing balance of £548,659k (a £36k gap, source unexplained, not present in any other year - kept exactly as printed on both sides rather than adjusted to force a match). FY2021 closing £408,082k = FY2022 opening exactly; FY2023 closing £548,659k = FY2024 opening exactly; FY2024 closing £341,768k = FY2025 opening exactly."
crown_agents_bank_financials_xlsx,CROWN AGENTS BANK FINANCIALS.xlsx,"Sources - all figures are Crown Agents Bank Limited's own Statement of Cash Flows (Bank-solo, no subsidiaries consolidated):
FY2025/FY2024: Annual Report and Financial Statements 2025, p.56-57 & p.105-106 (Statement of Cash Flows + Note 28 reconciliation) - https://www.crownagentsbank.com/wp-content/uploads/2026/04/Crown-Agents-Bank-2025-Annual-Report.pdf
FY2023: Annual Report and Financial Statements 2023, p.59 (Statement of cash flows) - http://www.crownagentsbank.com/wp-content/uploads/2025/09/cab_fs_ye_2023_signed_3_april_2024_audited.pdf
FY2022/FY2021 (own originally-published figures, not FY2023's or FY2022's restated comparatives): Annual Report and Financial Statements 2022, p.41 (Statement of Cash Flows) - http://www.crownagentsbank.com/wp-content/uploads/2025/09/cab_financial_statements_2022_signed_19_april_formatted_version.pdf; Annual Report and Financial Statements 2021, p.38 (Cash Flow Statement) - http://www.crownagentsbank.com/wp-content/uploads/2025/09/cab_2021_financial_statements_1_apr.pdf

Crown Agents Bank Limited (FRN 204456, company 02334687) is the PRA-regulated bank entity - distinct from its LSE-listed ultimate parent CAB Payments Holdings plc (which IPO'd in 2023 and has faced separate, unrelated corporate-control events - a withdrawn possible offer from StoneX and an unrecommended offer from Helios - neither of which affects this Bank entity's own figures below). All figures are the Bank's OWN entity-level disclosures (Companies House filing history and the Bank's own Pillar 3 documents), not the wider listed Group's consolidated figures, which are published separately under the ""CAB Payments Holdings plc"" name and are NOT used here.

RESTATEMENTS: two genuine cross-vintage restatements were found in the cash flow statement. FY2022's own originally-published net cash used in operating activities was £(252,244)k; the FY2023 Annual Report's own comparative column restates this to £(236,806)k (a £15,438k difference), with no explanation located for the change. FY2021's own originally-published net cash generated from operating activities was £318,950k; the FY2022 Annual Report's own comparative column restates this to £313,819k (a £5,131k difference). Per project convention, each year's own originally-published figures are used throughout (not later restated comparatives).

Two minor, unexplained cross-vintage cash-bridge gaps also exist and are left as genuinely reported rather than forced to reconcile: FY2021's own closing balance (£1,118,821k) does not match FY2022's own opening balance (£1,113,467k), a £5,354k gap; FY2023's own closing balance (£1,179,607k) does not exactly match FY2024's own opening balance (£1,181,046k), a £1,439k gap."
cynergy_bank_financials_xlsx,CYNERGY BANK FINANCIALS.xlsx,"Sources - all figures are Cynergy Bank Plc's own Consolidated statement of cash flows, £'000:
FY2025 (& FY2024 restated comparative, not used - see note): Cynergy Bank plc Annual Report & Accounts 2025, p.54 (Consolidated and company statement of cash flows) - https://assets.ctfassets.net/xzmqg68ot16t/1aUkuB7BcAd8Pj5Kq0RNqh/101ced4af6be2d55cd37fad3542829b2/Cynergy_Bank_-_Annual_Report_2025.pdf
FY2024 (own, & FY2023 comparative cross-checked): Cynergy Bank plc Annual Report & Accounts 2024, p.87-88 (Consolidated and company statement of cash flows) - https://assets.ctfassets.net/xzmqg68ot16t/2AeSbXsBP7fwKhngGTLWxb/ca86e60128ab83d41842b85ae74aa326/Annual_Report_2024.pdf
FY2023 (own, & FY2022 comparative cross-checked): Cynergy Bank Limited Annual Report & Accounts 2023, p.93-94 (Consolidated and company statement of cash flows) - https://assets.ctfassets.net/xzmqg68ot16t/2oPLoaeUJ2c4kRJcNMSyMp/54230fc39821a0d6ede6f81f1c7528ce/Cynergy_Bank_Limited_-_Annual_Report_2023.pdf
FY2022 (own) & FY2021 (comparative): Cynergy Bank Limited Annual Report & Accounts 2022 (Companies House filing, scanned), p.95-96 (Consolidated and Company statement of cash flows) - https://find-and-update.company-information.service.gov.uk/company/04728421/filing-history/MzM3OTM0NzA5MmFkaXF6a2N4/document?format=pdf&download=0
Entity: Cynergy Bank Plc, company 04728421 (formerly Bank of Cyprus UK Limited / Bank of Cyprus Advances Limited before a 2018 rebrand/ownership change to a consortium led by Cynergy Capital Ltd) - same company number throughout, no entity-identity ambiguity. Consolidated basis throughout (the Bank plus subsidiaries Cynergy Business Finance Limited and, in earlier years, Cynergy Connect Technologies Ltd, which never traded and was dissolved during 2023).
Each year's own originally-published figures are used (not later restated comparatives) - FY2025's own Annual Report explicitly restates its FY2024 comparative column (see its own footnote: 'Comparatives have been re-presented to conform with the current year's presentation... presentational only and have no impact on the reported cash and cash equivalents') and the FY2025 report's own Alternative Performance Measures note gives a full reconciliation of the reclassifications; FY2024's own column here uses FY2024's own Annual Report instead. Similarly FY2022's own Annual Report (Companies House, scanned) presents cash and cash equivalents movements without a separate 'effects of exchange rate' line (opening + net change ties to closing exactly on its own); a later report's FY2022 comparative adds a separate £760k FX line by reclassifying it out of the opening balance - FY2022's own original figures are used here, not that later restatement.
FY2021 figures are the FY2021 comparative column within FY2022's own Annual Report (the FY2021 Annual Report itself is only available as a further scanned Companies House filing and was not independently re-checked) - this is the standard 'sourced from the following year's own comparative' pattern used elsewhere in this project when a year's own standalone report isn't the primary source.
Line items vary in granularity across report vintages (e.g. 'purchase' and 'redemption' of asset-backed securities are reported as one combined net line in FY2022/FY2021's presentation but split into two lines from FY2023 onward) - blank cells indicate that year's report did not disclose that specific split; a combined figure appears on its own row where reported that way. Section TOTALs are consistent and comparable across all 5 years regardless of this granularity."
db_uk_bank_financials_xlsx,DB UK BANK FINANCIALS.xlsx,"Sources - DB UK Bank Limited, all figures GBP (no FX conversion needed):
FY2025: Annual Report 2025, Note 1 Going Concern paragraph (regulatory capital ratio, p.29) and Note 27 Risk Report (c) Liquidity Risk KPI table (LCR/NSFR, p.65) - https://find-and-update.company-information.service.gov.uk/company/00315841/filing-history/MzUxOTM5NDA3NGFkaXF6a2N4/document?format=pdf&download=0
FY2024: Annual Report 2025's own FY2024 comparative column in the same Note 27 Liquidity Risk KPI table (p.65) - https://find-and-update.company-information.service.gov.uk/company/00315841/filing-history/MzUxOTM5NDA3NGFkaXF6a2N4/document?format=pdf&download=0. No FY2024 capital ratio found (the going-concern note only ever states the report's own current year, never a prior-year comparative) - left blank, not estimated.
FY2023: Annual Report 2023, Note 1 Going Concern paragraph (regulatory capital ratio, p.29) and Note 29 Risk Report (c) Liquidity Risk KPI table (LCR/NSFR, p.65) - https://find-and-update.company-information.service.gov.uk/company/00315841/filing-history/MzQyMDM4NDU3MmFkaXF6a2N4/document?format=pdf&download=0
FY2022: Annual Report 2023's own FY2022 comparative column in the same Note 29 Liquidity Risk KPI table (p.65) - https://find-and-update.company-information.service.gov.uk/company/00315841/filing-history/MzQyMDM4NDU3MmFkaXF6a2N4/document?format=pdf&download=0. No FY2022 capital ratio found (same reason as FY2024) - left blank.
FY2021: Annual Report 2021, Note 1 Going Concern paragraph (regulatory capital ratio and LCR, p.26) - https://find-and-update.company-information.service.gov.uk/company/00315841/filing-history/MzMzODM1NTI4NGFkaXF6a2N4/document?format=pdf&download=0. No NSFR for FY2021 - the Company's own FY2023 Annual Report states NSFR only became a regulatory requirement ""from 1 January 2022"", consistent with no NSFR being mentioned anywhere in the FY2021 report - left blank, not estimated, not a gap.
"
df_capital_bank_financials_xlsx,DF CAPITAL BANK FINANCIALS.xlsx,"Sources - Distribution Finance Capital Holdings plc's Consolidated Cash Flow Statement (Group basis, the Bank's own filed accounts are fully scanned - see ENTITY NOTE):
FY2025/FY2024: Annual Report and Accounts 2025, p.114-115 (Consolidated Cash Flow Statement) - https://wp-dfcapital-investors-2020.s3.eu-west-2.amazonaws.com/media/2026/03/DF-Capital-Annual-Report-and-Accounts-year-ending-2025.pdf
FY2023/FY2022: Annual Report and Accounts 2023, p.114-115 (Consolidated Cash Flow Statement) - https://wp-dfcapital-investors-2020.s3.eu-west-2.amazonaws.com/media/2024/04/DF-Capital-Annual-Report-and-Accounts-year-ending-2023-1.pdf
FY2021: Annual Report and Accounts 2021, p.106-107 (Consolidated Cash Flow Statement) - https://wp-dfcapital-investors-2020.s3.eu-west-2.amazonaws.com/media/2022/05/Annual-report-and-accounts-year-end-2021.pdf
Each year's own originally-published figures are used; the closing balance of each year ties exactly to the opening balance of the next, no restatements found across any vintage. FY2022's own printed operating-activities total (-GBP3,408k) is GBP8k off its own component lines' sum (-GBP3,416k) - an immaterial rounding artifact in the source document itself, kept as printed rather than force-corrected; every other year's total ties to the penny.
ENTITY NOTE: DF Capital Bank Limited (FRN 848291, company 10198535) is the PRA-regulated bank entity, a wholly-owned subsidiary of the AIM-listed Distribution Finance Capital Holdings plc (company 11911574, 'the Group'). The Bank's own Companies House filings are fully scanned (no text layer). Both the Annual Report and the Pillar 3 disclosure are published ONLY at the Group-consolidated level - the Pillar 3 document itself states 'there are no differences between the basis of consolidation of the Group for accounting and regulatory purposes,' confirming this is not a basis mismatch. From FY2021-FY2023 the Group comprised only DFCH plc and DF Capital Bank Limited; two further lending subsidiaries (DF Capital Financial Solutions Limited, DF Capital Retail Finance Limited) were added by FY2025 per the Annual Report's own country-by-country note. The FY2021 Pillar 3 document uniquely also discloses a Bank-solo column alongside Group - the Group column is used throughout for consistency with every later year, which only shows Group. NSFR was disclosed FY2021-FY2023 but stops appearing in the FY2024 and FY2025 Pillar 3 documents entirely (checked directly, not assumed) - plausibly linked to the Group's disclosed opt-in to the PRA's Small Domestic Deposit Takers (SDDT) reduced-disclosure regime. MREL not disclosed any year, no exemption stated - consistent with a small SDDT-regime institution."
efg_private_bank_financials_xlsx,EFG PRIVATE BANK FINANCIALS.xlsx,"Sources - EFG Private Bank Limited's own Cash Flow Statement, each year's own originally-published filing (not a later report's restated comparative):
FY2024: Annual Report and Financial Statements 2024, p.24-25 (Cash Flow Statement) - https://find-and-update.company-information.service.gov.uk/company/02321802/filing-history/MzQ2ODA5NDQ2MGFkaXF6a2N4/document?format=pdf&download=0
FY2023: Annual Report and Financial Statements 2023, p.24-25 (Cash Flow Statement) - https://find-and-update.company-information.service.gov.uk/company/02321802/filing-history/MzQyMTAwMDI4OGFkaXF6a2N4/document?format=pdf&download=0
FY2022: Annual Report and Financial Statements 2022, p.22 (Cash Flow Statement) - https://find-and-update.company-information.service.gov.uk/company/02321802/filing-history/MzM4ODQ3NjMwOWFkaXF6a2N4/document?format=pdf&download=0
FY2021: Annual Report and Financial Statements 2021, p.22 (Cash Flow Statement) - https://find-and-update.company-information.service.gov.uk/company/02321802/filing-history/MzMzODA1ODgyNmFkaXF6a2N4/document?format=pdf&download=0
EFG Private Bank Limited (company 02321802, FRN 144036), a UK subsidiary of EFG International AG (Switzerland, listed on the SIX Swiss Exchange). Each year's Cash Flow Statement figures are that year's own originally-published statement, not a later report's restated comparative - a genuine restatement exists between FY2021's own filing and its appearance as the FY2022 report's comparative (e.g. FY2021 operating activities £586,667k own filing vs £571,317k restated comparative), and again between FY2022's own filing and its appearance as the FY2023 report's comparative (£547,141k vs £542,301k). FY2023's own filing figures match exactly what the FY2024 report shows as its own comparative, so no restatement issue there."
fce_bank_financials_xlsx,FCE BANK FINANCIALS.xlsx,"Sources - all figures are FCE Bank Plc's own consolidated (Group) Statement of Cash Flows, each year's own originally-published figures (not a later year's restated comparative):
FY2025: Annual Report 2025, p.53 (Statements of Cash Flows) - https://find-and-update.company-information.service.gov.uk/company/00772784/filing-history/MzUxMTcwMTU1NGFkaXF6a2N4/document?format=pdf&download=0
FY2024: Annual Report 2024, p.58 (Statements of Cash Flows) - https://find-and-update.company-information.service.gov.uk/company/00772784/filing-history/MzQ2MTUzNDU1OGFkaXF6a2N4/document?format=pdf&download=0
FY2023: Annual Report 2023, p.55 (Statements of Cash Flows) - https://find-and-update.company-information.service.gov.uk/company/00772784/filing-history/MzQxNTY0NTE3NGFkaXF6a2N4/document?format=pdf&download=0
FY2022: Annual Report 2022 (AMENDED filing, 30 Oct 2023), p.53 (Statements of Cash Flows) - https://find-and-update.company-information.service.gov.uk/company/00772784/filing-history/MzM5ODE1MjYzNmFkaXF6a2N4/document?format=pdf&download=0
FY2021: Annual Report 2021, p.49 (Statements of Cash Flow) - https://find-and-update.company-information.service.gov.uk/company/00772784/filing-history/MzMzMzk0NjU4NWFkaXF6a2N4/document?format=pdf&download=0
FCE Bank Plc (company 00772784) is the UK-regulated captive auto-finance bank for Ford Motor Company's European operations (vehicle financing/leasing across Ford's European markets, not just the UK). Does NOT take the FRS 101/102 cash-flow exemption - full Group-basis Statement of Cash Flows every year. All 5 Companies House filings are fully scanned/image-only (0 text blocks/page); every figure was transcribed via page rendering.
FY2022's accounts were AMENDED (30 Oct 2023, replacing the original 24 Mar 2023 filing) - the amended FY2022 figures were used as the operative record for that year, since this is the entity's own correction to its own year's accounts (not a later year's restatement). Confirmed the amended FY2022 figures are internally consistent with how FY2023's own report later carries them forward as its FY2022 comparative - no discrepancy found.
FY2024's cash and cash equivalents at end of year include a genuine, disclosed 'Cash and cash equivalents in respect of discontinued operations' adjustment of £(873)m (Group basis) - a real disposal/discontinuation event that year, not a data error; kept as the entity's own disclosed reconciling item, not silently absorbed elsewhere.
FY2021's own Statement of Cash Flows classifies 'Net cash inflow/(outflow) on derivative financial instruments', 'Increase in restricted cash', and 'Decrease in restricted cash' under Financing activities (Group: £44m/£(97)m/£463m respectively, p.49); FY2022 onward reclassify these same three items under Investing activities instead. Confirmed via direct page image (p.49) - each year's own reported section placement is used, not forced into a single consistent classification across the 5 years."
fcmb_uk_financials_xlsx,FCMB UK FINANCIALS.xlsx,"Sources - FCMB Bank (UK) Limited's own Statement of Cash Flows, from its Companies House-filed Annual Report and Accounts (also published on the Bank's own site):
FY2025: Audited Accounts 2025, p.42-43 - https://fcmbuk.com/wp-content/uploads/2026/08/SIGNED-FCMB-Bank-UK-Limited-Audited-Accounts-2025.pdf
FY2024: Audited Accounts 2024, p.31 (own-year figures; FY2024 comparative in the FY2025 report cross-checked and matched exactly) - https://fcmbuk.com/wp-content/uploads/2025/09/FCMB-Bank-UK-Limited-Audited-Accounts-2024-Signed.pdf
FY2023: Audited Accounts 2023, p.33 - https://fcmbuk.com/wp-content/uploads/2024/07/FCMB-Bank-UK-Limited-Audited-Accounts-2023.pdf
FY2022: Annual Report & Financial Statements 2022, p.31 (own-year figures; FY2022 comparative in the FY2023 report cross-checked and matched exactly) - https://fcmbuk.com/wp-content/uploads/2023/09/FCMB-Bank-UK-Limited-Signed-Annual-Report-Financial-Statements-2022.pdf
FY2021: Audited Accounts 2021, p.28 - https://fcmbuk.com/wp-content/uploads/2023/09/FCMB-Bank-UK-Limited-Signed-Audited-Accounts-2021.pdf
FCMB Bank (UK) Limited (company 06621225, FRN 502704) is a UK subsidiary of First City Monument Bank (Nigeria). Does NOT take the FRS 101/102 cash-flow exemption - a full Statement of Cash Flows exists every year. Each year's own originally-published figures used throughout - the closing balance of each year ties exactly to the following year's own opening balance across all 5 years.
DATA QUALITY NOTE (FY2024): the FY2025 Annual Report's own FY2024 comparative column shows materially different 'Changes in operating assets and liabilities' line items (and a different Operating/Investing split) than FY2024's own originally-published Annual Report - e.g. 'Net (increase) in loans and advances to banks' is $(42,672,236) in the FY2025 report's comparative vs. $(35,611,527) in FY2024's own report. FY2024's own figures are used throughout (per project convention), and independently confirmed internally consistent (adjustments subtotal $2,243,237 + changes subtotal $4,830,112 = $7,073,349, matching FY2024's own printed operating total exactly). Net cash flow for the year, opening balance, and closing balance are IDENTICAL between both vintages ($(239,325) net change, both years) - only the Operating/Investing section split differs, consistent with a presentational reclassification rather than a change in the Bank's actual cash position. Similarly, FY2021's own report classifies 'Issuance of subordinated liabilities' ($2,000,000) within Operating activities, while later reports' FY2021 comparative reclassifies it into Financing activities - the FY2022 report's own footnote explicitly confirms this deliberate reclassification ('Subordinated liabilities were classified under operating activities in 2021. In 2022, subordinated liabilities have been classified under financing activities for the current year and in the prior year comparatives.'). FY2021's own original classification is used here, per convention.
FX CONVERSION: the Bank's functional and presentational currency is USD. Converted to £ per this project's established methodology: point-in-time/balance figures (capital, RWA, leverage exposure, HQLA, cash balances) use the Bank of England GBP/USD SPOT rate as at that fiscal year-end (31 December); flow figures (every cash flow statement line item) use the AVERAGE of Bank of England rates over that calendar year. Rate table reused from Zenith Bank UK/Union Bank of India UK (same 31 Dec year-end): 31 Dec 2020 spot 1.3661 (FY2021 opening cash only); FY2021 spot 1.3521 / average 1.3752; FY2022 spot 1.2097 / average 1.2362; FY2023 spot 1.2732 / average 1.2439; FY2024 spot 1.2515 / average 1.2782; FY2025 spot 1.3448 / average 1.3193. All % ratios are shown exactly as reported in USD, not converted (dimensionless, currency-invariant). An explicit 'Effect of GBP/USD translation' line reconciles the stock/flow rate mismatch so opening + flows + this line = closing exactly in £ terms; computed programmatically from the actual converted figures, not hardcoded."
fidbank_uk_financials_xlsx,FIDBANK UK FINANCIALS.xlsx,"Sources - all figures are FidBank UK Limited's own Statement of Cash Flows (Bank-only, GBP figures converted from the source's own USD figures at FidBank UK's own disclosed Dollar/Sterling exchange rates - see FX methodology note below):
FY2025, FY2024: Annual Report and Financial Statements for the year ended 31 December 2025, p.37 (Statement of Cash Flows) - https://find-and-update.company-information.service.gov.uk/company/04661188/filing-history/MzUzMzg1ODU2NWFkaXF6a2N4/document?format=pdf&download=0
FY2023, FY2022: Annual Report & Financial Statements for the year ended 31 December 2023, p.26 (Statement of Cash Flows) - https://find-and-update.company-information.service.gov.uk/company/04661188/filing-history/MzQxOTU1NjA5M2FkaXF6a2N4/document?format=pdf&download=0
FY2021: not available - no source document with line-item cash flow detail was found (see entity note).

FX conversion methodology: this project converts flow (cash flow statement) figures at each year's average GBP/USD rate and point-in-time (balance) figures at that year's period-end spot rate. FidBank UK's own Annual Report discloses its own Dollar/Sterling exchange rates (year-end and average) directly in its 5-year Financial Highlights table each year - those entity-disclosed rates are used here rather than an independently-sourced Bank of England rate, since they are explicitly stated as the rates the entity itself used to prepare its accounts. Ratios are never converted (dimensionless, currency-invariant).

FidBank UK Limited (company 04661188, FRN 400712) is a wholly-owned subsidiary of Fidelity Bank Plc, Nigeria (listed on the Nigerian Stock Exchange). The company has changed name twice: incorporated 2003 as ""Union Bank UK PLC"", later became ""Fidelity Bank UK Limited"", then renamed ""FidBank UK Limited"" on 13/14 March 2024 (per Companies House and the FY2023 Annual Report's own Subsequent Events note). Only 3 Annual Report filings exist at Companies House at all (FY2023, FY2024, FY2025) - no earlier filings were found, consistent with this being a young/thin filer at Companies House even though the company itself is over 20 years old; FY2021's cash flow could not be sourced from any document and is left blank rather than estimated (the FY2025 Annual Report's own 5-year ""Financial Highlights"" table gives only headline P&L/balance-sheet figures for FY2021, not a line-item cash flow statement).

PRESENTATION CHANGE: the FY2023 Annual Report's cash flow statement (covering FY2023/FY2022) and the FY2025 Annual Report's cash flow statement (covering FY2025/FY2024) use different line-item structures and different terminology for the closing cash balance (""Cash and cash equivalents"" in the FY2023 vintage vs. ""Cash and cash equivalents (including bank placements)"" in the FY2025 vintage) - each year's own line items and labels are preserved as printed rather than forced into a common format, per project convention.

UNEXPLAINED CASH-BRIDGE GAP: FY2023's own statement shows closing cash and cash equivalents of US$7,127k. The FY2025 Annual Report's own comparative shows the FY2024 column's OPENING balance as US$115,901k - a US$108,774k gap between the two filings' figures for what should be the same balance sheet date (31 Dec 2023). This is plausibly explained by the broadened ""(including bank placements)"" definition introduced in the newer presentation, but this could not be confirmed from the source documents available - left unreconciled and flagged here rather than forced to match, per project convention (compare Arab Bank Europe's/Bank of China UK's similar unreconciled gaps elsewhere in this project).

SOURCE-LABEL NOTE: the FY2025 Annual Report's cash flow statement labels BOTH columns' opening-balance row ""at 31 December 2024"" - this is a source-document label copy-paste artifact (the FY2024 column's opening balance is actually as at 31 December 2023); the VALUES are used exactly as printed, only the shared row label is affected.

FX METHODOLOGY NOTE, FY2023/FY2022: the opening cash balance for these two years is converted at the correct PRIOR-year spot rate (FY2022's opening uses FY2021's own year-end $/£ rate of 1.35, sourced from the FY2025 Annual Report's 5-year Financial Highlights table, p.6 - no FY2021 cash flow statement exists for this entity, but its exchange rate is separately disclosed there). Because the FY2023 Annual Report's own USD figures tie exactly with no FX line (single-currency presentation), converting opening/flow/closing at three different correct rates (prior-year spot / this year's average / this year's spot) necessarily creates a translation gap in GBP terms - a genuine 'Exchange difference / effect of GBP-USD translation' line for FY2023/FY2022 is computed programmatically from the actual converted figures (see _FY2023_FY2022_TRANSLATION_PLUG in the build script) and shown alongside FY2025/FY2024's real disclosed exchange-difference line, per this project's established FX conversion methodology."
firstbank_uk_financials_xlsx,FIRSTBANK UK FINANCIALS.xlsx,"Sources - all figures are FirstBank UK Limited's own Statement of Cash Flows (page images, statutory accounts filed at Companies House - each report's own accounts are DocuSign-flattened scans):
FY2025: Annual Report and Financial Statements for the year ended 31 December 2025, p.56 (Statement of Cash Flows), as filed at Companies House 03 Jul 2026 - https://find-and-update.company-information.service.gov.uk/company/04459383/filing-history/MzUyNzc5Nzc3MWFkaXF6a2N4/document?format=pdf&download=0
FY2024: Annual Report and Financial Statements for the year ended 31 December 2024, p.48 (Statement of Cash Flows), as filed at Companies House 10 Jul 2025 - https://find-and-update.company-information.service.gov.uk/company/04459383/filing-history/MzQ3MzE2Nzc1OGFkaXF6a2N4/document?format=pdf&download=0
FY2023: Annual Report and Financial Statements for the year ended 31 December 2023, p.42 (Statement of Cash Flows), as filed at Companies House 26 Jun 2024 - https://find-and-update.company-information.service.gov.uk/company/04459383/filing-history/MzQyNjA0OTI3OWFkaXF6a2N4/document?format=pdf&download=0
FY2022: Annual Report and Financial Statements for the year ended 31 December 2023, p.42 (Statement of Cash Flows, Restated 31 December 2022 comparative column, $ - the Bank's own USD restatement), as filed at Companies House 26 Jun 2024 - https://find-and-update.company-information.service.gov.uk/company/04459383/filing-history/MzQyNjA0OTI3OWFkaXF6a2N4/document?format=pdf&download=0
FY2021: Annual Report and Financial Statements (as FBN Bank (UK) Limited) for the year ended 31 December 2021, p.33 (Statement of Cash Flows, £ as originally reported), as filed at Companies House 08 Jun 2022 - https://find-and-update.company-information.service.gov.uk/company/04459383/filing-history/MzM0MTI4NjI3MGFkaXF6a2N4/document?format=pdf&download=0 - converted to $ per the currency note below.

CURRENCY NOTE: FirstBank UK Limited changed its presentation currency from GBP to USD starting with its FY2023 Annual Report and FY2023 Pillar 3 disclosures (FY2022 was restated by the Bank itself into $ as that year's own comparative). FY2021 is not published in $ anywhere by the Bank - to keep this whole workbook on one consistent $ basis, FY2021 figures below are converted from the Bank's own as-reported £ figures using the Bank of England GBP/USD spot/average methodology established for Zenith Bank (UK) Limited: flow figures at the FY2021 average rate (£1 = $1.3752), balance figures at the FY2021 year-end spot rate (£1 = $1.3521; the FY2020 year-end spot rate of £1 = $1.3661 is used only for FY2021's opening cash balance). Ratios are NOT converted - dimensionless and currency-invariant, so FY2021's ratios below are the Bank's own as-reported % figures unchanged. The FY2021 cash flow column includes an explicit 'Effect of GBP/USD translation' line so opening + flows + this line = closing exactly in $ terms; this line is a translation artefact only and has no bearing on the Bank's underlying £ results for FY2021."
gatehouse_bank_financials_xlsx,GATEHOUSE BANK FINANCIALS.xlsx,"Sources - all figures are Gatehouse Bank Plc's own Consolidated Statement of Cash Flows:
FY2025/FY2024: Annual Report and Financial Statements 2025, p.60-61 (Consolidated Statement of Cash Flows) - https://assets.gatehousebank.com/production/downloads/Gatehouse-Bank-Annual-Report-2025.pdf
FY2023/FY2022: Annual Report and Financial Statements 2023, p.64-65 (Consolidated Statement of Cash Flows) - https://gatehousebank.com/downloads/gatehouse-bank-annual-report-2023
FY2021: Annual Report and Financial Statements 2021, p.52 (Consolidated Statement of Cash Flows, own originally-published FY2021 column - see ENTITY NOTE on the later FY2022 report's restated comparative) - https://assets.gatehousebank.com/production/downloads/Gatehouse-Bank-Annual-Report-2021-FINAL-web.pdf

ENTITY NOTE: Gatehouse Bank Plc (FRN 475346, company 06260053) is a UK Shariah-compliant (Islamic) bank - 'profit paid/received' in the cash flow statement is the functional equivalent of conventional interest paid/received, and financing/advances line items are Shariah-compliant structures (Wakala, Murabaha, ijara) presented here as the standard cash flow line items they represent. Figures are the Bank's own Consolidated Statement of Cash Flows from its Companies House 'Group of companies' accounts' filings.

GENUINE MID-SERIES PRESENTATION CHANGE across 3 distinct eras, each kept on its own originally-published line items (blank cells where a line doesn't apply that year, not a gap): FY2021 (single combined profit line, no separate cash-tax-paid line); FY2022-FY2023 (profit split continuing/discontinued, 'Share in profit of associate' adjustment, cash tax paid shown separately within the operating-liabilities block); FY2024-FY2025 (adds Held-For-Sale adjustment/asset lines and an 'Intercompany payable receivable' line reflecting a disclosed business restructuring, and introduces a 'Cash generated from operations' subtotal not shown in earlier years). The 'Fair value movement in financial instruments held at FVTIS (derivative financial instruments)' caption is used TWICE within the same year's own statement - once as a non-cash P&L adjustment, once under operating-asset movements - kept as two distinct rows per the source, not a duplicate.

FY2021 RESTATEMENT: the FY2022 Annual Report's own FY2021 comparative column reclassifies several FY2021 operating/investing line items (e.g. splits continuing/discontinued profit differently, renames 'Net investment in financial assets held at FVTIS/FVTOCI' into the derivative-FVTIS captions used from FY2022 onward) versus FY2021's own originally-published Annual Report. The two vintages' Net cash flow from operating/investing activities totals differ (12,357/17,325 as originally published vs 12,643/17,039 restated) but their SUM and the overall net cash movement (28,958) are identical in both - a pure reclassification between sections, not a value correction (the same pattern seen at FCE Bank Plc in this project). FY2021's own originally-published Annual Report figures are used here, consistent with every other year using its own primary source rather than a later restated comparative.

Full opening-to-closing cash balance chain (including the separately-disclosed FX effect on cash) ties exactly across all 5 years."
gb_bank_financials_xlsx,GB BANK FINANCIALS.xlsx,"Sources - GB Bank Limited's own audited Companies House accounts (all 5 filings scanned/image-only, visually transcribed):
FY2021: Full accounts made up to 31 December 2021 (filed 6 Oct 2022), Statement of Financial Position p.21, Income Statement p.20, Statement of Changes in Equity p.22 - https://find-and-update.company-information.service.gov.uk/company/10702260/filing-history/MzM1Mzg0NjcwMWFkaXF6a2N4/document?format=pdf&download=0
FY2022: Full accounts made up to 31 December 2022 (filed 7 Oct 2023), Statement of Financial Position p.25, Statement of Comprehensive Income p.24, Statement of Changes in Equity p.26 - https://find-and-update.company-information.service.gov.uk/company/10702260/filing-history/MzM5NTYwNDEwOWFkaXF6a2N4/document?format=pdf&download=0
FY2023: Full accounts made up to 31 December 2023 (filed 9 Oct 2024), Statement of Financial Position p.26, Statement of Comprehensive Income p.25, Statement of Changes in Equity p.27, Note 11 Loans and advances to customers p.42 - https://find-and-update.company-information.service.gov.uk/company/10702260/filing-history/MzQzODI5NTI3M2FkaXF6a2N4/document?format=pdf&download=0
FY2024: Full accounts for the 9-month period to 30 September 2024 (filed 28 Mar 2025), Statement of Financial Position p.26, Statement of Comprehensive Income p.25, Statement of Changes in Equity p.27, Note 12 Loans and advances to customers p.44 - https://find-and-update.company-information.service.gov.uk/company/10702260/filing-history/MzQ2MDE5MzkwMWFkaXF6a2N4/document?format=pdf&download=0
FY2025: Full accounts for the year to 30 September 2025 (filed 6 Jan 2026), Consolidated statement of financial position p.43, Consolidated statement of comprehensive income p.42, Consolidated statement of changes in equity p.45, Note 13 Loans and advances to customers p.67-68 - https://find-and-update.company-information.service.gov.uk/company/10702260/filing-history/MzQ5Njg4NzE4MGFkaXF6a2N4/document?format=pdf&download=0

CASH FLOW BACKFILL NOTE (2026-09-03 follow-up): transcribed from each year's own Statement of Cash Flows / Consolidated statement of cash flows in the same 5 Companies House filings used for the other statement sheets (all scanned/image-only, visually transcribed) - FY2021 p.23, FY2022 p.27, FY2023 p.28, FY2024 p.28 (9-month period), FY2025 p.47 (Consolidated). PRESENTATION NOTE: the operating-activities adjustment lines change structure over time - FY2021/FY2022 use a 'Tax credit'/'Tax credit received' pair; FY2023 switches to '(increase) in net corporation tax asset'; FY2024/FY2025 switch again to separate interest income/expense adjustment lines plus memo 'Interest received'/'Interest paid' cash lines - each year's own captions are used as-is, not forced into one template. GENUINE DISCREPANCY, not force-reconciled: FY2025's own report states its opening cash balance as £420,212k, £2k below FY2024's own report's closing balance of £420,214k - both figures reproduced as disclosed. GENUINE RELABELLING, not a data error: the £29,291k line in FY2024's own report is captioned 'Proceeds from the maturity of debt securities' (used here, per project convention of using each year's own originally-published label); the FY2025 report's own FY2024 comparative column re-labels the same £29,291k figure as 'Purchase of equity investment' - a presentation reclassification in the later filing, not reproduced here. The Balance Sheet sheet's single 'Cash and cash equivalents' line only ever captures the 'Cash and balances at central banks' sub-component shown here - the 'comprise' breakdown above explains the gap to this sheet's own closing cash total for FY2022-FY2025 (FY2021 had no such split, a single 'Cash at bank and in hand' line, which does tie exactly to the Balance Sheet).

ENTITY AND REPORTING BASIS: GB Bank Limited (Companies House 10702260; PRA FRN 850286) is the matched UK legal entity. The 2022-2025 Pillar 3 reports state that the reported figures are prepared on a solo basis. The 2025 report additionally records PRA permission, backdated to 1 October 2025, for an individual-consolidation method including SilverRock Financial Services Ltd going forward; the main 30 September 2025 table remains solo and is used here. GB Bank states that it publishes Pillar 3 annually under CRR Article 433b as a small and non-complex bank. FY2024 is a shortened nine-month period ended 30 September 2024 after the accounting period end changed; FY2021-FY2023 end on 31 December and FY2025 ends 30 September. STATEMENTS BASIS: the Balance Sheet, Profit & Loss, Statement of Changes in Equity and Asset Quality sheets below are sourced from GB Bank Limited's own audited Companies House accounts (all 5 filings scanned/image-only, visually transcribed), not the Pillar 3 archive. FY2021-FY2024 are Company-only (GB Bank Limited had no subsidiaries in those years). FY2025 is a GENUINE ENTITY-BASIS CHANGE to Group-Consolidated: during the year GB Bank Limited acquired SilverRock Financial Services Ltd as a subsidiary (goodwill £5,497k recognised; Consolidated statement of cash flows shows 'Acquisition of subsidiary, net of cash acquired' £(12,753)k), and the Company took the Companies Act 2006 s.408 exemption from presenting its own individual profit and loss account - only Group P&L is published for FY2025. The Group and Company Balance Sheets differ only modestly for FY2025 (Group Total equity £110,003k vs Company Total equity £111,194k, driven by consolidation adjustments); Balance Sheet/P&L/Equity below use the GROUP basis for FY2025 for internal consistency (P&L is only available on Group basis, and the Group Balance Sheet ties exactly to the Group equity roll-forward's own closing balance). The FY2024 opening equity balance is identical under both bases (no subsidiary existed yet), so no plug row is needed at the FY2024/FY2025 boundary despite the basis change. The Company's own FY2025 profit after tax (disclosed separately) was £6,614k vs the Group's £5,424k used here."
ghana_international_bank_financials_xlsx,GHANA INTERNATIONAL BANK FINANCIALS.xlsx,"Sources - all figures are Ghana International Bank Plc's own Statement of Cash Flow, £:
FY2025 & FY2024: Annual Report and Financial Statements 2025, p.76 (Statement of Cash Flow) - https://www.ghanabank.co.uk/app/uploads/2026/04/GHIB-ANNUAL-REPORT-2025-2-page-view.pdf
FY2024 & FY2023: Annual Report and Financial Statements 2024, p.82 (Statement of cash flow) - https://www.ghanabank.co.uk/app/uploads/2025/04/GHIB-ANNUAL-REPORT-2024.pdf
FY2022 & FY2021: Annual Report and Financial Statements 2022, p.49 (Statement of cash flow) - https://www.ghanabank.co.uk/app/uploads/2023/03/GHIB-Annual-Report-and-Financial-Statements-2022-.pdf
(FY2022 report is a scanned/image-only Companies House filing with no text layer - transcribed by direct visual reading of the rendered page.)
Note: FY2023/FY2024/FY2025 statements include an additional adjustment line, 'Net interest income and other non-cash items', not present in the FY2021/FY2022 presentation - this is a genuine year-on-year presentation change by the Bank, not a missing figure; the blank cells for FY2021/FY2022 reflect that this split simply wasn't disclosed that way in those years' accounts. Section totals (net cash from operating/investing/financing activities, cash and cash equivalents) are consistent and comparable across all 5 years."
goldman_sachs_international_bank_financials_xlsx,GOLDMAN SACHS INTERNATIONAL BANK FINANCIALS.xlsx,"Sources - all figures are Goldman Sachs International Bank's own Statement of Cash Flows, converted from USD to GBP (see FX note below):
FY2025/FY2024: Annual Report for the Financial Year Ended December 31, 2025, p.23 (filed at Companies House 26 Apr 2026) - https://find-and-update.company-information.service.gov.uk/company/01122503/filing-history/MzUxNzc2NzE5OGFkaXF6a2N4/document?format=pdf&download=0
FY2023/FY2022: Annual Report for the Financial Year Ended December 31, 2023, p.23 (filed 29 Apr 2024) - https://find-and-update.company-information.service.gov.uk/company/01122503/filing-history/MzQxOTg0MjAwMGFkaXF6a2N4/document?format=pdf&download=0
FY2021: Annual Report for the Financial Period Ended December 31, 2021, p.22 (filed 9 May 2022) - https://find-and-update.company-information.service.gov.uk/company/01122503/filing-history/MzMzODY3Mzc0NGFkaXF6a2N4/document?format=pdf&download=0
Goldman Sachs International Bank (GSIB, company 01122503, FRN 124659) is a PRA-authorised UK unlimited company, wholly-owned by Goldman Sachs Group UK Limited (GSG UK) and ultimately by The Goldman Sachs Group, Inc. (US) - a DISTINCT legal entity from Goldman Sachs International (GSI, company 02263951, the UK broker-dealer, not a bank) and from Goldman Sachs Bank Europe SE. All figures are GSIB's own entity-level disclosure, converted from its reporting currency (USD) to GBP using the Bank of England's published GBP/USD spot rate (point-in-time/balance figures) or average rate over the fiscal year (flow figures) - see the FX conversion methodology note below.

FX conversion: point-in-time figures (cash balances, capital) converted at the Bank of England GBP/USD SPOT rate as at each fiscal year-end; flow figures (cash flow statement lines) converted at the AVERAGE rate over that fiscal year. Rates used (£1 = $X): 31 Dec 2020 spot 1.3661 (FY2021 opening cash only); FY2021 spot 1.3521 / average 1.3752; FY2022 spot 1.2097 / average 1.2362; FY2023 spot 1.2732 / average 1.2439; FY2024 spot 1.2515 / average 1.2782; FY2025 spot 1.3448 / average 1.3193 - same table already established for Zenith Bank UK / Credit Suisse International (identical 31 December year-end). Converting stocks and flows at different rates means the statement doesn't tie in GBP by itself - an 'Effect of GBP/USD translation' line is included, computed programmatically as the balancing figure (never hardcoded), labelled clearly as a translation artefact with no bearing on GSIB's actual USD results."
griffin_bank_financials_xlsx,GRIFFIN BANK FINANCIALS.xlsx,"Sources - all figures are Griffin Bank Limited's own Statement of Cash Flows:
FY2025: Annual Report and Financial Statements 2025, p.53-54 (Statement of cash flows) - https://cms.griffin.com/griffin-assets/Griffin_Bank_Ltd_Annual_Report_2025_edeb37eca7.pdf
FY2024: Annual Report and Financial Statements 2024, p.61 (Statement of cash flows; cross-checked against its own restated comparative in the 2025 Annual Report, p.53-54 - figures match exactly, no restatement) - https://cms.griffin.com/griffin-assets/Griffin_Bank_Ltd_Annual_Report_2024_b98c8d4c38.pdf
FY2023 (15mo): Annual Report and Financial Statements 2023, p.47 (Statement of cash flows, unaudited, 15 months ended 30 September 2023) - https://cms.griffin.com/griffin-assets/Griffin_Bank_Ltd_2023_Annual_Report_and_Financial_Statements_9c92dd2876.pdf
Griffin Bank Limited (Companies House 10842931) was renamed from Griffin Financial Technology Limited on 12 April 2023 and held only an Authorisation-with-Restrictions (mobilisation) banking licence until it obtained a full unrestricted licence on 29 February 2024. During the mobilisation period the Company also changed its financial year-end from 30 June to 30 September, so its first published period (FY2023) is a 15-month period from 1 July 2022 to 30 September 2023, not a standard 12-month year - both figures are as originally reported, not annualised. FY2023's cash flow statement is itself labelled 'Unaudited' in the source Annual Report. Only 3 Annual Reports have ever been published for this entity (FY2023/FY2024/FY2025) - no FY2021/FY2022 data exists."
guaranty_trust_bank_uk_financials_xlsx,GUARANTY TRUST BANK UK FINANCIALS.xlsx,"Sources - all figures are Guaranty Trust Bank (UK) Limited's own Statement of Cash Flows, as originally
published in each year's own Companies House-filed Annual Report and Financial Statements (not a later
year's restated comparative, except where noted):
FY2024: Annual Report for the year ended 31 Dec 2024, p.26-27 (Statement of Cash Flows) - https://find-and-update.company-information.service.gov.uk/company/05969821/filing-history/MzQ2NTE3NTM2NmFkaXF6a2N4/document?format=pdf&download=0
FY2023: as above (FY2024 Annual Report's own FY2023 comparative column, p.26-27) - https://find-and-update.company-information.service.gov.uk/company/05969821/filing-history/MzQ2NTE3NTM2NmFkaXF6a2N4/document?format=pdf&download=0
FY2022: Annual Report for the year ended 31 Dec 2022, p.25 (Statement of cash flows) - https://find-and-update.company-information.service.gov.uk/company/05969821/filing-history/MzQwNjA2NDkyOGFkaXF6a2N4/document?format=pdf&download=0
FY2021: Annual Report for the year ended 31 Dec 2021, p.24 (Statement of cash flows) - https://find-and-update.company-information.service.gov.uk/company/05969821/filing-history/MzM3MzI3NjAyMmFkaXF6a2N4/document?format=pdf&download=0

Guaranty Trust Bank (UK) Limited (FRN 466611, Companies House 05969821) is a wholly-owned UK
subsidiary of Guaranty Trust Bank Limited ('GTBank Nigeria'), itself wholly owned by Guaranty Trust
Holding Company Plc (GTCO). Unlike several other Nigerian-bank-owned UK subsidiaries in this project
(Zenith Bank UK, UBA UK, FCMB UK, FidBank UK), this entity reports in GBP throughout - no FX
conversion is required. FY2025 accounts (year ended 31 Dec 2025) had not yet been filed with
Companies House as of this build (last filing: FY2024, filed 6 May 2025); FY2025 is left blank.

DATA QUALITY NOTE - cash-equivalents basis discontinuity: the FY2022 Annual Report states that
'cash and cash equivalents for 2021 have been re-presented to include money market placements with
maturity of less than 3 months', quantifying the impact as an increase in the FY2021 opening balance
from GBP193,625,102 to GBP276,931,087 and in the FY2021 closing balance from GBP174,352,252 to
GBP290,627,822. However, neither of those 'old-basis' figures matches FY2021's own originally-filed
Annual Report, which itself shows an opening balance of GBP83,305,985 and a closing balance of
GBP116,275,570 for FY2021 - a discrepancy in the source documents themselves that could not be
traced or resolved. Per this project's convention, each year below uses its own originally-published
figures (so FY2021's closing balance will not visually chain into FY2022's opening balance); this gap
is flagged here rather than forced to reconcile, the same treatment as Arab Bank Europe's unexplained
cash-bridge gap elsewhere in this project.

Also note: FY2021's own 'Operating cash flows before movement in working capital' subtotal
(GBP(10,764,152)) is GBP360 different from the sum of its own printed component lines - an immaterial
source rounding artifact, not corrected."
gulf_international_bank_uk_financials_xlsx,GULF INTERNATIONAL BANK UK FINANCIALS.xlsx,"Sources - all figures are Gulf International Bank (UK) Limited's own Statement of Cash Flow (converted from USD to £, see FX conversion note below), transcribed from scanned/image-only Companies House filings (no text layer in any of the 4 filings):
FY2024: Annual Report and Financial Statements 2024, p.109 (Statement of Cash Flow) - https://find-and-update.company-information.service.gov.uk/company/01223938/filing-history/MzQ2MTE4ODYxN2FkaXF6a2N4/document?format=pdf&download=0
FY2023: Annual Report and Financial Statements 2023, p.71 (Statement of Cash Flow, incl. FY2022 comparative) - https://find-and-update.company-information.service.gov.uk/company/01223938/filing-history/MzQxNzM5ODc0MWFkaXF6a2N4/document?format=pdf&download=0
FY2021: Annual Report and Financial Statements 2021, p.52 (Statement of Cash Flow) - https://find-and-update.company-information.service.gov.uk/company/01223938/filing-history/MzM1NTYyODEwMGFkaXF6a2N4/document?format=pdf&download=0
FY2022's own column is sourced from the FY2023 Annual Report's comparative column (p.71 above) rather than the FY2022 Annual Report directly - both would show the same figures for FY2022 (a bank's own prior-year comparative is not normally restated absent a disclosed reason, and none is disclosed here); the FY2022 filing itself is also fully scanned - see AR2022_URL for reference: https://find-and-update.company-information.service.gov.uk/company/01223938/filing-history/MzM3NTI0MDA2MmFkaXF6a2N4/document?format=pdf&download=0.
FY2025 is blank: no FY2025 Annual Report has been filed with Companies House yet.
All 4 years' opening-to-closing cash bridges reconcile exactly in USD as originally reported; the £ conversion is exact by construction (translation-effect line computed programmatically, see FX note). FY2021/FY2023/FY2024's operating-activities line items also sum exactly (in USD) to each year's own printed subtotal. FY2022's do not: summing FY2022's own line items above gives $285,026k vs the source's own printed $287,025k subtotal - a $1,999k (~0.7%) gap within the source document's own comparative column, not traceable to a specific mis-cast line (each line was independently re-checked against the source image). Flagged rather than forced to reconcile, per this project's convention for unexplained source-side gaps.

ENTITY NOTE: Gulf International Bank (UK) Limited (""GIB UK"", FRN 124772, company 01223938) is a wholly owned subsidiary of Gulf International Bank B.S.C. (Bahrain, sovereign-backed by several Gulf Cooperation Council states), trading as ""GIB Asset Management"" (GIB AM) for its investment-management business, with a branch in New York. It prepares standalone (non-consolidated) financial statements under UK-adopted international accounting standards, exempt from producing group accounts under Companies Act 2006 s.401 and IFRS 10 (its parent's consolidated accounts are filed in Bahrain). No cash-flow exemption applies - a full Statement of Cash Flow is presented every year. FY2025 accounts had not yet been filed with Companies House and no FY2025 Pillar 3 disclosure had been published as at the time of this workbook's research (accounts for this entity have historically been filed 3-4 months after the 31 December year-end, so this is normal lag, not a gap).

FX CONVERSION NOTE: GIB UK reports in US Dollars (its functional and presentation currency per its own accounting policy note). This workbook converts every $ amount to £ for consistency with the rest of this series, following the same methodology established for Zenith Bank UK/Union Bank of India UK/Credit Suisse International: point-in-time/balance figures (capital, RWA, leverage exposure, HQLA/stable-funding amounts, cash balances) use the Bank of England GBP/USD SPOT rate as at that fiscal year-end; flow figures (every cash flow statement line item) use the AVERAGE of Bank of England rates over that calendar year. Rates used (£1 = $X, reused from this project's existing FX rate table): 31 Dec 2020 spot 1.3661 (FY2021 opening cash only); FY2021 spot 1.3521 / average 1.3752; FY2022 spot 1.2097 / average 1.2362; FY2023 spot 1.2732 / average 1.2439; FY2024 spot 1.2515 / average 1.2782. All % ratios are shown exactly as reported in USD and were NOT converted - a ratio is dimensionless and currency-invariant. Because stocks and flows are converted at different rates, the cash flow statement includes an explicit 'Effect of GBP/USD translation' reconciling line, computed programmatically so it can never drift out of sync with the rates above, so that opening + all flows + this line = closing exactly in £ terms - this line is purely an artefact of £ translation and has no bearing on the Bank's underlying USD results. This conversion was not explicitly requested for this bank - applied for consistency with the rest of the series; flag if £'000 rather than the Bank's native US$'000 presentation is not what's wanted here."
habib_bank_zurich_financials_xlsx,HABIB BANK ZURICH FINANCIALS.xlsx,"Sources - Habib Bank Zurich Plc's own Cash Flow Statement, from each year's Companies House-filed Annual Report and Financial Statements (company 08864609):
FY2025 & FY2024: Annual Report and Financial Statements for the year ended 31 December 2025, Cash Flow Statement, p.59 - https://find-and-update.company-information.service.gov.uk/company/08864609/filing-history/MzUyNTkxNzE0NGFkaXF6a2N4/document?format=pdf&download=0
FY2023: Annual Report and Financial Statements for the year ended 31 December 2023, Cash Flow Statement, p.58 (FY2023's own originally-published figures used; not the FY2022 comparative shown here - see note below) - https://find-and-update.company-information.service.gov.uk/company/08864609/filing-history/MzQxOTMzMTc3MGFkaXF6a2N4/document?format=pdf&download=0
FY2022: Annual Report and Financial Statements for the year ended 31 December 2022, Cash Flow Statement, p.54 (FY2022's own originally-published figures used) - https://find-and-update.company-information.service.gov.uk/company/08864609/filing-history/MzM4MjUzMDg5N2FkaXF6a2N4/document?format=pdf&download=0
FY2021: Annual Report and Financial Statements for the year ended 31 December 2021, Cash Flow Statement, p.52 - https://find-and-update.company-information.service.gov.uk/company/08864609/filing-history/MzM0MjYxMTQxOWFkaXF6a2N4/document?format=pdf&download=0
DATA NOTE - FY2022/FY2023 opening-vs-closing cash gap (£14,806k): the FY2022 Annual Report's own originally-published cash flow statement (p.54) shows FY2022 closing cash of £96,506k, driven by a 'Due to banks' operating-liability movement of £22,119k and 'Accruals, deferred income and other liabilities' of £4,453k. The FY2023 Annual Report's FY2022 comparative (p.58) restates these to £36,925k and £3,429k respectively (a £14,806k net reclassification, with a matching £1,024k offset between 'Accruals' and 'Loans and advances to customers'), producing a restated FY2022 closing cash of £111,312k that reconciles onto FY2023's own opening balance. Per this project's convention, each year keeps its own originally-published figures (FY2022 = FY2022 AR's figures throughout) rather than a later restated comparative, so the FY2022-to-FY2023 opening/closing bridge does not tie by £14,806k - this is a traced, disclosed reclassification, not an error."
hampden_co_financials_xlsx,HAMPDEN & CO FINANCIALS.xlsx,"Sources - all figures are Hampden & Co Plc's own Statement of Cash Flows, as filed with Companies House:
FY2025: Hampden Bank Annual Report and Financial Statements 2025, p.49 (Statement of cash flows) - https://cdn.craft.cloud/019db931-b985-7148-ac09-8f1d1e20d1a6/assets/content/hampden/content/Hampden_Bank_Annual_Report_2025_2026-06-09-100801_cggc.pdf
FY2024: Hampden Bank Annual Report and Financial Statements 2024, p.51 (Statement of cash flows) - https://cdn.craft.cloud/019db931-b985-7148-ac09-8f1d1e20d1a6/assets/content/hampden/content/Hampden-Bank-Annual-Report-and-Financial-Statements-2024.pdf
FY2023: Hampden & Co Plc Annual Report and Financial Statements 2023, p.44 (Statement of cash flows) - https://cdn.craft.cloud/019db931-b985-7148-ac09-8f1d1e20d1a6/assets/content/hampden/content/Hampden-Co-Annual-Report-and-Financial-Statements-2023.pdf
FY2022: Hampden & Co Plc Annual Report and Financial Statements 2022, p.45 (Statement of cash flows) - https://cdn.craft.cloud/019db931-b985-7148-ac09-8f1d1e20d1a6/assets/content/hampden/content/Hampden-Co-2022-Annual-Report-and-Financial-Statements.pdf
FY2021: Hampden & Co Plc Annual Report and Financial Statements 2021, p.56 (Statement of cash flows) - https://cdn.craft.cloud/019db931-b985-7148-ac09-8f1d1e20d1a6/assets/content/hampden/content/Hampden-Co-Annual-Report-2021.pdf
Hampden & Co Plc (Companies House SC386922, FRN 606934) is a small Edinburgh-based private/relationship banking group; it began trading as 'Hampden Bank' during 2025/2026 but the legal entity name and company number are unchanged - confirmed via the entity's own 'about us' page. The cash flow statement's presentation structure genuinely changes mid-series: FY2021-FY2022 present operating activities as a single reconciliation block; FY2023 onward split it into a 'Cash generated from operations' subtotal followed by a separate 'Changes in operating assets and liabilities' block and a final operating subtotal (with 'Tax paid' appearing as its own line from FY2024). Each year is kept on its own as-disclosed structure rather than forced into a single row set. All comparative-year figures cross-checked against each year's own originally-published report - no restatements found anywhere in the 5-year window."
hampshire_trust_bank_financials_xlsx,HAMPSHIRE TRUST BANK FINANCIALS.xlsx,"Sources - Hampshire Trust Bank Plc's own Consolidated and Bank Statement of Cash Flows (Bank column):
FY2025: Group Annual Report and Accounts 2025 (Companies House, filed 13 May 2026), p.64-65 - https://find-and-update.company-information.service.gov.uk/company/01311315/filing-history/MzUyMTMxMjk3OWFkaXF6a2N4/document?format=pdf&download=0
  (operating-activities section from HTB's own website copy of the same report, p.32 - https://www.htb.co.uk/htbcontent/uploads/2026/04/HTB_Annual_Report_2025.pdf)
FY2024: Annual Report and Accounts for the year ended 31 December 2024 (Companies House, filed 13 May 2025), p.74-75 - https://find-and-update.company-information.service.gov.uk/company/01311315/filing-history/MzQ2NTc0NTU3N2FkaXF6a2N4/document?format=pdf&download=0
FY2023: Annual Report and Accounts for the year ended 31 December 2023 (Companies House, filed 11 Jun 2024), p.74-75 (FY2023 comparative column) - https://find-and-update.company-information.service.gov.uk/company/01311315/filing-history/MzQyNDU2MzAzMmFkaXF6a2N4/document?format=pdf&download=0
FY2022: Annual Report and Accounts for the year ended 31 December 2022 (Companies House, filed 07 Aug 2023), p.61-62 - https://find-and-update.company-information.service.gov.uk/company/01311315/filing-history/MzM4ODU3ODUzOWFkaXF6a2N4/document?format=pdf&download=0
FY2021: Annual Report and Accounts for the year ended 31 December 2021 (Companies House, filed 14 Jun 2022), p.54, Statement of Cash flows - https://find-and-update.company-information.service.gov.uk/company/01311315/filing-history/MzM0MjI1MzEyMmFkaXF6a2N4/document?format=pdf&download=0
All Cash Flow Statement figures use the Bank (parent-entity, non-consolidated) column, matching the entity-level basis of the Pillar 3 disclosures below. HTB's FY2021 Annual Report predates any Group consolidation (its first subsidiary was acquired during FY2022, see the Investing Activities section), so FY2021 presents a single unified Company statement rather than separate Group/Bank columns - that single column is used here. The FY2025 Companies House filing (the source used for every other year) is missing page 64 of its own PDF (the Statement of Cash Flows' operating-activities page - printed page numbers jump 63 to 65 with no page 64 present in the scan); the operating-activities detail for FY2025 was instead sourced from the identical statement in HTB's own website copy of the same Annual Report, which is text-native and paginates differently. Every other line item and every other year comes from the Companies House filings."
handelsbanken_financials_xlsx,HANDELSBANKEN FINANCIALS.xlsx,"Sources - all figures are Handelsbanken plc UK Group consolidated cash flow statement, £'000:
FY2025 & FY2024: Annual Report and Financial Statements 2025, p.83 (Consolidated cash flow statement, UK Group) - https://www.handelsbanken.co.uk/tron/gbpu/info/contents/v1/document/52-278301
FY2023: Annual Report 2023, p.87 (Cash flow statement, UK Group) - https://www.handelsbanken.co.uk/tron/gbpu/info/contents/v1/document/52-223741
FY2022: Annual Report 2022, p.90 (Consolidated cash flow statement, UK Group) - https://www.handelsbanken.co.uk/tron/gbpu/info/contents/v1/document/52-175531
FY2021: Annual Report 2022, p.90 (2021 comparative column, UK Group, restated) - https://www.handelsbanken.co.uk/tron/gbpu/info/contents/v1/document/52-175531

ENTITY NOTE: Handelsbanken plc (company number 11305395, FRN 806852) was incorporated 11 April 2018 as the UK-incorporated subsidiary that Handelsbanken's (Svenska Handelsbanken AB) UK business restructured into from a branch. Because of that youth, FY2021 (its third full year) is the earliest year for which the annual report distinguishes a consolidated 'UK Group' cash flow statement from the standalone parent-only 'Bank' one - the FY2021 Annual Report itself presents only a single, undifferentiated 'Cash Flow Statement' (i.e. Bank and Group were not yet reported separately). To keep this sheet on a consistent Group/consolidated basis throughout, FY2021 cash flow figures below are the Group-restated comparative column as re-presented in the FY2022 Annual Report (which differs modestly, line by line, from the FY2021 report's own originally-reported figures - net cash flow totals below are internally consistent with this restated basis).

PRESENTATION NOTE: line items shift modestly across vintages (e.g. 'Acquisition of right of use asset' moved from the Investing section in the FY2021 report to an Operating-activities adjustment from FY2022 onward; an 'Accrued interest' line appears only in the FY2025 report). Blank cells indicate that year's statement did not show that specific line. Operating/investing/financing subtotals and the net cash movement for the year are internally consistent and reconcile exactly in every year shown; the opening-plus-movement-plus-FX bridge to the closing cash balance is exact for FY2021-FY2024, and within an immaterial £13k rounding difference (on a balance of £7.76bn) for FY2025, as published."
havin_bank_financials_xlsx,HAVIN BANK FINANCIALS.xlsx,"Sources - Havin Bank Limited's own Statement of Cash Flows (face of statement, each year's own primary presentation, not a later restated comparative) from its Companies House-filed Annual Report and Financial Statements:
FY2025: Annual Report FY2025, p.22 - https://find-and-update.company-information.service.gov.uk/company/01074897/filing-history/MzUzNzM1MjkyOGFkaXF6a2N4/document?format=pdf&download=0
FY2024: Annual Report FY2024, p.21 - https://find-and-update.company-information.service.gov.uk/company/01074897/filing-history/MzQ4Mzc3NzE0NWFkaXF6a2N4/document?format=pdf&download=0
FY2023: Annual Report FY2024, p.21 (FY2023 comparative column; FY2023's own report was not independently re-verified for this line since the FY2024 comparative is consistent with the FY2022 report's own FY2022 closing balance) - https://find-and-update.company-information.service.gov.uk/company/01074897/filing-history/MzQ4Mzc3NzE0NWFkaXF6a2N4/document?format=pdf&download=0
FY2022: Annual Report FY2022, p.27 - https://find-and-update.company-information.service.gov.uk/company/01074897/filing-history/MzQyNDMxMDM1M2FkaXF6a2N4/document?format=pdf&download=0
FY2021: Annual Report FY2021, p.21 - https://find-and-update.company-information.service.gov.uk/company/01074897/filing-history/MzM2MTYzNTYxM2FkaXF6a2N4/document?format=pdf&download=0

Havin Bank Limited (Companies House 01074897, formerly Havana International Bank Limited) is a UK-incorporated bank whose majority and ultimate controlling shareholder is Banco Central de Cuba (95.6%), with Banco Popular de Ahorro and Banco de Credito y Comercio (2.2% each) also Cuban state banks. All 5 Companies House filings used are scanned/image-only (0 extractable text) - transcribed via page-image rendering. PRESENTATION NOTE: cash and cash equivalents were redefined starting with the FY2022 Annual Report to include loans and advances to banks with a maturity up to 3 months (previously excluded); FY2022's own report states this restates FY2021's closing balance from GBP43,634,527 to GBP98,668,182 for comparability, but each year here is shown on its own originally-published basis per this project's convention, so FY2021's closing balance does NOT tie to FY2022's opening balance - this is a genuine, documented source-driven discontinuity, not a transcription error. A second presentational point: 'Interest paid' sits under Financing activities in every year's own original presentation (FY2021-FY2024); the FY2025 Annual Report reclassified it into the Operating activities note for FY2025 only (explicitly stated to have no impact on net cash movement), so FY2025's own Financing section only shows Dividends paid. FY2021's own Statement of Cash Flows title differs slightly across years but is the Bank's own primary statement throughout. FY2025's own Note 25 discloses two 2026 US Executive Orders (14380, 14404) expanding sanctions pressure on Cuba, flagged as a post balance sheet event potentially affecting the Bank's future business - not reflected in these historical figures."
hbl_bank_uk_financials_xlsx,HBL BANK UK FINANCIALS.xlsx,"Sources - HBL Bank UK Limited's own Cash Flow Statement, from each year's Companies House-filed Annual Report and Financial Statements (company 01719649), scanned/image-only filings transcribed via page-image rendering:
FY2025: Annual Report and Financial Statements for the year ended 31 December 2025, Cash Flow Statement p.38 - https://find-and-update.company-information.service.gov.uk/company/01719649/filing-history/MzUxODk2NjE4MWFkaXF6a2N4/document?format=pdf&download=0
FY2024: Annual Report and Financial Statements for the year ended 31 December 2024, Cash Flow Statement p.38 (FY2024's own originally-published figures used) - https://find-and-update.company-information.service.gov.uk/company/01719649/filing-history/MzQ2NzY3NzI2OWFkaXF6a2N4/document?format=pdf&download=0
FY2023: Annual Report and Financial Statements for the year ended 31 December 2023, Cash Flow Statement p.40 (FY2023's own originally-published figures used) - https://find-and-update.company-information.service.gov.uk/company/01719649/filing-history/MzQzNjc2MDc4MWFkaXF6a2N4/document?format=pdf&download=0
FY2022: Annual Report and Financial Statements for the year ended 31 December 2022, Cash Flow Statement p.41 (FY2022's own originally-published figures used) - https://find-and-update.company-information.service.gov.uk/company/01719649/filing-history/MzM4OTg0MTU0M2FkaXF6a2N4/document?format=pdf&download=0
FY2021: FY2021 comparative column of the FY2022 Annual Report's Cash Flow Statement p.41 (FY2021's own Annual Report has no Cash Flow Statement at all - see note below) - https://find-and-update.company-information.service.gov.uk/company/01719649/filing-history/MzM4OTg0MTU0M2FkaXF6a2N4/document?format=pdf&download=0
DATA NOTE - FY2021 has no primary Cash Flow Statement in its own Annual Report: the FY2021 Annual Report and Financial Statements (filed with Companies House 25 Oct 2022) contains an Income Statement, Statement of Comprehensive Income, Statement of Financial Position, and Statement of Changes in Equity, but genuinely omits a Cash Flow Statement entirely - confirmed by a full page-by-page review of all 58 pages (Notes to the Financial Statements run straight from the Statement of Changes in Equity at p.37 to Note 1 at p.38, ending at Note 30 'Event after balance sheet date' at p.57, with no Cash Flow Statement or cash-and-cash-equivalents note anywhere in between). FY2021's cash flow figures used here are therefore sourced from the FY2022 Annual Report's own FY2021 comparative column instead - the only place these figures are published - not a later restatement of an original that never existed.
DATA NOTE - FY2024's leverage exposure/ratio differs between reports: the FY2024 Annual Report is not itself a cash-flow source, but the same pattern recurs in Pillar 3 (see p3_sources() below) - each year's own originally-published figures are used throughout, consistent with this project's convention."
hsbc_bank_plc_financials_xlsx,HSBC BANK PLC FINANCIALS.xlsx,"Sources - all figures are HSBC Bank plc's own Consolidated Statement of Cash Flows, £m, from each year's own Annual Report and Accounts (each year's own originally-published figures, not a later restated comparative):
FY2025: HSBC Bank plc Annual Report and Accounts 2025, p.95 (Consolidated statement of cash flows) - https://www.hsbc.com/-/files/hsbc/investors/hsbc-results/2025/annual/pdfs/hsbc-bank-plc/260225-annual-report-and-accounts-2025.pdf
FY2024: HSBC Bank plc Annual Report and Accounts 2024, p.121 (Consolidated statement of cash flows) - https://www.hsbc.com/-/files/hsbc/investors/hsbc-results/2024/annual/pdfs/hsbc-bank-plc/250219-annual-report-and-accounts-2024.pdf
FY2023: HSBC Bank plc Annual Report and Accounts 2023, p.112-113 (Consolidated statement of cash flows) - https://www.hsbc.com/-/files/hsbc/investors/hsbc-results/2023/annual/pdfs/hsbc-bank-plc/240221-annual-report-and-accounts-2023.pdf
FY2022: HSBC Bank plc Annual Report and Accounts 2022, p.117 (Consolidated statement of cash flows) - https://www.hsbc.com/-/files/hsbc/investors/hsbc-results/2022/annual/pdfs/hsbc-bank-plc/230221-annual-report-and-accounts-2022.pdf
FY2021: HSBC Bank plc Annual Report and Accounts 2021, p.111 (Consolidated statement of cash flows) - https://www.hsbc.com/-/files/hsbc/investors/hsbc-results/2021/annual/pdfs/hsbc-bank-plc/220222-annual-report-and-accounts-2021.pdf

CASH FLOW NOTE: figures are £m (this is one of the largest entities in this project by balance sheet size; £'000 would be unwieldy). The full opening-to-closing cash chain reconciles exactly year-to-year using each year's own originally-published figures (FY2021 closing £140,923m = FY2022 opening; FY2022 closing £189,907m = FY2023 opening; FY2023 closing £177,037m = FY2024 opening; FY2024 closing £162,928m = FY2025 opening) despite the IFRS 17 restatement below only affecting the 'Profit/(loss) before tax' and adjustment-line presentation for FY2022, not the underlying cash totals. One row's label was corrected between reports for the same figure: FY2022's own Annual Report labelled the £628m financing line 'redemption of preference shares and other equity instruments' (a positive value, inconsistent with 'redemption'), which the FY2023 Annual Report's FY2022 comparative column relabels 'issue of ordinary share capital and other equity instruments' - matching the £628m 'Capital securities issued during the period' shown in FY2022's own statement of changes in equity. The corrected label and FY2022's own originally-published £628m value are both used here.

ENTITY NOTE: HSBC Bank plc (Companies House 00014259, FRN 114216) is HSBC's legacy UK/international non-ring-fenced banking entity - confirmed distinct from HSBC UK Bank plc (FRN 765112, the ring-fenced retail bank created 2018 under UK ring-fencing reform, not attempted in this project as of this build), HSBC Holdings plc (the ultimate listed parent, out of scope), and HSBC Innovation Bank Limited (FRN 543146, the former Silicon Valley Bank UK, built separately in this same batch - see 'HSBC INNOVATION BANK FINANCIALS.xlsx'). All figures below are HSBC Bank plc's own entity-level Consolidated (i.e. HSBC Bank plc and its own subsidiaries, not the wider HSBC Holdings plc Group) statements, sourced directly from HSBC Bank plc's own Annual Report and Accounts and Pillar 3 Disclosures, published on hsbc.com's investor-relations 'Subsidiaries' reporting archive (a company-house style lookup was blocked at the DNS level in this session; hsbc.com itself was fully reachable). Both a 2023 IFRS 17 'Insurance Contracts' adoption and a late-2022 change to how non-financial-institution subsidiary investments are measured triggered real, source-disclosed restatements of prior-year comparatives - per this project's convention, every year below uses that year's own originally-published figures, not a later restated comparative; both restatements are individually noted where they bite."
hsbc_innovation_bank_financials_xlsx,HSBC INNOVATION BANK FINANCIALS.xlsx,"Sources - HSBC Innovation Bank Limited's own Statement of Cash Flows, from each year's own Companies House-filed Annual Report and Accounts (find-and-update.company-information.service.gov.uk, company 12546585):
FY2025: Annual Report and Accounts 2025, p.26 (Statement of Cash Flows), filed 23 Jun 2026.
FY2024: Annual Report and Accounts 2024, p.26 (Statement of Cash Flows), filed 08 Sep 2025 - matches FY2025 AR's FY2024 comparative exactly, no restatement.
FY2023: Annual Report and Accounts 2023, p.37 (Statement of Cash Flows), filed 16 May 2024 - matches FY2024 AR's FY2023 comparative exactly, no restatement.
FY2022: Annual Report and Accounts 2022 (filed as 'HSBC Innovation Bank Limited', formerly Silicon Valley Bank UK Limited), p.41 (Statement of Cash Flows), filed 19 Oct 2023 - matches FY2023 AR's FY2022 comparative exactly, no restatement. Includes GBP3,946,893k 'Cash transferred on business acquisition' reflecting the 31 Jul 2022 Part VII transfer of Silicon Valley Bank UK Branch's business into this entity.
FY2021: not applicable - see entity-history note below. SVBUK Limited's own FY2021 accounts ('Accounts for a small company', filed 7 Sep 2022) applied FRS 101's Reduced Disclosure Framework and published no cash flow statement; the entity was a pre-authorisation dormant/near-dormant shell that year with no banking operations.

ENTITY HISTORY: HSBC Innovation Bank Limited (company 12546585) was incorporated in April 2020 as SVBUK Limited, a dormant shell company seeking UK bank authorisation. It had no banking operations in FY2021 (loss of GBP477k, funded by a loan from Silicon Valley Bank's UK Branch purely to pay non-executive director fees) and, being a small company under FRS 101's Reduced Disclosure Framework that year, published no cash flow statement or Pillar 3 disclosure at all - FY2021 is left blank here rather than guessed. The actual banking business (Silicon Valley Bank UK Branch) was transferred into this entity via a court-based Part VII transfer on 31 July 2022, at which point it began operating and reporting as a real bank (renamed Silicon Valley Bank UK Limited in July 2022). On 10-13 March 2023, the entity's former US parent (SVB Financial Group) collapsed after a bank run, triggering a severe liquidity stress event at this UK entity despite its balance sheet being legally standalone from SVB US; the Bank of England used its Special Resolution Regime powers on 13 March 2023 to sell the entity to HSBC UK Bank plc for GBP1 and separately cancelled GBP322m of AT1 debt previously issued to SVB US. The entity was renamed HSBC Innovation Bank Limited in June 2023 and has since been integrated into the HSBC UK Domestic Liquidity Sub-group (DoLSub)."
hsbc_uk_bank_plc_financials_xlsx,HSBC UK BANK PLC FINANCIALS.xlsx,"Sources - all figures are HSBC UK Bank plc's own Consolidated statement of cash flows, £m, from each year's own Annual Report and Accounts:
FY2025 & FY2024: HSBC UK Bank plc Annual Report and Accounts 2025, p.79 (Consolidated statement of cash flows) - https://www.hsbc.com/-/files/hsbc/investors/hsbc-results/2025/annual/pdfs/hsbc-uk-bank-plc/260225-annual-report-and-accounts-2025.pdf
FY2023 & FY2022: HSBC UK Bank plc Annual Report and Accounts 2023, p.81 (Consolidated statement of cash flows) - https://www.hsbc.com/-/files/hsbc/investors/hsbc-results/2023/annual/pdfs/hsbc-uk-bank-plc/240221-annual-report-and-accounts-2023.pdf
FY2021: HSBC UK Bank plc Annual Report and Accounts 2021, p.75 (Consolidated statement of cash flows) - https://www.hsbc.com/-/files/hsbc/investors/hsbc-results/2021/annual/pdfs/hsbc-uk-bank-plc/220222-annual-report-and-accounts-2021.pdf

CASH FLOW NOTE: figures are £m. Presentation granularity changed across report vintages: FY2025/FY2024 and FY2023/FY2022 both itemise 'Purchase of property, plant and equipment' / 'Proceeds from sale of property, plant and equipment' as separate lines, while FY2021's own report combines them into a single 'Net cash flows from the purchase and sale of property, plant and equipment' line; similarly FY2025/2024 itemise 'Purchase of intangible assets' / 'Proceeds from sale of intangible assets' separately, FY2023/2022 report only a net purchase line, and FY2021 combines both into 'Net investment in intangible assets'. FY2023/FY2022 include two SVB UK-acquisition-specific lines (HSBC UK Bank plc acquired Silicon Valley Bank UK in March 2023) not present in other years. FY2025 introduces two new financing lines ('Issue of ordinary share capital and other equity instruments', 'Repayment of other equity instruments to non-controlling interests') not present in earlier years. Blank cells indicate that year's own report did not disclose that specific line; section totals (net cash from operating/investing/financing activities, cash and cash equivalents) are consistent and comparable across all 5 years.

ENTITY NOTE: HSBC UK Bank plc (Companies House 09928412, FRN 765112) is the ring-fenced retail/SME banking entity created in 2018 under UK ring-fencing reform - confirmed distinct from HSBC Bank plc (FRN 114216, the legacy non-ring-fenced entity, built separately in WF-012) and HSBC Innovation Bank Limited (FRN 543146, the former Silicon Valley Bank UK, also built in WF-012). All figures below are HSBC UK Bank plc's own entity-level Consolidated statements, sourced directly from HSBC UK Bank plc's own Annual Report and Accounts and Pillar 3 Disclosures on hsbc.com's investor-relations subsidiaries reporting archive."
icbc_london_plc_financials_xlsx,ICBC (LONDON) PLC FINANCIALS.xlsx,"Sources — all figures are ICBC (London) plc Statement of Cash Flows, $'000:
FY2025 & FY2024: ICBC (London) plc Annual Report and Financial Statements 2025, p.27 (Statement of Cash Flows) — https://v.icbc.com.cn/userfiles/Resources/ICBC/haiwai/ICBCLondon/download/2025/ICBCReport2025.pdf
FY2024 comparative cross-checked against ICBC (London) plc Annual Report 2024, p.29 (Statement of Cash flows) — https://v.icbc.com.cn/userfiles/Resources/ICBC/haiwai/ICBCLondon/download/2024/ICBCReport2024.pdf
FY2023: ICBC (London) plc Annual Report and Financial Statements 2023 (Companies House filing, full accounts), p.30 (Statement of Cash flows) — https://find-and-update.company-information.service.gov.uk/company/04552753/filing-history/MzQyNDQ0NTU5OWFkaXF6a2N4/document?format=pdf&download=0
FY2022: ICBC (London) plc Annual Report and Financial Statements 2022 (Companies House filing, full accounts), p.28 (Statement of Cash flows) — https://find-and-update.company-information.service.gov.uk/company/04552753/filing-history/MzM4MTkxOTA4OGFkaXF6a2N4/document?format=pdf&download=0
FY2021: ICBC (London) plc Annual Report and Financial Statements 2021 (Companies House filing, full accounts), p.30 (Statement of Cash flows) — https://find-and-update.company-information.service.gov.uk/company/04552753/filing-history/MzM0MDgwMDM4MGFkaXF6a2N4/document?format=pdf&download=0
Note: the FY2021-2023 Companies House filings are scanned (image-only) documents; those years' figures were transcribed from page renders. All five years cross-reconcile exactly year-on-year (each year's closing cash and cash equivalents equals the following year's opening balance). 'Gain on sale of financial investments at FVOCI' was not a separate line in the FY2022/FY2023 statements (folded into the exchange gain/amortisation line); blank cells indicate that year's statement did not disclose that specific line. The source document's own labels ('Net decrease in cash and cash equivalents', 'Net cash used in operating activities') are reproduced verbatim even in years where the reported figure is positive."
icbc_standard_bank_plc_financials_xlsx,ICBC STANDARD BANK PLC FINANCIALS.xlsx,"Sources — all figures are ICBC Standard Bank Plc consolidated (Group) statement of cash flows, $m:
FY2025 & FY2024: ICBC Standard Bank Consolidated Annual Report 2025, p.68 (Consolidated Statement of Cash Flows) — https://v.icbc.com.cn/userfiles/resources/icbc/haiwai/standardbank/download/2023/consolidatedannualreport2025.pdf
FY2023 & FY2022: ICBC Standard Bank Consolidated Annual Report 2023, p.65 (11. Consolidated statement of cash flows) — https://v.icbc.com.cn/userfiles/resources/icbc/haiwai/standardbank/download/2023/2023annualreportyasuo.pdf
FY2021: ICBC Standard Bank Consolidated Annual Report 2021, p.65 (10. Consolidated statement of cash flows) — https://v.icbc.com.cn/userfiles/Resources/ICBC/haiwai/StandardBank/Download/2022/Consolidated_Annual_Report_2021.pdf
Note: presentation granularity changed across report vintages. FY2025/FY2024 report a single 'Non-cash items included in profit before tax' adjustment and disclose interest received/paid only in a footnote; FY2023/FY2022 separately reconcile 'Net interest income' and show 'Interest received'/'Interest paid' as distinct lines within operating activities; FY2021 additionally itemises several one-off non-cash adjustments (equity-settled share-based payments, impairments, restructuring/commodity-inventory provisions) not repeated in later years. Blank cells indicate that year's report did not disclose that specific line; all section totals (cash flows from operating/investing/financing activities, and cash and cash equivalents at start/end of year) reconcile exactly year-on-year across all 5 years."
icici_bank_uk_financials_xlsx,ICICI BANK UK FINANCIALS.xlsx,"Sources - ICICI Bank UK Plc Basel III Pillar 3 disclosures, UK KM1 Key Metrics template (standalone Bank basis, USD million):
FY2025: official ICICI Bank UK Pillar 3 disclosure, pp.7–8 - https://www.icicibank.co.uk/content/dam/icicibank/icici-assets/uk/basel-pillar-3-disclosures-FY2024-25.pdf
FY2024: official ICICI Bank UK Pillar 3 disclosure, pp.7–8 - https://www.icicibank.co.uk/content/dam/icicibank/india/managed-assets/docs/pdf/basel-pillar-3-disclosures-FY2023-24.pdf
FY2023: official ICICI Bank UK Pillar 3 disclosure, pp.7–8 - https://www.icicibank.co.uk/content/dam/icicibank/icici-assets/uk/icici-bank-uk-plc-pillar-3-disclosures-FY2022-23.pdf
FY2022: official ICICI Bank UK Pillar 3 disclosure, pp.7–8 - https://www.icicibank.co.uk/content/dam/icicibank/icici-assets/uk/ICICI-Bank-UK-Plc-Pillar3-disclosures-FY2021-22.pdf
FY2021: 31 March 2021 comparative in the official ICICI Bank UK Pillar 3 disclosure, pp.7–8 - https://www.icicibank.co.uk/content/dam/icicibank/icici-assets/uk/ICICI-Bank-UK-Plc-Pillar3-disclosures-FY2021-22.pdf
ENTITY NOTE: ICICI Bank UK Plc (Companies House 04663024, FRN 223268, LEI 2138002XB6T14IGKGU43) is the UK-incorporated PRA-authorised bank entity. Companies House confirms it is an active public limited company, incorporated 11 February 2003, with accounts filed through 31 March 2025. The official Basel disclosures identify the reporting entity as ICICI Bank UK PLC and present the UK KM1 data on a standalone Bank basis in USD millions. No parent-group figures have been substituted."
ifast_global_bank_limited_financials_xlsx,IFAST GLOBAL BANK LIMITED FINANCIALS.xlsx,"Sources — iFAST Global Bank Limited (company no. 04797759, formerly BFC Bank Limited until 31 March 2022) standalone Statement of cash flows, £'000:
FY2025 & FY2024: iFAST Global Bank Ltd. Annual Report 2025, p.36 (Statement of cash flows) — https://static.ifastgb.com/investor-relations/iFAST%20Global%20Bank%20Ltd.%20Annual%20Report%202025.pdf
FY2022: iFAST Global Bank Ltd. Annual Report 2023, p.36 (Statement of cash flows, FY2022 comparative column, as originally reported) — https://www.ifastgb.com/assets/static-file/investor-relations/iFAST%20Global%20Bank%20Ltd.%20Annual%20Report%202023.pdf
FY2023: iFAST Global Bank Ltd. Annual Report 2023, p.36 (Statement of cash flows, as originally reported) — https://www.ifastgb.com/assets/static-file/investor-relations/iFAST%20Global%20Bank%20Ltd.%20Annual%20Report%202023.pdf
FY2021: iFAST Global Bank Ltd. Annual Report 2021, p.32 (Statement of cash flows) — https://www.ifastgb.com/assets/static-file/investor-relations/iFAST%20Global%20Bank%20Ltd.%20Annual%20Report%202021.pdf
Note: FY2023 cash and cash equivalents were subsequently restated in the FY2024 Annual Report (https://static.ifastgb.com/investor-relations/iFAST%20Global%20Bank%20Ltd.%20Annual%20Report%202024.pdf) — originally reported closing balance £181,658k, restated to £205,582k — due to Money Market Funds being reclassified from 'Debt instruments at FVPL' to cash and cash equivalents. This workbook uses the FY2023 figures as originally reported in the FY2023 Annual Report, so the FY2023 closing balance shown here will not tie to the FY2024 column's opening balance; this is a genuine disclosed restatement, not a transcription error. Line-item granularity also changes across vintages (e.g. FY2025/FY2024 itemise 'Increase in loans to customers' and 'Profit on sale of bonds' separately; FY2023/FY2022 itemise 'Purchase of assets at fair value through profit and loss'; FY2021 itemises 'Interest received'/'Interest paid' separately) — section totals are consistent and comparable across all 5 years."
investec_bank_plc_financials_xlsx,INVESTEC BANK PLC FINANCIALS.xlsx,"Sources — all figures are Investec Bank plc Group consolidated cash flow statement, £'000:
FY2026 & FY2025: Investec Bank plc Annual Financial Statements 2026, p.127 (Cash flow statements) — https://find-and-update.company-information.service.gov.uk/company/00489604/filing-history/MzUzMDk3ODM1OWFkaXF6a2N4/document?format=pdf&download=0
FY2024: Investec Bank plc Annual Financial Statements 2025, p.123 (Cash flow statements) — https://find-and-update.company-information.service.gov.uk/company/00489604/filing-history/MzQ3NDQ1NjE4M2FkaXF6a2N4/document?format=pdf&download=0
FY2023 & FY2022: Investec Bank plc Annual Financial Statements 2023, p.123 (Cash flow statements) — https://find-and-update.company-information.service.gov.uk/company/00489604/filing-history/MzM5NTY4ODE2OWFkaXF6a2N4/document?format=pdf&download=0
Note: these are Companies House filing copies (scanned/image-only PDFs — no text layer; transcribed via page-render + manual reading). Investec's own investor-relations site returned HTTP 403 to automated fetches throughout, and no Wayback Machine snapshot of the relevant IR pages was found, so Companies House was the only available source this session. Presentation granularity changed across report vintages: FY2026 itemises 'acquisition of associates and joint venture holdings' / 'disposal of associate' as separate investing lines (FY2023-FY2022 net these into a single 'net disposal/(acquisition) of associates and joint venture holdings' line); FY2026 financing activities are funded via subordinated debt issuance/redemption where FY2025/FY2024 used Additional Tier 1 Securities issuance/redemption instead. Blank cells indicate that year's report did not disclose that specific line; where a value was disclosed as nil ('—') it is shown as 0. Section totals (net cash from operating/investing/financing activities, cash and cash equivalents) are consistent and reconcile exactly year-to-year across all 5 years (each year's opening cash balance ties to the prior year's closing balance)."
itau_bba_international_financials_xlsx,ITAU BBA INTERNATIONAL FINANCIALS.xlsx,"Sources — all figures are Itau BBA International plc (""IBBAInt""/""the Bank"") solo-entity (Bank, not Group) Statement of Cash Flows, USD'000:
FY2025 & FY2024: 2025 Annual Report, p.65 (Statements of Cash Flows) — https://find-and-update.company-information.service.gov.uk/company/07425398/filing-history/MzUyNjQ0MDA3MmFkaXF6a2N4/document?format=pdf&download=0
FY2023 & FY2022: 2023 Annual Report, p.57 (Statement of Cash Flows) — https://find-and-update.company-information.service.gov.uk/company/07425398/filing-history/MzQyMDE3MTk5NWFkaXF6a2N4/document?format=pdf&download=0
FY2021: 2021 Annual Report, p.56 (Statement of Cash Flows) — https://find-and-update.company-information.service.gov.uk/company/07425398/filing-history/MzMzODgwNTQxMWFkaXF6a2N4/document?format=pdf&download=0
Note: these are Companies House filing copies (fully scanned/image-only PDFs, no text layer — transcribed via page-render + manual reading). The bank's own site (itau.co.uk) returned HTTP 403 to every fetch, and the domain referenced throughout the Annual Report for further disclosures (www.itaubba.co.uk) was unreachable this session (connection refused/timed out, and no usable Wayback Machine snapshot was found — a genuine Internet Archive-side outage, not bank-specific), so Companies House was the only available source. The source labels 'Derivatives designated as hedging instruments' twice per year (once within operating assets, once within operating liabilities) — disambiguated here as '(assets)' / '(liabilities)' for clarity; this is a labeling change only, not a data change. 'Purchases of financial assets measured at fair value through OCI' is printed with an inconsistent sign convention across report vintages (positive in the FY2025 report's own FY2025/FY2024 columns, negative in the FY2023 report's own FY2023/FY2022 columns) — transcribed exactly as each source year printed it, not normalized. Blank cells indicate that year's report did not disclose that specific line; a dash ('-') in the source is shown as 0. All 5 years' opening cash balances tie exactly to the prior year's closing balance. DATA QUALITY NOTE: summing FY2024's own individually-transcribed line items gives USD 233,960k for 'Net cash flow from operating activities before payment of income tax', a USD 7k gap against the figure the source itself prints for that subtotal (USD 233,967k, used here) — an immaterial rounding artifact within the source document, not a transcription error (every individual line item ties exactly to the source page); flagged rather than silently adjusted, per this project's convention."
jordan_international_bank_financials_xlsx,JORDAN INTERNATIONAL BANK FINANCIALS.xlsx,"Sources - Jordan International Bank Plc's own Cash Flow Statement, from each year's Companies House-filed Annual Report and Financial Statements (company 01814093, all 5 filings fully scanned/image-only, transcribed via page-image review):
FY2025: Annual Report and Financial Statements 2025, Cash Flow Statement, p.30 - https://find-and-update.company-information.service.gov.uk/company/01814093/filing-history/MzUyMzkyMzgzOGFkaXF6a2N4/document?format=pdf&download=0
FY2024: Annual Report and Financial Statements 2024, Cash Flow Statement, p.30 (FY2024's own originally-published figures used; matches FY2025's own FY2024 comparative exactly) - https://find-and-update.company-information.service.gov.uk/company/01814093/filing-history/MzQ2NjcyMDU4MGFkaXF6a2N4/document?format=pdf&download=0
FY2023: Annual Report and Financial Statements 2023, Cash Flow Statement, p.28 (FY2023's own originally-published figures used; see note below on FY2022's differing comparative) - https://find-and-update.company-information.service.gov.uk/company/01814093/filing-history/MzQyMjAyODYxMmFkaXF6a2N4/document?format=pdf&download=0
FY2022: Annual Report and Financial Statements 2022, Cash Flow Statement, p.28 (FY2022's own originally-published figures used - see note below) - https://find-and-update.company-information.service.gov.uk/company/01814093/filing-history/MzM3OTQ2NzM2OWFkaXF6a2N4/document?format=pdf&download=0
FY2021: Annual Report and Financial Statements 2021, Cash Flow Statement, p.29 - https://find-and-update.company-information.service.gov.uk/company/01814093/filing-history/MzMzNzcwMzA4MGFkaXF6a2N4/document?format=pdf&download=0
The Bank presents both a '(Decrease)/increase in cash and cash equivalents' line (the sum of the Operating/Investing/Financing sections above it) and a separately-disclosed 'Movement in cash and cash equivalents' line used in the opening-to-closing reconciliation below it; these two lines are not always numerically equal in the Bank's own source documents (e.g. FY2023: 4,957 vs 7,576) - both are transcribed exactly as printed, and the reconciliation used to verify each year's own closing balance is opening + 'Movement' + 'Effect of foreign exchange rate changes'.
DATA NOTE - FY2022/FY2023 opening-vs-closing cash gap (£16,090k): FY2022's own originally-published Cash Flow Statement (Annual Report and Financial Statements 2022, p.28) shows net cash generated in operating activities of £7,948k and cash and cash equivalents at the end of FY2022 of £77,136k. FY2023's own Annual Report (p.28) instead presents a FY2022 comparative column showing net cash generated in operating activities of only £(5,551)k and cash and cash equivalents at the beginning of FY2023 (i.e. the carried-forward FY2022 closing balance) of £57,334k, with FY2023's own closing figure of £61,046k tying to that restated opening balance, not to FY2022's originally-published £77,136k. The Investing and Financing sections are identical between both versions (£21,263k net investing inflow, £(12,000)k dividend payment) - only the Operating activities figure and the resulting cash balance differ, suggesting a reclassification within operating cash flows (e.g. of a balance-sheet item's cash-equivalent treatment) rather than a transcription error in either document. Per this project's convention, each year keeps its own originally-published figures (FY2022 = FY2022 AR's own figures; FY2023 = FY2023 AR's own figures, including its own FY2022 comparative column for internal consistency within that document) rather than substituting a later restated comparative - so the FY2022-to-FY2023 opening/closing bridge in this workbook does not tie by £16,090k. This is a real, disclosed inconsistency between the Bank's own two Annual Reports, not a transcription error; every other year-to-year link in the chain (FY2021->FY2022, FY2023->FY2024, FY2024->FY2025) ties exactly."
jp_morgan_europe_financials_xlsx,JP MORGAN EUROPE FINANCIALS.xlsx,"Sources - J.P. Morgan Europe Limited standalone Pillar 3 disclosures, GBP millions, UK KM1 Table 2 and related standalone tables:
FY2025: P3 Annual Solo 2025, Table 2 UK KM1 for JPMEL (and Tables 4, 9, 33, 36 and 38 where applicable) - https://jpmorganchaseco.gcs-web.com/static-files/a51475c0-d908-423e-b8de-6410d277a867
FY2024: P3 Annual Solo 2024, Table 2 UK KM1 for JPMEL (FY2024 current and FY2023 comparative) - https://jpmorganchaseco.gcs-web.com/static-files/a170e6df-d951-42fc-9897-2aa04d681885
FY2023 is taken from the FY2024 disclosure's JPMEL comparative column. No JPMEL standalone annual-solo KM1 was located for FY2021 or FY2022; group and other-entity disclosures are deliberately not substituted.
Official JPMorgan UK Pillar 3 archive - https://jpmorganchaseco.gcs-web.com/ir/sec-other-filings/basel-pillar-and-lcr-disclosures/pillar-uk/
ENTITY/BASIS NOTE: J.P. Morgan Europe Limited (Companies House 00938937; PRA FRN 124579) is the assigned UK legal entity. This workbook uses the JPMEL columns in JPMorgan's separate Annual Solo Pillar 3 disclosures, not JPMorgan Chase group, JPMorgan Chase Bank N.A., JPMorgan Securities plc, JPMorgan SE, or another JPMorgan subsidiary. The 2024 JPMEL annual accounts state that the financial statements are prepared under FRS 101 Reduced Disclosure Framework; no cash-flow statement is therefore filled from a different entity or group report."
jp_morgan_securities_financials_xlsx,JP MORGAN SECURITIES FINANCIALS.xlsx,"Sources - J.P. Morgan Securities plc, all $'000 figures converted to £'000 at the Bank of England GBP/USD spot rate as at each year-end (FY2021: 1.3521, FY2022: 1.2097, FY2023: 1.2732, FY2024: 1.2515, FY2025: 1.3448):
FY2025: Annual Pillar 3 Disclosure 2025, UK KM1 Table 1 - https://jpmorganchaseco.gcs-web.com/static-files/a51475c0-d908-423e-b8de-6410d277a867
FY2024: Annual Pillar 3 Disclosure 2024, UK KM1 Table 1 - https://jpmorganchaseco.gcs-web.com/static-files/a170e6df-d951-42fc-9897-2aa04d681885
FY2023: Annual Pillar 3 Disclosure 2023, UK KM1 Table 1 - https://jpmorganchaseco.gcs-web.com/static-files/3645e9a4-c721-404e-a901-70fa73fac642
FY2022: Annual Pillar 3 Disclosure 2022, UK KM1 Table 4 - https://jpmorganchaseco.gcs-web.com/static-files/d761ba10-ab1b-4309-8a4d-24cb70fd6cc1
FY2021: Annual Pillar 3 Disclosure 2021, Key Metrics Table 1 and LCR Table 47 - https://jpmorganchaseco.gcs-web.com/static-files/41a50bf4-81db-4063-8e55-8703a0fc500f
FY2025/FY2024 capital precision cross-check: Annual Report 2025, Strategic Report, ""Capital risk"" table, p.10 - https://find-and-update.company-information.service.gov.uk/company/02711006/filing-history/MzUxOTQxNzUzOGFkaXF6a2N4/document?format=pdf&download=0

SOURCE COVERAGE NOTE: the official JPMorgan archive exposes standalone annual JPMS plc Pillar 3 disclosures for FY2021, FY2022, FY2023, FY2024 and FY2025. The FY2021 report uses the older Key Metrics format and does not provide an NSFR series; the FY2022 report provides FY2022 NSFR but not a FY2021 NSFR comparative. The recovered reports describe the MREL framework and capital instruments issued in support of the Firm's MREL strategy, but do not provide a JPMS plc numeric MREL ratio or requirement."
julian_hodge_bank_financials_xlsx,JULIAN HODGE BANK FINANCIALS.xlsx,"Sources - Julian Hodge Bank Limited:
FY2023: Hodge Bank Pillar 3 Disclosures - Period ended 30 September 2023, Table ""3 Key Regulatory Metrics"", p.9 - https://hodgebank.co.uk/wp-content/uploads/2024/07/Hodge-pillar-3-11.03.24.pdf
FY2022: Hodge Bank Pillar 3 Disclosures - Period ended 30 September 2022, Table ""3 Key Regulatory Metrics"", p.12 - https://hodgebank.co.uk/wp-content/uploads/2024/07/Hodge-pillar-3-19.06.23.pdf
FY2021: Hodge Bank Pillar 3 Disclosures - Period ended 30 September 2021, Table ""Key Metrics"", p.16 - https://hodgebank.co.uk/wp-content/uploads/2024/07/Hodge-Pillar-3-Document-2020_2021.pdf
FY2024: Julian Hodge Bank Limited Annual Report 2024, Note 32 'Capital risk management (unaudited)', p.73 - https://hodgebank.co.uk/wp-content/uploads/2025/02/Hodge-annual-report-21.02.25.pdf
FY2025: Julian Hodge Bank Limited Annual Report 2025, Note 34 'Capital risk management (unaudited)', p.76 - https://hodgebank.co.uk/wp-content/uploads/2026/02/Hodge-AR-28.01.26.pdf
FY2021-FY2023: full UK KM1-format 'Key Regulatory Metrics' table from each year's own standalone Pillar 3 Disclosures document. FY2024-FY2025: no standalone Pillar 3 document was located on the bank's site (financial information page lists a Pillar 3 disclosure link for FY2018-FY2023 only) - CET1/RWA/ratio figures instead come from each year's own Annual Report 'Capital risk management (unaudited)' note, which does not include Leverage Ratio, LCR, or NSFR - those 3 metrics are genuinely unavailable for FY2024/FY2025 this session, not assumed absent."
kexim_bank_uk_financials_xlsx,KEXIM BANK UK FINANCIALS.xlsx,"Sources - KEXIM Bank (UK) Limited, all figures GBP (no FX conversion needed), from each year's own Companies House full-accounts filing, Strategic Report, 'Review of the business' section:
FY2025: Annual Report 2025, p.3 (""The Bank's Common Equity Tier 1 and total capital adequacy ratios decreased to 20.5% at the end of 2025 (2024: 20.9%)"") - https://find-and-update.company-information.service.gov.uk/company/02693038/filing-history/MzUzMDYxMTU0N2FkaXF6a2N4/document?format=pdf&download=0
FY2024: Annual Report 2024, p.3 (""...has decreased to 20.9% at the end of 2024 (2023: 22.8%)"") - https://find-and-update.company-information.service.gov.uk/company/02693038/filing-history/MzQ2ODk1NTg1M2FkaXF6a2N4/document?format=pdf&download=0 (independently cross-checked against the FY2025 report's own FY2024 comparative above - consistent, no restatement)
FY2023: Annual Report 2023, p.3 (""...has increased slightly to 22.8% at the end of 2023 (2022: 22.5%)"") - https://find-and-update.company-information.service.gov.uk/company/02693038/filing-history/MzQyMzUxMTIzMWFkaXF6a2N4/document?format=pdf&download=0 (cross-checked against the FY2024 report's comparative - consistent)
FY2022: Annual Report 2022, p.3 (""...has reduced to 22.5% at the end of 2022 (2021: 30%)"") - https://find-and-update.company-information.service.gov.uk/company/02693038/filing-history/MzM4NTcxODk4NWFkaXF6a2N4/document?format=pdf&download=0 (cross-checked against the FY2023 report's comparative - consistent)
FY2021: Annual Report 2021, p.3 (""...ratios improved from 13.5% and 18.0% respectively at the end of 2019, to both being 36.4% at the end of 2020 and 30.0% following the partial deployment of this capital by the end of 2021"") - https://find-and-update.company-information.service.gov.uk/company/02693038/filing-history/MzM0NjA0OTUyMGFkaXF6a2N4/document?format=pdf&download=0 (cross-checked against the FY2022 report's comparative - consistent). All 5 filings are fully scanned (image-only); figures transcribed via targeted page-image reads of the Strategic Report's 'Review of the business' section (p.3 in every filing).
"
kingdom_bank_financials_xlsx,KINGDOM BANK FINANCIALS.xlsx,"Sources - all figures are Kingdom Bank Limited's own Statement of cash flows, £'000, Bank/solo basis (Companies House filings, all fully scanned):
FY2025 (own) & FY2024 (comparative, cross-checked against FY2024's own report): Annual Report & Accounts 2025, p.38 (Statement of cash flows) - https://find-and-update.company-information.service.gov.uk/company/04346834/filing-history/MzUzMjA2MDkzOWFkaXF6a2N4/document?format=pdf&download=0
FY2024 (own): Annual Report & Accounts 2024 - https://find-and-update.company-information.service.gov.uk/company/04346834/filing-history/MzQ3Mjc3MDk4N2FkaXF6a2N4/document?format=pdf&download=0
FY2023 (own) & FY2022 (comparative): Annual Report & Accounts 2023, p.39 (Statement of cash flows) - https://find-and-update.company-information.service.gov.uk/company/04346834/filing-history/MzQyNzk5NjY3OGFkaXF6a2N4/document?format=pdf&download=0
FY2022 (own): Annual Report & Accounts 2022 - https://find-and-update.company-information.service.gov.uk/company/04346834/filing-history/MzM3Nzc1Mzk0NWFkaXF6a2N4/document?format=pdf&download=0
FY2021 (own) & FY2020 comparative (not used): Annual Report & Accounts 2021, p.33 (Statement of cash flows) - https://find-and-update.company-information.service.gov.uk/company/04346834/filing-history/MzM0MzYxNTEyM2FkaXF6a2N4/document?format=pdf&download=0
Entity: Kingdom Bank Limited, company 04346834 (formerly Kingdom Banking Limited), FRN 400972 - confirmed via Banks List 2608.xlsx and Companies House, no identity ambiguity. A small specialist bank providing mortgages, savings and insurance broking to UK churches, Christian charities and individuals in Christian ministry; parent/ultimate controlling party is Lamb's Passage Holding Limited (LPHL), whose investor group includes Stewardship Services (UKET) Limited. Solo/Bank basis throughout - no group consolidation applies. All 5 years' filings on Companies House are fully scanned/image-only (0 extractable text on every page); the bank's registered-looking domain www.kingdombank.co.uk is an unrelated expired/parked domain (a GoDaddy-style parking page) - its real site is www.kingdom.bank, which hosts only the FY2025 Annual Report and no standalone Pillar 3 disclosures.
Every year-end closing balance ties exactly to the following year's opening balance across all 5 years (FY2021 closing £20,030k = FY2022 opening; FY2022 closing £24,861k = FY2023 opening; FY2023 closing £35,058k = FY2024 opening; FY2024 closing £39,791k = FY2025 opening) - no restatements found."
kroo_bank_financials_xlsx,KROO BANK FINANCIALS.xlsx,"Sources - all figures are Kroo Bank Ltd's own Statement of Cash Flows, each year's own originally published figures used (no restatement affects the cash flow statement itself):
FY2024: Annual Report 2024, p.37 (Statement of cash flows) - https://www.kroo.com/files/kroo-annual-report-2024.pdf
FY2023: Annual Report 2023, p.38 (Statement of Cash Flows) - https://www.kroo.com/files/kroo-annual-report-2023.pdf
FY2022: Annual Report 2022, p.28 (Statement of Cash Flows) - https://www.kroo.com/files/kroo-annual-report-2022.pdf
FY2021: Annual Report 2021, p.27 (Statement of Cash Flows) - https://www.kroo.com/files/kroo-annual-report-2021.pdf
Note: the FY2023 Annual Report's own FY2022 comparative column and the FY2022 Annual Report's own FY2022 figures present operating-activity line items with different labels/groupings (e.g. FY2022's own report shows a standalone 'Interest on debt securities' line, while FY2023's report combines this into a single 'Net interest income' line) - each year's own originally published report's own line items are used here rather than a later report's re-presentation, consistent with this project's convention.
Kroo Bank Ltd (Companies House 10359002) was authorised as a bank with restrictions on 7 July 2021 and only came within scope of UK bank regulation from that date - FY2021 is therefore its first reporting period as a regulated bank. Only 4 Annual Reports have ever been published (FY2021-FY2024) - no FY2025 Annual Report or Pillar 3 report exists yet as of this build, so only 4 years are included here rather than padding to 5."
kuwait_finance_house_financials_xlsx,KUWAIT FINANCE HOUSE FINANCIALS.xlsx,"Sources - all figures are Kuwait Finance House Plc's (formerly Ahli United Bank (UK) PLC's) own Bank Statement of Cash Flows, from Companies House filings:
FY2025/FY2024 (own): Annual Report and Financial Statements 2025, p.29 - https://find-and-update.company-information.service.gov.uk/company/00877859/filing-history/MzUyMTMwODAyMGFkaXF6a2N4/document?format=pdf&download=0
FY2024 (own, used here) / FY2023 (restated, not used): Annual Report and Financial Statements 2024, p.30 - https://find-and-update.company-information.service.gov.uk/company/00877859/filing-history/MzQ2OTUzMTA5NGFkaXF6a2N4/document?format=pdf&download=0
FY2023 (own, used here) / FY2022: Annual Report and Financial Statements 2023, p.26 - https://find-and-update.company-information.service.gov.uk/company/00877859/filing-history/MzQxNzM5MjkxNGFkaXF6a2N4/document?format=pdf&download=0
FY2022 (own, used here) / FY2021 (cross-checked): Annual Report and Financial Statements 2022, p.25 - https://find-and-update.company-information.service.gov.uk/company/00877859/filing-history/MzM3MTE2OTUwOGFkaXF6a2N4/document?format=pdf&download=0
FY2021 (own, used here): Annual Report and Financial Statements 2021, p.18 - https://find-and-update.company-information.service.gov.uk/company/00877859/filing-history/MzM0MTg2NjEyNWFkaXF6a2N4/document?format=pdf&download=0

ENTITY NOTE: Kuwait Finance House Plc (FRN 131818, Companies House 00877859) was formerly Ahli United Bank (UK) PLC - renamed following its 2024 conversion to a Shariah-compliant (Islamic) bank under new ownership (Kuwait Finance House Group), confirmed by the FY2024/FY2025 Annual Reports' own Shariah Supervisory Board report describing 'the recent conversion of the Bank'. This is a genuine, disclosed business-model change, not a data anomaly: FY2021-FY2023 use conventional banking terminology (Loans and advances, Interest income/expense/receivable/payable); FY2024-FY2025 use Islamic-finance terminology (Financing receivables, Returns receivable/payable) for the functionally equivalent line items, kept as each year's own originally-printed labels rather than forced into a single common wording. Reports in USD'000 (Bank/solo basis) - all Companies House filings are fully scanned/image-only, transcribed via targeted page-image reads, not full-document OCR. Kept in native USD (not converted to GBP), consistent with sibling USD-reporting banks built in this same batch (e.g. Itau BBA International plc).

RESTATEMENT NOTE: the FY2025 Annual Report's own FY2024 comparative column restates FY2024's cash flow (operating $(75,732) vs FY2024's own originally-published $(131,665); investing $254,257 vs FY2024's own originally-published $257,136) - both vintages agree on the $752,166k closing balance, so this is a reclassification between activity sections, not a change to overall cash movement. Likewise the FY2024 Annual Report's own Note 37 documents a restatement of FY2023's comparative cash flow figures vs FY2023's own originally-published report (operating activities restated to $58,844/net $44,248 vs FY2023's own $87,112/$72,516; both agree on the $664,122k closing balance). Every year's own originally-published Annual Report figures are used throughout this workbook, consistent with this project's standard convention of preferring each year's own primary source over a later restated comparative.

ROUNDING NOTE: the FY2023 Annual Report's own printed subtotals for 'Operating profit before changes in operating assets and liabilities' ($57,149k) and 'Net cash used in investing activities' ($(67,619)k) are each $1k off from summing that same report's own component line items ($57,150k / $(67,618)k) - an immaterial source-document rounding artifact, not a transcription error; the source's own printed figures are used throughout. Every other total in this workbook ties exactly to its component lines."
lhv_financials_xlsx,LHV FINANCIALS.xlsx,"Sources - all figures are LHV Bank Limited's own Statement of Cash Flows, £'000 (FY2023/FY2024 as originally reported in whole £, divided by 1,000 here for unit consistency with FY2025's own £'000 presentation):
FY2025: LHV Bank Limited Annual Report 2025, p.67 (Statement of cash flows) - https://framerusercontent.com/assets/ZBWKLmRUPe8T4hKrOicG3V2KYeE.pdf
FY2024: LHV Bank Limited Annual Report and Financial Statements 2024, p.55 (Statement of Cash Flows) - https://framerusercontent.com/assets/srilZFyKHEx1zeu697l5ZFVMXoU.pdf
FY2023: LHV Bank Limited Annual Report and Financial Statements 2023, p.31 (Statement of Cash Flows) - https://framerusercontent.com/assets/6Jp4ZWQKQVS1wXUDoBneovYKzIo.pdf
Note: FY2025's report uses a simplified presentation ('Non-cash items' and 'Changes in operating assets and liabilities' as single combined lines); FY2023/FY2024 break these out into more granular line items instead - each year's own line items/labels are preserved as reported, blank where a year didn't disclose that split. FY2023's own report did not print a combined 'Net cash from operating activities' total (only three un-combined subsection subtotals) - the total shown here for FY2023 is computed as the sum of its own operating-activity line items, and is confirmed exactly by its appearance as FY2024's report's own FY2023 comparative (224,565,739).

ENTITY NOTE: LHV Bank Limited (Companies House 13180211, FRN 993767) is a UK bank owned by AS LHV Group (Estonia), incorporated 4 February 2021 and granted an unrestricted PRA banking licence on 3 May 2023 - its first Annual Report and Pillar 3 disclosure cover FY2023, so only 3 years of history exist (too young for 5). As at 31 December 2025 it is classified as an 'other institution' (not Small and Non-Complex, not Large) under Article 433 of the PRA Rulebook's Disclosure Part, requiring a reduced annual-only Pillar 3 disclosure with no KM2/MREL template - consistent with no MREL figures appearing in any year's Pillar 3 report.

DATA ERROR NOTE: LHV Bank Limited's own FY2024 Annual Report (p.55) prints 'Net Increase in cash and cash equivalents' for FY2024 as (199,190,949) - this does not reconcile with that same report's own opening (242,124,881) and closing (362,299,484) balances, nor with the sum of its own three activity subtotals (101,379,183 - 1,059,316 + 19,854,736 = 120,174,603). This workbook uses the correct, reconciling figure (120,174,603, i.e. £120,175k), which independently matches both the opening/closing balance difference and the FY2025 Annual Report's own restated FY2024 comparative (£120,175k, p.67) - not the erroneous figure as printed in the FY2024 report itself."
lloyds_bank_corporate_markets_financials_xlsx,LLOYDS BANK CORPORATE MARKETS FINANCIALS.xlsx,"FY2025: Lloyds Bank Corporate Markets plc Annual Report and Accounts, Cash flow statements (Bank column), p.61 — https://www.lloydsbankinggroup.com/assets/pdfs/investors/financial-performance/lloyds-bank-corporate-markets-plc/2025/q4/2025-lbcm-annual-report.pdf
FY2024: Lloyds Bank Corporate Markets plc Annual Report and Accounts, Cash flow statements (Bank column), p.68 — https://www.lloydsbankinggroup.com/assets/pdfs/investors/financial-performance/lloyds-bank-corporate-markets-plc/2024/q4/2024-lbcm-annual-report.pdf
FY2023: Lloyds Bank Corporate Markets plc Annual Report and Accounts, Cash flow statements (Bank column), p.67 — https://www.lloydsbankinggroup.com/assets/pdfs/investors/financial-performance/lloyds-bank-corporate-markets-plc/2023/q4/2023-lbcm-annual-report.pdf
FY2022: Lloyds Bank Corporate Markets plc Annual Report and Accounts, Cash flow statements (Bank column), p.63 — https://www.lloydsbankinggroup.com/assets/pdfs/investors/financial-performance/lloyds-bank-corporate-markets-plc/2022/q4/2022-lbcm-annual-report.pdf
FY2021: Lloyds Bank Corporate Markets plc Annual Report and Accounts, Cash flow statements (Bank column), p.36 — https://www.lloydsbankinggroup.com/assets/pdfs/investors/financial-performance/lloyds-bank-corporate-markets-plc/2021/2021-lbcm-annual-report.pdf
Entity: Lloyds Bank Corporate Markets plc, company number 10399850, FRN 763256, LEI 213800MBWEIJDM5CU638. Companies House confirms the active bank company. This is the non-ring-fenced wholesale/markets entity created as part of Lloyds Banking Group's 2018 ring-fencing restructuring, DISTINCT from the ring-fenced Lloyds Bank plc (FRN 119278, built separately as 'LLOYDS BANK FINANCIALS.xlsx'). All figures below are the Bank (solo) column, not the Group consolidated column also shown in each source document.
Companies House — https://find-and-update.company-information.service.gov.uk/company/10399850"
lloyds_bank_financials_xlsx,LLOYDS BANK FINANCIALS.xlsx,"FY2025: Lloyds Bank plc Annual Report and Accounts, p.79 — https://www.lloydsbankinggroup.com/assets/pdfs/investors/financial-performance/lloyds-bank-plc/2025/q4/2025-lb-annual-report.pdf
FY2024: Lloyds Bank plc Annual Report and Accounts, p.81 — https://www.lloydsbankinggroup.com/assets/pdfs/investors/financial-performance/lloyds-bank-plc/2024/q4/2024-lb-annual-report.pdf
FY2023: Lloyds Bank plc Annual Report and Accounts, p.82 — https://www.lloydsbankinggroup.com/assets/pdfs/investors/financial-performance/lloyds-bank-plc/2023/q4/2023-lb-annual-report.pdf
FY2022: Lloyds Bank plc Annual Report and Accounts, p.82 — https://www.lloydsbankinggroup.com/assets/pdfs/investors/financial-performance/lloyds-bank-plc/2022/full-year/2022-lb-annual-report.pdf
FY2021: Lloyds Bank plc Annual Report and Accounts, p.82 — https://www.lloydsbankinggroup.com/assets/pdfs/investors/financial-performance/lloyds-bank-plc/2021/full-year/2021-lb-annual-report.pdf
Entity: Lloyds Bank plc, company number 00002065, FRN 119278, LEI H7FNTJ4851HG0EXQ1Z70. Companies House confirms the active bank company. Pillar 3 figures are Lloyds Bank plc Group consolidated prudential figures, not Lloyds Banking Group plc or Bank of Scotland plc.
Companies House — https://find-and-update.company-information.service.gov.uk/company/00002065"
marks_and_spencer_financial_services_financials_xlsx,MARKS AND SPENCER FINANCIAL SERVICES FINANCIALS.xlsx,"Sources - Marks and Spencer Financial Services plc entity-only Statement of Cash Flows, £'000:
Marks and Spencer Financial Services plc Annual Report and Financial Statements FY2025, p.22, Statement of cash flows - https://find-and-update.company-information.service.gov.uk/company/01772585/filing-history/MzUyNzI0MDUzNGFkaXF6a2N4/document?format=pdf&download=0
Marks and Spencer Financial Services plc Annual Report and Financial Statements FY2024, p.21, Statement of cash flows - https://find-and-update.company-information.service.gov.uk/company/01772585/filing-history/MzQ3MTYzOTk3NmFkaXF6a2N4/document?format=pdf&download=0
Marks and Spencer Financial Services plc Annual Report and Financial Statements FY2023, p.20, Statement of cash flows - https://find-and-update.company-information.service.gov.uk/company/01772585/filing-history/MzQyNjY3NDIyNmFkaXF6a2N4/document?format=pdf&download=0
Marks and Spencer Financial Services plc Annual Report and Financial Statements FY2022, p.20, Statement of cash flows - https://find-and-update.company-information.service.gov.uk/company/01772585/filing-history/MzM4NDYyNTMxMWFkaXF6a2N4/document?format=pdf&download=0
Marks and Spencer Financial Services plc Annual Report and Financial Statements FY2021, p.21, Statement of cash flows - https://find-and-update.company-information.service.gov.uk/company/01772585/filing-history/MzM0MzE4NDc0N2FkaXF6a2N4/document?format=pdf&download=0

Marks and Spencer Financial Services plc (trading as M&S Bank) is the PRA-authorised entity in the bank list, FRN 151427, Companies House company 01772585. The statutory accounts are entity-only accounts, in £'000. The company changed its registered name to Marks and Spencer Financial Services Limited in June 2026; the five source filings used here were filed under the historical plc name.

The accounts state that separate Pillar 3 disclosures are not required because the Entity is included in the consolidated Pillar 3 disclosures of HSBC UK Bank plc. Accordingly, this workbook uses the Entity's own annual capital-management figures where disclosed and does not substitute HSBC UK group figures.

Presentation note: the reports present changes in operating assets and liabilities as aggregate lines, so those lines are retained rather than reverse-engineering their underlying loan/deposit components."
melli_bank_financials_xlsx,MELLI BANK FINANCIALS.xlsx,"Sources - Melli Bank plc entity-level Statements of Cash Flows:
FY2025: Annual Report and Accounts 2025, Statement of Cash Flows p.26 - https://find-and-update.company-information.service.gov.uk/company/04152338/filing-history/MzUyNjMyOTE4OGFkaXF6a2N4/document?download=0&format=pdf
FY2024: Annual Report and Accounts 2024, p.24; also shown as the FY2025 report's own comparative column, p.26 - https://find-and-update.company-information.service.gov.uk/company/04152338/filing-history/MzQ3MDI0ODU4NWFkaXF6a2N4/document?download=0&format=pdf
FY2023: Annual Report and Accounts 2023, p.24 - https://vpr.hkma.gov.hk/statics/assets/doc/100273/ar_23/ar_23_eng.pdf
FY2022: Annual Report and Accounts 2023 comparative column, p.24 - https://vpr.hkma.gov.hk/statics/assets/doc/100273/ar_23/ar_23_eng.pdf
FY2021: genuinely not disclosed, confirmed by two independent checks of the Annual Report 2021 - its accounting policy note (ii) 'Cash flow exemptions' (p.23) states the Company applied the FRS 102 exemption from producing a statement of cash flows because it was consolidated with Bank Melli Iran, and its own Contents page (p.2) lists no Statement of Cash Flows among the report's financial statements at all. This is a structural non-disclosure at the source, not a retrieval gap - re-confirmed this batch by re-reading the full PDF - https://find-and-update.company-information.service.gov.uk/company/04152338/filing-history/MzM0MzE1NzIzOWFkaXF6a2N4/document?download=0&format=pdf

ENTITY AND REPORTING BASIS: Melli Bank plc (company 04152338, FRN 207380, LEI 213800BC4TEGCCQH9V07) is an active UK public limited company and PRA-authorised bank, incorporated in England and Wales. Companies House identifies the registered office as 98a Kensington High Street, London W8 4SG and the latest accounts as made up to 31 December 2025. The Bank's functional and reporting currency is EUR; amounts are therefore retained in EUR thousands/millions, consistent with the source accounts. The figures are standalone Melli Bank plc entity figures, not Bank Melli Iran group figures."
methodist_chapel_aid_financials_xlsx,METHODIST CHAPEL AID FINANCIALS.xlsx,"Sources - Methodist Chapel Aid Limited entity-level Statement of Cash Flows, £:
FY2025 (9 months ended 30 September 2025): MCA Annual report and accounts 2025, pp. 38-39 - https://www.mcafundingforchurches.co.uk/media/4bcl2vk5/mca-ar-2025.pdf
FY2024: MCA Annual report and accounts 2024, pp. 36-39 - https://www.mcafundingforchurches.co.uk/media/keybconk/annual-report-2024.pdf
FY2023: MCA Annual report and accounts 2024 comparative, p. 39 - https://www.mcafundingforchurches.co.uk/media/keybconk/annual-report-2024.pdf
FY2022: MCA Annual report and accounts 2022, p. 38 - https://www.mcafundingforchurches.co.uk/sitefiles/resources/pdf/annualreport2022.pdf
FY2021: MCA Annual report and accounts 2022 comparative, p. 38 - https://www.mcafundingforchurches.co.uk/sitefiles/resources/pdf/annualreport2022.pdf

ENTITY NOTE: Methodist Chapel Aid Limited (Companies House 00030546, FRN 204508, LEI 213800GD7EDYBP4LH202) matches Banks List 2608.xlsx and Companies House. It is a UK-incorporated PRA/FCA-authorised bank operating on a standalone company basis. The 2025 reporting period covers nine months ended 30 September 2025 after the accounting reference date changed from 31 December. The Company states that its Pillar 3 policy is annual. No defensible entity-level interim Pillar 3 series was located, so this is a 13-sheet annual workbook. FY2024 and FY2025 absolute regulatory capital metrics were not separately disclosed in the located sources and are left blank rather than inferred from statutory net assets. MREL was not disclosed."
metro_bank_financials_xlsx,METRO BANK FINANCIALS.xlsx,"Sources - Metro Bank PLC Company/standalone cash flows, £m:
FY2023 & FY2022: Metro Bank PLC Annual Report 2023, p.147 (Company cash flow statement) - https://www.metrobankonline.co.uk/globalassets/documents/customer_documents/business-and-commercial/metro-bank-plc-annual-report-2023.pdf
FY2022 & FY2021: Metro Bank PLC Annual Report and Accounts 2022, p.185 (Company column) - https://www.metrobankonline.co.uk/globalassets/documents/customer_documents/business-and-commercial/metro-bank-annual-report-and-accounts-2022.pdf.pdf
FY2021: Metro Bank PLC Annual Report and Accounts 2021, p.165 (Company column) - https://www.metrobankonline.co.uk/globalassets/documents/customer_documents/intermediaries/metro-bank-annual-report-2021.pdf

ENTITY/BASIS NOTE: Metro Bank PLC (Companies House 06419578; FRN 488982; LEI 213800X5WU57YL9GPK89) is the matched legal entity in Banks List 2608.xlsx. FY2021-FY2023 cash flows are the Company/standalone figures from Metro Bank PLC accounts. Metro Bank PLC used an individual consolidation method for prudential reporting in 2021-2022. On 19 May 2023 Metro Bank Holdings PLC became the ultimate holding company; FY2023-FY2025 Pillar 3 disclosures are subsequently for Holdings and its subsidiaries, not standalone Metro Bank PLC. FY2024-FY2025 standalone Metro Bank PLC accounts/cash flows were not located in the reviewed official archive and are left blank rather than substituted with Holdings figures."
mizuho_international_financials_xlsx,MIZUHO INTERNATIONAL FINANCIALS.xlsx,"ENTITY NOTE: Mizuho International plc (company 01203696, FRN 119256; LEI 213800HZ54TG54H2KV03) is the legal entity in Banks List 2608.xlsx. Companies House confirms the active UK public company. Figures are the consolidated Mizuho International plc Group basis used in the official reports, in £ millions. The company accounts use the FRS 102 exemption from preparing a separate company cash-flow statement.

Official sources — Mizuho International plc Annual Reports: FY2025: https://cdn.prod.website-files.com/67cb23eaf0c6c4d4080e059a/6949753a5e4af5e79887a666_MIzuho_MHI_Annual_Report_2025.pdf; FY2024: https://cdn.prod.website-files.com/67cb23eaf0c6c4d4080e059a/686301edbbd3ea24c5c8059f_mizuho_annual_report_2024_final_v02.pdf; FY2023: https://cdn.prod.website-files.com/67cb23eaf0c6c4d4080e059a/6863021624e9468651ae2fbd_mizuho_annual_report_2023_final_02.pdf; FY2022: https://cdn.prod.website-files.com/67cb23eaf0c6c4d4080e059a/686302389cf6e01446043fd2_2022-mizuho-international-plc-annual-report.pdf; FY2021: https://cdn.prod.website-files.com/67cb23eaf0c6c4d4080e059a/686302637f7fc2c72f2e2f59_2021-mizuho-international-plc-annual-report.pdf"
monument_bank_financials_xlsx,MONUMENT BANK FINANCIALS.xlsx,"Sources - Monument Bank Limited Company/standalone cash flows, £'000:
FY2024 & FY2023: Financial Statements for the year ended 31 December 2024, pp.74-75 (Company columns) - https://find-and-update.company-information.service.gov.uk/company/10921940/filing-history/MzQ3Njc0NjA3MmFkaXF6a2N4/document?download=0&format=pdf
FY2023 & FY2022: Financial Statements for the year ended 31 December 2023, p.35 (Company figures; FY2022 comparative) - https://find-and-update.company-information.service.gov.uk/company/10921940/filing-history/MzQzNjUxODg2NmFkaXF6a2N4/document?download=0&format=pdf
FY2022 & FY2021: Financial Statements for the year ended 31 December 2022, p.29 - https://find-and-update.company-information.service.gov.uk/company/10921940/filing-history/MzM5NDQyODAwN2FkaXF6a2N4/document?download=0&format=pdf
FY2021: Financial Statements for the year ended 31 December 2021, p.25 - https://find-and-update.company-information.service.gov.uk/company/10921940/filing-history/MzM1Mjc4MTU2M2FkaXF6a2N4/document?download=0&format=pdf

ENTITY/BASIS NOTE: Monument Bank Limited (Companies House 10921940; FRN 849724; LEI 213800OLF8OE1I3HVY91) is the matched legal entity in Banks List 2608.xlsx. Cash flows are the Company/standalone figures in £'000. The latest available filing is the report for the year ended 31 December 2024; FY2025 is blank because no FY2025 accounts were available in the Companies House filing history reviewed. The accounts are scanned filings and were OCR-processed and cross-checked against rendered pages. Blank cells mean not publicly disclosed, not zero."
monzo_financials_xlsx,MONZO FINANCIALS.xlsx,"Sources - all figures are Monzo Group (consolidated) cash flow statement, £'000. See entity note above for MBL vs MBHG scope by year.
FY2025: Monzo Annual Report and Accounts 2025, p.119 (Consolidated statement of cash flows) - https://monzo.com/annual-report/2025/Monzo%20Bank%20Group%20FY2025%20Annual%20Report.pdf
FY2024: Monzo Bank Holding Group Limited Annual Report and Group Financial Statements 2024, p.98 (Consolidated statement of cash flows, 13-month period ended 31 March 2024) - https://monzo.com/docs/monzo-annual-report-2024.pdf
FY2023: Monzo Bank Limited Annual Report and Accounts 2023, p.100-101 (Statement of cash flows, year ended 28 February 2023) - https://monzo.com/docs/monzo-annual-report-2023.pdf
FY2022: Monzo Bank Limited Group Annual Report 2022, p.111-112 (Statement of cash flows, year ended 28 February 2022) - https://monzo.com/static/docs/monzo-annual-report-2022.pdf
FY2021: Monzo Bank Limited Group Annual Report 2022, p.110-111 (Statement of cash flows, FY2021 restated comparative, year ended 28 February 2021) - https://monzo.com/static/docs/monzo-annual-report-2022.pdf

ENTITY NOTE: FY2025 and FY2024 (marked MBHG) are Monzo Bank Holding Group Limited, the new parent company formed April 2023 - a broader consolidation scope than Monzo Bank Limited (MBL), which includes MBL plus (from FY2025) additional EU/US subsidiaries. FY2021-FY2023 (marked MBL) are Monzo Bank Limited, the entity on the PRA register. Monzo Bank Limited continued filing its own standalone accounts through FY2025, but that filing was only available as a scanned, non-text Companies House filing and could not be extracted; MBHG's figures were used for FY2024/25 instead as the only cleanly-extractable source, per user direction. Also note: Monzo changed its financial year end from 28 February to 31 March starting FY2024, making FY2024 a 13-month period (1 March 2023 - 31 March 2024) rather than 12 months - it is not directly run-rate comparable to the other four years.

PRESENTATION NOTE: Monzo's cash flow statement format changed materially between the MBL years (FY2021-23) and the MBHG years (FY2024-25) - e.g. separate lease/subordinated-debt/treasury interest lines were combined into a single 'Net interest' line, and 'Impairment and charge-offs' became its own line. Blank cells indicate that year's report did not disclose that specific split. Section totals (net cash from operating/investing/financing, cash and cash equivalents) are consistent and comparable across all 5 years regardless of this."
morgan_stanley_bank_international_financials_xlsx,MORGAN STANLEY BANK INTERNATIONAL FINANCIALS.xlsx,"ENTITY NOTE: Morgan Stanley Bank International Limited (company 03722571, FRN 195430) is the legal entity listed in Banks List 2608.xlsx. Companies House confirms the active UK private limited company, incorporated 23 February 1999, with registered office at 25 Cabot Square, London E14 4QA. The figures below are standalone Company figures from the entity's own annual reports, not Morgan Stanley International group figures.

Sources — Morgan Stanley Bank International Limited Annual Reports and Financial Statements, Strategic Report capital/liquidity tables and financial statements:
FY2025: Annual Report and Financial Statements for year ended 31 December 2025, pp.5, 8-10, 47 — https://find-and-update.company-information.service.gov.uk/company/03722571/filing-history/MzUxNTMzMjAyMmFkaXF6a2N4/document?format=pdf&download=0
FY2024: Annual Report and Financial Statements for year ended 31 December 2024, pp.5, 8-10 — https://find-and-update.company-information.service.gov.uk/company/03722571/filing-history/MzQ2MjkyNzg4N2FkaXF6a2N4/document?format=pdf&download=0
FY2023: Annual Report and Financial Statements for year ended 31 December 2023, pp.5, 8-10 — https://find-and-update.company-information.service.gov.uk/company/03722571/filing-history/MzQyMDQ2MzQxOGFkaXF6a2N4/document?format=pdf&download=0
FY2022: Annual Report and Financial Statements for year ended 31 December 2022, pp.5, 8-10 — https://find-and-update.company-information.service.gov.uk/company/03722571/filing-history/MzM3ODM5NTg1NmFkaXF6a2N4/document?format=pdf&download=0
FY2021: Annual Report and Financial Statements for year ended 31 December 2021, pp.6, 9-10 — https://find-and-update.company-information.service.gov.uk/company/03722571/filing-history/MzMzODIzODA1MmFkaXF6a2N4/document?format=pdf&download=0
The annual reports state that the Company takes the FRS 101 reduced-disclosure exemption from presenting a cash-flow statement. Blank or non-disclosed entries are not estimates or zeros."
national_bank_of_egypt_uk_financials_xlsx,NATIONAL BANK OF EGYPT UK FINANCIALS.xlsx,"Sources - National Bank of Egypt (UK) Limited entity-level Cash Flow Statement, £:
FY2025: Companies House Annual Report for 2025, Cash Flow Statement - https://find-and-update.company-information.service.gov.uk/company/02743734/filing-history/MzU0MDExNTA0NGFkaXF6a2N4/document?format=pdf&download=0
FY2024: Companies House Annual Report for 2024, Cash Flow Statement - https://find-and-update.company-information.service.gov.uk/company/02743734/filing-history/MzQ2Mjk2OTExMGFkaXF6a2N4/document?format=pdf&download=0
FY2023: Companies House Annual Report for 2023, Cash Flow Statement - https://find-and-update.company-information.service.gov.uk/company/02743734/filing-history/MzQxOTgxMTA0NmFkaXF6a2N4/document?format=pdf&download=0
FY2022: Companies House Annual Report for 2022, Cash Flow Statement - https://find-and-update.company-information.service.gov.uk/company/02743734/filing-history/MzM5NDYwNDY2OGFkaXF6a2N4/document?format=pdf&download=0
FY2021: Companies House Annual Report for 2021, Cash Flow Statement - https://find-and-update.company-information.service.gov.uk/company/02743734/filing-history/MzM1MTQyMDQxMmFkaXF6a2N4/document?format=pdf&download=0

FY2021/FY2022 are condensed cash-flow presentations in the filed accounts; the reported subtotals and opening/closing cash chain are preserved.

CORRECTION (2026-08-29 correctness sweep): the original transcription omitted a real, separately-disclosed 'Effect of foreign exchange rate changes' line that sits between the opening and closing cash balances in the FY2023, FY2024, and FY2025 filings' own Cash Flow Statements (FY2025 Annual Report p.41; FY2023 Annual Report p.39, restated FY2022 comparative). Without it, the opening + net change chain did not tie to the printed closing balance for those 3 years (confirmed by re-reading each source page directly): FY2023 -18,919,972; FY2024 +3,491,832; FY2025 -15,465,348. Added as its own line; the chain now reconciles exactly for FY2023-FY2025. FY2021/FY2022 needed no change - their condensed presentation already embeds this effect within operating activities, and the chain already tied.

ENTITY NOTE: National Bank of Egypt (UK) Limited (Companies House 02743734, FRN 204520, LEI 2TV5CTDU7ZDMT8HL5F58) matches Banks List 2608.xlsx and Companies House. It is a UK-incorporated, wholly owned subsidiary of National Bank of Egypt. The accounts contain a full entity-level cash-flow statement. The annual reports and Pillar 3 documents are image-only or mixed scans for the older years; figures were OCR'd and checked against the following year's comparative columns where available. Pillar 3 is annual: no defensible entity-level interim disclosure was located, so this is a 13-sheet workbook."
national_bank_of_kuwait_international_financials_xlsx,NATIONAL BANK OF KUWAIT INTERNATIONAL FINANCIALS.xlsx,"National Bank of Kuwait (International) Plc (company 02773743, FRN 171532, LEI 213800OTQ2BHFRVL6A46) is the entity in Banks List 2608.xlsx. Companies House confirms the active public company, incorporated 9 December 1992, with accounts made up to 31 December. The Bank is a wholly-owned subsidiary of National Bank of Kuwait S.A.K.P. and is regulated by the PRA and FCA.

Official annual reports and financial statements:
FY2025: capital management p.75, https://www.nbk.com/dam/jcr:6d7dc8ff-20d6-4ba1-be40-03386a48becd/nbki-financial-statements-2025.pdf
FY2024: capital management p.76, https://www.nbk.com/dam/jcr:04623e62-4149-4a86-99a6-989cd9285e7e/NBKI-Financial-Statement-2024.pdf
FY2023: capital management p.72, https://www.nbk.com/dam/jcr:a2323d07-848e-4518-971d-8e24a3395ad0/NBKI-Financial-Statement-2023.pdf
FY2022: capital management p.64, https://www.nbk.com/dam/jcr:d333e5bb-2545-40a2-90a6-59a827646b7b/NBKI-Financial-Statement-2022.pdf
FY2021: capital management p.72, https://www.nbk.com/dam/jcr:c3c72c41-97cb-454c-b14e-2a77baf033ab/NBKI-Financial-Statement-2021.pdf

Official NBKI Pillar 3 Disclosure 31 December 2025 (Table 3, Key Metrics, p.16; includes 31 December 2024 comparative values): https://www.nbk.com/dam/jcr:19757e7d-4d03-40f8-bf39-63c995186e39/Pillar_III_Disclosures.pdf"
national_westminster_bank_plc_financials_xlsx,NATIONAL WESTMINSTER BANK PLC FINANCIALS.xlsx,"Sources - NWB Plc own annual accounts, £m:
FY2025: NWB Group Annual Report and Accounts 2025, p.96 (cash flow statement) - https://investors.natwestgroup.com/~/media/Files/R/RBS-IR-V2/results-center/13022026/nwb-annual-report.pdf
FY2024: NWB Group Annual Report and Accounts 2024, p.102 (cash flow statement) - https://investors.natwestgroup.com/~/media/Files/R/RBS-IR-V2/results-center/14022025/nwb-annual-report.pdf
FY2023: NWB Group Annual Report and Accounts 2023, p.103 (cash flow statement) - https://investors.natwestgroup.com/~/media/Files/R/RBS-IR-V2/results-center/16022024/nwb-plc-annual-report.pdf
FY2022: NWB Group Annual Report and Accounts 2022, p.104 (cash flow statement) - https://investors.natwestgroup.com/~/media/Files/R/RBS-IR-V2/results-center/17022023/nwb-plc-annual-report.pdf
FY2021: NWB Group Annual Report and Accounts 2022, p.104 (FY2021 comparative column; independently filed at Companies House) - https://investors.natwestgroup.com/~/media/Files/R/RBS-IR-V2/results-center/17022023/nwb-plc-annual-report.pdf; https://find-and-update.company-information.service.gov.uk/company/00929027/filing-history/MzMzODcyODkwNGFkaXF6a2N4/document?format=pdf&download=0

ENTITY NOTE: This workbook covers National Westminster Bank Public Limited Company (NWB Plc), company number 00929027, FRN 121878 and LEI 213800IBT39XQ9C4CP71. It is the PRA-authorised legal entity named in the project bank list, not NatWest Group plc, NatWest Holdings Limited, RBS plc or NatWest Markets Plc. NWB Plc is a member of the UK Domestic Liquidity Sub-Group (UK DoLSub) with RBS plc and Coutts & Company; LCR and NSFR are therefore shown on the UK DoLSub basis where the entity reports that basis, rather than as NWB Plc solo figures. Companies House confirms company 00929027 and the filed 2021 accounts used below."
natwest_markets_financials_xlsx,NATWEST MARKETS FINANCIALS.xlsx,"Sources — NatWest Markets Plc (NWM Plc), entity/group basis as stated in each source:
FY2025: NWM Plc Annual Report and Accounts, p.79 — https://investors.natwestgroup.com/~/media/Files/R/RBS-IR-V2/results-center/13022026/nwm-annual-report.pdf
FY2024: NWM Plc Annual Report and Accounts, p.87 — https://investors.natwestgroup.com/~/media/Files/R/RBS-IR-V2/results-center/14022025/nwm-annual-report.pdf
FY2023: NWM Plc Annual Report and Accounts, p.93 — https://investors.natwestgroup.com/~/media/Files/R/RBS-IR-V2/results-center/16022024/nwmp-annual-report.pdf
FY2022: NWM Plc Annual Report and Accounts, p.100–101 — https://investors.natwestgroup.com/~/media/Files/R/RBS-IR-V2/results-center/17022023/nwmp-annual-report.pdf
FY2021: NWM Plc Annual Report and Accounts, p.108–109 — https://investors.natwestgroup.com/~/media/Files/R/RBS-IR-V2/results-center/18022022/nwm-plc-annual-report-2021.pdf"
nomura_bank_international_financials_xlsx,NOMURA BANK INTERNATIONAL FINANCIALS.xlsx,"ENTITY NOTE: Nomura Bank International plc (company 01981122, FRN 204419) is the legal entity in the supplied Banks List 2608.xlsx. Companies House confirms the active public company, incorporated 22 January 1986, with the same registered name and annual accounts made up to 31 March. The Bank is a wholly owned subsidiary of Nomura Europe Holdings plc, has no material subsidiaries, and presents its own financial statements in USD.

Sources — Nomura Bank International plc Annual Reports and Financial Statements, Statement of Cash Flows and Note 16 UK Regulatory Capital:
FY2025: Annual Report for year ended 31 March 2025, pp.34 and 79 — https://www.nomuranow.com/portal/site/public/en-gb/resources/upload/NBI-Annual-Report-310325.pdf
FY2024: Annual Report for year ended 31 March 2024, pp.38 and 85 — https://www.nomuranow.com/portal/site/public/en-gb/resources/upload/NBI-Annual-Report-310324.pdf
FY2023: Annual Report for year ended 31 March 2023, pp.37 and 85 — https://www.nomuranow.com/portal/site/public/en-gb/resources/upload/NBI-Annual-Report-310323.pdf
FY2022: Annual Report for year ended 31 March 2022, Statement of Cash Flows and Note 16; the FY2023 report's comparative column is also cross-checkable, pp.37 and 85 — https://www.nomuranow.com/portal/site/public/en-gb/resources/upload/NBI-Annual-Report-310322.pdf / https://www.nomuranow.com/portal/site/public/en-gb/resources/upload/NBI-Annual-Report-310323.pdf
FY2021: Annual Report for year ended 31 March 2021, pp.27 and 80 — https://www.nomuranow.com/portal/site/public/en-gb/resources/upload/NBI-Annual-Report-310321.pdf
The official reports are scanned PDFs; figures were transcribed from the cited pages and cross-checked against the following year's comparative column where available. All amounts are $'000."
northern_bank_financials_xlsx,NORTHERN BANK FINANCIALS.xlsx,"Sources - Northern Bank Limited entity-level cash flow statement:
FY2025: Northern Bank Limited Annual Report and Financial Statements 2025, p.91 - https://danskebank.co.uk/-/media/danske-bank/uk/about-us/corporate-governance/annual-reports/northern-bank-annual-report-accounts-2025.pdf?hash=FAA2D970352C7AB5893C6D09B997681A&rev=a79a533060b745c682e1796ed929cab5
FY2024: Northern Bank Limited Annual Report and Financial Statements 2024, p.91 - https://danskebank.co.uk/-/media/danske-bank/uk/about-us/corporate-governance/annual-reports/northern-bank-annual-report-og-accounts-2024.pdf?hash=C989E05EAE7993B66B70ADF26AB11BF7&rev=1a1acede77ae425a8222ac3395302b9d
FY2023: Northern Bank Limited Annual Report and Financial Statements 2023, p.66 - https://danskebank.co.uk/-/media/danske-bank/uk/about-us/corporate-governance/annual-reports/northern-bank-annual-report-og-accounts-2023.pdf?hash=7CEA5F947D848F4BD9C1E97211AFF9CE&rev=4202add3decb471fbed08666ff6e307b
FY2022: Northern Bank Limited Annual Report and Financial Statements 2022, p.119 - https://danskebank.co.uk/-/media/danske-bank/uk/about-us/corporate-governance/annual-reports/northern-bank-annual-report-og-accounts-2022.pdf?rev=9aa72868afb1433d9e9df8f0959d630f
FY2021: Northern Bank Limited Annual Report and Financial Statements 2021, p.107 - https://danskebank.co.uk/-/media/danske-bank/uk/about-us/corporate-governance/annual-reports/northern-bank---annual-report-og-accounts-2021.pdf?rev=6bfedd29bb0d488ea30ffce998073674

ENTITY NOTE: Northern Bank Limited (Companies House R0000568, FRN 122261, LEI 549300KUB2XKWLPMXV81) is the exact legal entity in Banks List 2608.xlsx. It trades as Danske Bank in Northern Ireland but remains Northern Bank Limited, an autonomous subsidiary of Danske Bank Group. All figures are the Bank's own entity-level disclosures, not Danske Bank A/S group figures. The annual reports state that the Bank monitors capital monthly and quarterly and publishes these annual capital and liquidity metrics; no separate interim Pillar 3 sheet is included in this standard annual WF-018 build.

CASH FLOW PRESENTATION NOTE: The workbook retains the principal reported cash-flow lines and reported annual totals. The reports change the presentation and reconciliation detail over time; the generic verifier may therefore flag subtotal arithmetic where omitted underlying adjustments or comparative restatements are not represented in this compact view. The reported net-change-to-opening/closing cash chain is preserved."
oaknorth_bank_financials_xlsx,OAKNORTH BANK FINANCIALS.xlsx,"Sources — OakNorth Bank plc cash flows, £'000. FY2025: OakNorth Bank Plc Annual Report 2025, pp.102-103 (Statement of cash flows) — https://oaknorth.co.uk/wp-content/uploads/2026/03/Annual_Report_2025.pdf
FY2024: Annual Report 2024, pp.94-95 — https://oaknorth.co.uk/wp-content/uploads/2025/03/Annual_Report_2024.pdf
FY2023: Annual Report 2023, pp.87-88 — https://oaknorth.co.uk/wp-content/uploads/2024/03/OakNorth_Annual_Report_2023.pdf
FY2022: Annual Report 2022, pp.106-107 — https://oaknorth.co.uk/wp-content/uploads/2023/03/OakNorth-Annual-Report-2022.pdf
FY2021: Annual Report 2021, p.87 — https://www.oaknorth.co.uk/wp-content/uploads/2022/03/OakNorth-Bank-Annual-Report-2021.pdf
The 2022–2025 reports present both Bank Group and standalone Bank columns; this sheet uses the Bank Group column for those years. The 2021 report predates the ASK Partners consolidation and presents OakNorth Bank plc standalone figures, which are used for FY2021. Blank cells mean the line was not separately disclosed under that year's presentation; they are not zeros."
onesavings_financials_xlsx,ONESAVINGS FINANCIALS.xlsx,"Sources — OneSavings Bank plc (Company-only basis), Statement of Cash Flows, £m:
FY2025 & FY2024: OneSavings Bank plc Annual Report and Financial Statements for the year ended 31 December 2025, p.91 (Company column; FY2024 comparative) — https://find-and-update.company-information.service.gov.uk/company/07312896/filing-history/MzUyMDIyOTcwM2FkaXF6a2N4/document?download=0&format=pdf
FY2024 & FY2023: OneSavings Bank plc Annual Report and Financial Statements for the year ended 31 December 2024, p.91 (Company column; FY2023 comparative) — https://find-and-update.company-information.service.gov.uk/company/07312896/filing-history/MzQ2NTMxODAwN2FkaXF6a2N4/document?download=0&format=pdf
FY2023 & FY2022: OneSavings Bank plc Annual Report and Financial Statements for the year ended 31 December 2023, p.89 (Company column; FY2022 comparative) — https://find-and-update.company-information.service.gov.uk/company/07312896/filing-history/MzQxOTAwNzg1NWFkaXF6a2N4/document?download=0&format=pdf
FY2021: OneSavings Bank plc Annual Report and Financial Statements for the year ended 31 December 2021, p.98 (Company column) — https://www.onesavingsbank.com/media/5n1lklrr/onesavings-bank-plc-2021-accounts.pdf

ENTITY AND BASIS NOTE: OneSavings Bank plc (Companies House 07312896, FRN 530504) is the PRA-authorised bank in scope. Cash Flow Statement figures are the Bank's Company-only column, £m, from its own statutory annual accounts. The Pillar 3 disclosures are published by OSB Group plc on a consolidated Group basis and include the Group's banking entities OneSavings Bank plc and Charter Court Financial Services Limited, plus their relevant subsidiaries; OSB does not publish a five-year OSB-bank-only Pillar 3 series. The bases are therefore intentionally different and must not be treated as a single-entity time series. The 2023-2025 Companies House filings were scanned/image-only and were OCR'd; figures were cross-checked against the official OSB reports and the printed opening/closing cash reconciliation."
oxbury_financials_xlsx,OXBURY FINANCIALS.xlsx,"Sources - Oxbury Bank Plc Company/entity basis; all figures £'000:
FY2025 and restated FY2024: Oxbury Bank Plc Annual Report and Accounts 2025, pp.40-41, Company columns - https://www.oxbury.com/media/e3xppqoe/2025-company-accounts.pdf
FY2023: Oxbury Bank Plc Annual Report and Accounts 2024, pp.40-41, Company columns - https://www.oxbury.com/media/03rk55or/oxbury-2024-accounts-1pg.pdf
FY2022: Oxbury Bank Plc Annual Report and Accounts 2023, pp.40-41, Company columns; the report marks the affected comparative figures with an asterisk and explains the restatement in Note 31 - https://www.oxbury.com/media/dxeb3xqx/oxbury-bank-annual-accounts-31122023.pdf
FY2021: Oxbury Bank Plc Annual Report and Accounts 2022, p.39, Company columns - https://www.oxbury.com/media/brmf2riv/annual-report-2022.pdf
The FY2021 source report also reproduces the FY2021 statement in the 2021 Annual Report, p.35 - https://www.oxbury.com/media/g5xibgrw/annual-report-2021.pdf

The FY2025 financing subtotal is £1k above the sum of the displayed rounded component lines; the explicit £1k rounding adjustment preserves the report's stated subtotal.

ENTITY / BASIS NOTE: Oxbury Bank Plc (FRN 834822; Companies House no. 11383418) is the PRA-authorised bank and the entity covered by this workbook. The annual reports present both Group and Company columns. This workbook uses the Company/entity-level cash-flow figures throughout. The Group includes Oxbury Bank Plc and its wholly owned subsidiary Oxbury Earth Ltd (and, from FY2025, Oxbury Earth LLC); Group figures are not substituted for the Bank's own figures. The FY2025 report describes a new wider holding structure, but the legal bank entity remains Oxbury Bank Plc."
paragon_financials_xlsx,PARAGON FINANCIALS.xlsx,"Sources - Paragon Bank PLC own statutory Cash Flow Statement, £m (all years ended 30 September):
FY2025: Annual Report 2025, p.59 and notes 33-35 pp.111-112 - https://www.paragonbankinggroup.co.uk/resources/paragon-group/documents/2025-paragon-bank-plc-ara
FY2024: Annual Report 2024, p.53 and notes 32-34 pp.105-106 - https://www.paragonbankinggroup.co.uk/resources/paragon-group/documents/paragon-bank-plc-annual-report-and-accounts-2024
FY2023: Annual Report 2023, p.52 and notes 32-34 pp.102-103 - https://www.paragonbankinggroup.co.uk/resources/paragon-group/documents/paragon-bank-plc-annual-report-and-accounts-2023
FY2022: Annual Report 2022, p.48 and notes 32-34 pp.93-94 - https://www.paragonbankinggroup.co.uk/resources/paragon-group/documents/section-172/2022/paragon-bank-plc-s172
FY2021: Annual Report 2021, p.50 and notes 32-34 pp.93-94 - https://www.paragonbankinggroup.co.uk/resources/paragon-group/documents/section-172/paragonbankaccounts2021
ENTITY/BASIS NOTE: Paragon Bank PLC (Companies House 05390593, FRN 604551; formerly Paragon Mortgages (No.24) PLC) is the regulated UK bank. Cash flows are the Bank's own statutory statement, £m, for years ended 30 September. Pillar 3 capital/liquidity figures are for the Paragon Bank regulatory group, including subsidiary entities, as stated in the 2025 accounts and Pillar 3 reports. FY2025 full-year Pillar 3 was announced on 23 January 2026, but the accessible 2025 URL is the half-year document; FY2025 capital metrics therefore use audited Annual Report note 38 and FY2025 LCR/NSFR use its strategic-report disclosures. MREL is not disclosed in reviewed reports."
perenna_financials_xlsx,PERENNA FINANCIALS.xlsx,"Sources - FY2021-FY2023 are Perenna Bank PLC's own company-only Statement of Cash Flows; FY2024-FY2025 are the consolidated Group Statement of Cash Flows:
FY2025: Group Annual Report and Financial Statements 2025, p.29-30 (Consolidated Statement of Cash Flows) - https://find-and-update.company-information.service.gov.uk/company/13084174/filing-history/MzUyNTM5NTkxM2FkaXF6a2N4/document?format=pdf&download=0
FY2024: Group Annual Report and Financial Statements 2024, p.32-33 (Consolidated Statement of Cash Flows) - https://find-and-update.company-information.service.gov.uk/company/13084174/filing-history/MzQ3MjEwNTk2M2FkaXF6a2N4/document?format=pdf&download=0
FY2023: Annual Report and Financial Statements 2023, p.33-34 (Statement of Cash Flows) - https://find-and-update.company-information.service.gov.uk/company/13084174/filing-history/MzQyNTQzMzk4MGFkaXF6a2N4/document?format=pdf&download=0
FY2022: Annual Report and Financial Statements 2022, p.30-31 (Statement of Cash Flows; 2021 comparative is restated) - https://find-and-update.company-information.service.gov.uk/company/13084174/filing-history/MzM4MjAzMDY1OWFkaXF6a2N4/document?format=pdf&download=0
FY2021: Annual Report and Financial Statements 2021, p.14 (Statement of Cash Flows) - https://find-and-update.company-information.service.gov.uk/company/13084174/filing-history/MzM1MTg2MDczOWFkaXF6a2N4/document?format=pdf&download=0
ENTITY NOTE: Perenna Bank PLC (Companies House 13084174; PRA FRN 956138) was incorporated as Perenna FFL PLC and changed its legal name on 30 September 2022. This is the same legal entity, not a substituted group or predecessor. It received a restricted banking licence in August 2022 and a full banking licence in 2023. FY2021-FY2023 are company-only accounts; FY2024-FY2025 also present consolidated Group accounts, and the consolidated cash-flow statement is used for those years. All figures below are in pounds (£), as reported.

DATA QUALITY NOTE: The FY2024 and FY2025 reports contain an internal presentation/arithmetic inconsistency in the intermediate operating-cash subtotal labelled 'Cash used in operations'. The final reported net operating cash totals do reconcile to the full preceding line-item chain, so the intermediate subtotal is omitted rather than double-counted; all underlying line items and the final reported totals are transcribed as printed. FY2024's final net operating total is (£51,800,587), while FY2025's is (£62,911,585)."
persia_international_bank_financials_xlsx,PERSIA INTERNATIONAL BANK FINANCIALS.xlsx,"Sources - Persia International Bank Plc's own entity-level Statements of Cash Flows, converted from EUR to GBP using the Bank's disclosed rates (see FX note):
FY2025: Annual Report and Financial Statements for year ended 31 March 2025, p.39 - https://find-and-update.company-information.service.gov.uk/company/04218020/filing-history/MzQ3OTMzNTI0NWFkaXF6a2N4/document?download=0&format=pdf
FY2024: Annual Report and Financial Statements for year ended 31 March 2024, p.32 - https://find-and-update.company-information.service.gov.uk/company/04218020/filing-history/MzQzMzA4NzcwMWFkaXF6a2N4/document?download=0&format=pdf
FY2023: Annual Report and Financial Statements for year ended 31 March 2023, p.31 - https://find-and-update.company-information.service.gov.uk/company/04218020/filing-history/MzM4OTExNTc1NmFkaXF6a2N4/document?download=0&format=pdf
FY2022: Annual Report and Financial Statements for year ended 31 March 2022, p.30 - https://find-and-update.company-information.service.gov.uk/company/04218020/filing-history/MzM1NTU5ODQzNmFkaXF6a2N4/document?download=0&format=pdf
FY2021: FY2022 Annual Report's comparative column, p.30 - https://find-and-update.company-information.service.gov.uk/company/04218020/filing-history/MzM1NTU5ODQzNmFkaXF6a2N4/document?download=0&format=pdf

ENTITY AND REPORTING BASIS: Persia International Bank Plc (company 04218020, FRN 208020) is an active UK PRA/FCA-regulated bank incorporated 16 May 2001, with registered office at 6 Lothbury, London EC2R 7HH. Companies House shows full accounts filed through the year ended 31 March 2025; the Bank is owned 60% by Bank Mellat and 40% by Bank Tejarat. These are the Company's own entity-level financial statements, prepared under UK-adopted IFRS on a going-concern basis, in EUR (the functional and presentation currency). The Bank's reports say that OFAC sanctions re-imposed in November 2018 and continuing difficulty obtaining UK clearing and correspondent-bank relationships restrict normal banking activity; Iranian exposures continue to receive a 150% risk weight because Iran is excluded from the relevant UK/EU equivalence list. The reports nevertheless state that the Bank expects to continue as a going concern. The FY2022 report's auditor highlighted material uncertainty over going concern, while later reports continued on a going-concern basis.
FX METHODOLOGY: the Bank's accounting policies disclose EUR/GBP rates (EUR per GBP). Flow figures are divided by the year's disclosed average rate; balance figures are divided by the year's disclosed year-end rate. The cash-flow sheet includes the Bank's own exchange-difference line and a programmatic GBP translation line where the use of average rates for flows and year-end rates for balances creates a residual. FY2021 opening cash is left blank because the source does not provide a FY2020 year-end rate in the reviewed five-year source set."
philippine_national_bank_europe_financials_xlsx,PHILIPPINE NATIONAL BANK EUROPE FINANCIALS.xlsx,"Sources - PNBE's own standalone Pillar 3 disclosures (GBP '000 unless stated):
FY2025: Pillar 3 Disclosures for 31 December 2025, pp.3, 5-8 - https://www.pnb.com.ph/storage/asset-libraries/Me1hxgtaSlrRs32Dvl6SIB1qgOfY1WbTDfGv2ZzQ.pdf
FY2024: Pillar 3 Disclosures for 31 December 2024, pp.3, 5-8 - https://pnb-website.s3-ap-southeast-1.amazonaws.com/uploads/docs/Pillar3_Disclosures.pdf
Entity identity and accounts filing history: Companies House - https://find-and-update.company-information.service.gov.uk/company/02939223; https://find-and-update.company-information.service.gov.uk/company/02939223/filing-history?category=accounts
ENTITY/BASIS: Philippine National Bank (Europe) Plc (Companies House 02939223; FRN 204532; LEI 8945002FWV05NGBXJJ26) is the UK-registered bank, wholly owned by Philippine National Bank (Manila). The official FY2024 and FY2025 Pillar 3 documents state that PNBE has no subsidiaries and disclose on an un-consolidated basis. Parent PNB Manila figures and parent-group disclosures are expressly excluded. Companies House confirms the entity and annual 31 December accounts history."
punjab_national_bank_international_financials_xlsx,PUNJAB NATIONAL BANK INTERNATIONAL FINANCIALS.xlsx,"Sources - Punjab National Bank (International) Limited entity-level Statement of Cash Flows (native unit $'000):
FY2026: Annual Report and Accounts 2026, printed p.50 - https://www.pnbint.com/PNBIL/pdf/Financial_Reports/PNBIL-Annual-Report-2026.pdf
FY2025: Annual Report and Accounts 2025, printed p.49 - https://www.pnbint.com/PNBIL/pdf/Financial_Reports/PNBIL%20Annual%20Report%202025.pdf
FY2024: Annual Report and Accounts 2024, printed p.44 - https://www.pnbint.com/PNBIL/pdf/Financial_Reports/Annual_Report_31-03-2024.pdf
FY2023: Annual Report and Accounts 2023, printed p.39 - https://www.pnbint.com/PNBIL/pdf/Financial_Reports/PNBIL_Annual_Report_2023.pdf
FY2022: Annual Report and Accounts 2022, printed p.36; FY2021 comparative is not needed for this five-year window - https://www.pnbint.com/PNBIL/pdf/Financial_Reports/AnnualReport20220331.pdf

Punjab National Bank (International) Limited (Companies House company 05781326, FRN 459701) is an active UK private limited bank, incorporated in England and Wales and wholly owned by Punjab National Bank, India. The FY2026 annual report confirms the registered office at 1 Moorgate, London EC2R 6JH, no branches outside the UK, and UK-adopted International Accounting Standards. The financial statements are entity-level and presented in US Dollars because that is the Bank's functional currency. The Bank's own Pillar 3 disclosures are solo-basis; PNB India consolidates the group separately. The Bank has a genuine Statement of Cash Flows in every report used.
USD-to-GBP conversion: cash-flow flows use the Bank of England XUDLUSS average rate for the 1 April-31 March financial year, while cash balances and Pillar 3 dollar amounts use the final available Bank of England spot rate at 31 March. Rates (£1 = $X) were FY2022 1.3662 average/1.3162 spot, FY2023 1.2045/1.2364, FY2024 1.2568/1.2632, FY2025 1.2763/1.2910, and FY2026 1.3404/1.3188. The FY2022 opening balance uses the 31 March 2021 spot rate of 1.3796. Ratios remain exactly as reported because they are dimensionless. A computed GBP translation line reconciles the use of different flow and stock rates; it is not a Bank-reported cash-flow line."
qib_uk_financials_xlsx,QIB UK FINANCIALS.xlsx,"Sources - QIB (UK) plc's own entity Statement of Cash Flows, converted from £ to £m (divide by 1,000,000 and round to 2 decimals):
FY2025: Annual Report, p.24 - https://find-and-update.company-information.service.gov.uk/company/04656003/filing-history/MzUyNzI4MTM5OGFkaXF6a2N4/document?format=pdf&download=0
FY2024: Annual Report, p.25 - https://find-and-update.company-information.service.gov.uk/company/04656003/filing-history/MzQ2NzkwMzQ0MmFkaXF6a2N4/document?format=pdf&download=0
FY2023: Annual Report, p.24 - https://find-and-update.company-information.service.gov.uk/company/04656003/filing-history/MzQyNDU4NzQ0OGFkaXF6a2N4/document?format=pdf&download=0
FY2022: Annual Report, p.25 - https://find-and-update.company-information.service.gov.uk/company/04656003/filing-history/MzM4MDQ4MTUzN2FkaXF6a2N4/document?format=pdf&download=0
FY2021: Annual Report, p.22 - https://find-and-update.company-information.service.gov.uk/company/04656003/filing-history/MzMzOTk2ODIxNmFkaXF6a2N4/document?format=pdf&download=0
FY2025/FY2024 reports label the FY2024 comparative restated and FY2023 labels the FY2022 comparative restated. Each year's own report column is used here, preserving the project convention and avoiding blended reclassifications. FY2024 and FY2023 each contain a source presentation difference between the printed operating line items and the printed operating subtotal; explicit reconciliation rows preserve both.

ENTITY NOTE: QIB (UK) plc (Companies House 04656003, FRN 466577) is the UK bank subsidiary of Qatar Islamic Bank S.A.Q. The Bank states that it had no active subsidiaries or joint ventures at 31 December 2023 and does not prepare group accounts; these are entity-only GBP accounts. Companies House shows the entity Active with accounts filed through FY2025."
rathbones_investment_management_financials_xlsx,RATHBONES INVESTMENT MANAGEMENT FINANCIALS.xlsx,"Sources - Rathbones Investment Management Limited statutory Statement of cash flows, GBP'000. Each year's own column was checked against the next year's comparative column where available.
FY2025 and FY2024 comparative: Annual report and financial statements 2025, p.25 - https://find-and-update.company-information.service.gov.uk/company/01448919/filing-history/MzUyMjY1MjQyNWFkaXF6a2N4/document?download=0&format=pdf
FY2024 and FY2023 comparative: Annual report and financial statements 2024, p.28 - https://find-and-update.company-information.service.gov.uk/company/01448919/filing-history/MzQ3MzI5ODI4OWFkaXF6a2N4/document?download=0&format=pdf
FY2023 and FY2022 comparative: Annual report and financial statements 2023, p.29 - https://find-and-update.company-information.service.gov.uk/company/01448919/filing-history/MzQyMjI5MjUwM2FkaXF6a2N4/document?download=0&format=pdf
FY2022 and FY2021 comparative: Annual report and financial statements 2022, p.29 - https://find-and-update.company-information.service.gov.uk/company/01448919/filing-history/MzM4MTE3NjI0OGFkaXF6a2N4/document?download=0&format=pdf
FY2021: Annual report and financial statements 2021, p.29 - https://find-and-update.company-information.service.gov.uk/company/01448919/filing-history/MzM0MjM1MjU5OWFkaXF6a2N4/document?download=0&format=pdf

Entity: Rathbones Investment Management Limited (FRN 116316, company 01448919), formerly Rathbone Investment Management Limited until 7 December 2022. The Company is a wholly-owned subsidiary of Rathbones Group Plc and prepares entity-only IFRS financial statements under the Companies Act 2006 Section 400 exemption from consolidated accounts. Figures are GBP'000. The Company is an investment and wealth-management business, not the consolidated Rathbones Group.

Pillar 3 metrics are not substituted from Rathbones Group Plc: the official 2024 Pillar 3 report states that disclosures are consolidated and that no large subsidiary meets the definition requiring individual disclosure. Accordingly, entity-level CET1, Tier 1, Total Capital, RWA, leverage, LCR, NSFR and MREL figures are not publicly disclosed in the Company's accounts. The 2021 own-account closing cash (£1,530,445k) does not equal the 2022 account's comparative opening cash (£1,527,887k); both source-presented figures are retained and the difference is not inferred or forced."
rbc_europe_financials_xlsx,RBC EUROPE FINANCIALS.xlsx,"Sources - RBC Europe Limited's own Statement of Cash Flows, £'000 (all five filings were image-only scans; OCR'd with tesseract and cross-checked against rendered pages):
FY2025/FY2024: Full accounts made up to 31 October 2025, p.41 - https://find-and-update.company-information.service.gov.uk/company/00995939/filing-history/MzUxNjA1NTA3MGFkaXF6a2N4/document?format=pdf&download=0
FY2024/FY2023: Full accounts made up to 31 October 2024, p.39 - https://find-and-update.company-information.service.gov.uk/company/00995939/filing-history/MzQ3MTY0MzU5OWFkaXF6a2N4/document?format=pdf&download=0
FY2023/FY2022: Full accounts made up to 31 October 2023, p.36 - https://find-and-update.company-information.service.gov.uk/company/00995939/filing-history/MzQxNjYxMzY5MmFkaXF6a2N4/document?format=pdf&download=0
FY2022/FY2021: Full accounts made up to 31 October 2022, p.34; FY2021 is the restated comparative - https://find-and-update.company-information.service.gov.uk/company/00995939/filing-history/MzM3Mzk1MDQ0MWFkaXF6a2N4/document?format=pdf&download=0
The 2022 accounts label the FY2021 comparative as restated following an error; that restated comparative is used.
RBC Europe Limited (company 00995939, FRN 124543) is a UK authorised bank and wholly owned subsidiary of Royal Bank of Canada. The financial statements and cash flows are the Company's own entity-level figures in GBP, with October 31 year-end. The Pillar 3 disclosures are also RBC Europe Limited (RBCEL) Company-level disclosures, not consolidated Royal Bank of Canada group figures.
RECONCILIATION NOTE: In each year, the source's reported net decrease/increase equals operating + investing + financing cash flows before the separately presented exchange-rate effect. Closing cash equals opening cash + that net-change line + the exchange-rate effect."
rbs_financials_xlsx,RBS FINANCIALS.xlsx,"Sources - all figures are RBS plc's own Cash flow statement, £m:
FY2025: RBS plc Annual Report and Accounts 2025, p.85 (Cash flow statement) - https://investors.natwestgroup.com/~/media/Files/R/RBS-IR-V2/results-center/13022026/rbs-annual-report.pdf
FY2024: RBS plc Annual Report and Accounts 2024, p.89 (Cash flow statement) - https://investors.natwestgroup.com/~/media/Files/R/RBS-IR-V2/results-center/14022025/rbs-plc-annual-report.pdf
FY2023: RBS plc Annual Report and Accounts 2023, p.90 (Cash flow statement) - https://investors.natwestgroup.com/~/media/Files/R/RBS-IR-V2/results-center/16022024/rbs-plc-annual-report.pdf
FY2022: RBS plc Annual Report and Accounts 2022, p.98 (Cash flow statement) - https://investors.natwestgroup.com/~/media/Files/R/RBS-IR-V2/results-center/17022023/rbs-plc-annual-report.pdf
FY2021: RBS plc Annual Report and Accounts 2022, p.98 (FY2021 comparative column of the same statement; independently cross-checked against RBS plc Annual Report and Accounts 2021, p.91, own-year statement, which gives an identical operating-activities total of £15,792m) - https://investors.natwestgroup.com/~/media/Files/R/RBS-IR-V2/results-center/17022023/rbs-plc-annual-report.pdf
Presentation note: FY2021-FY2022 annual reports itemise cash flows from operating activities in full detail (individual adjustments, changes in each operating asset/liability class); FY2023-FY2025 reports condense these into two note-referenced lines ('Non-cash and other items' and 'Changes in operating assets and liabilities', detailed in Note 21/22 rather than the face statement). Each year's own as-published presentation is preserved below rather than forced into a common format. The full opening-to-closing cash chain reconciles exactly across all 5 years (FY2021 opening £46,426m through FY2025 closing £48,316m).

ENTITY NOTE: The Royal Bank of Scotland Public Limited Company ('RBS plc', company number SC083026, FRN 114724, LEI 549300WHU4EIHRP28H10) is a large, PRA-authorised subsidiary of NatWest Group plc (formerly The Royal Bank of Scotland Group plc). IMPORTANT LINEAGE NOTE: company SC083026 was originally incorporated on 9 May 1983 as 'Adam & Company Public Limited Company' (a private banking subsidiary) and was renamed 'The Royal Bank of Scotland Public Limited Company' on 29 April 2018, as part of the ring-fencing reforms that split NatWest Group's retail/commercial banking (ring-fenced) from investment banking (non-ring-fenced) activities. The pre-2018 entity that historically traded as 'The Royal Bank of Scotland plc' (the 1727-founded bank, formerly the whole group's principal operating subsidiary) was itself renamed 'NatWest Markets Plc' at the same time and continues today as NatWest Group's investment banking subsidiary - it is NOT the entity covered by this workbook. This workbook covers the entity that currently and continuously holds the exact name 'The Royal Bank of Scotland Public Limited Company' (confirmed via Companies House and the FCA/PRA Financial Services Register, and matching the FRN and LEI listed in this project's source bank list) - i.e. the ring-fenced retail/commercial banking entity operating under the RBS brand in Scotland and Northern Ireland, not the original historic RBS legal entity. Flagged here prominently given the scale of the institution and the potential for this lineage to be confused with NatWest Markets Plc.

RBS plc is a member of the 'UK DoLSub' (UK Domestic Liquidity Sub-Group) alongside National Westminster Bank Plc and Coutts & Company; under a PRA waiver, liquidity (LCR/NSFR) is managed and disclosed at this sub-group level rather than at the individual RBS plc entity level - the LCR/NSFR figures on those sheets are UK DoLSub figures, consistently across every year in this workbook, not RBS plc solo. From FY2024 onward, RBS plc's own Annual Report and Pillar 3 Report no longer state a numeric UK DoLSub LCR/NSFR at all (that disclosure moved entirely to the NatWest Holdings Group Annual Report, a different reporting entity not covered by this project) - FY2024/FY2025 LCR/NSFR are therefore blank, not a gap in RBS plc's own reporting."
rci_bank_uk_financials_xlsx,RCI BANK UK FINANCIALS.xlsx,"Sources - RCI Bank UK Limited Group consolidated cash flows, £'000 (Group column):
FY2024 & FY2023 comparative: Annual Report and Financial Statements for year ended 31 December 2024, printed pp.46-47 (PDF pp.45-46) - https://find-and-update.company-information.service.gov.uk/company/11429127/filing-history/MzQ4MzYzODUzNmFkaXF6a2N4/document?download=0&format=pdf
FY2023 & FY2022 comparative: Annual Report and Financial Statements for year ended 31 December 2023, printed pp.39-40 (PDF pp.38-39) - https://find-and-update.company-information.service.gov.uk/company/11429127/filing-history/MzQyNTg5Mjk5OWFkaXF6a2N4/document?download=0&format=pdf
FY2022 & FY2021 comparative: Annual Report and Financial Statements for year ended 31 December 2022, printed pp.36-37 (PDF pp.35-36) - https://find-and-update.company-information.service.gov.uk/company/11429127/filing-history/MzM4MDE0Nzg1OGFkaXF6a2N4/document?download=0&format=pdf
FY2021 & FY2020 comparative: Annual Report and Financial Statements for year ended 31 December 2021, printed pp.37-38 (PDF pp.36-37) - https://find-and-update.company-information.service.gov.uk/company/11429127/filing-history/MzM0MjczNjEyNGFkaXF6a2N4/document?download=0&format=pdf
FY2020: Annual Report and Financial Statements for year ended 31 December 2020, printed pp.33-34 (PDF pp.32-33) - https://find-and-update.company-information.service.gov.uk/company/11429127/filing-history/MzMwNzExODk0NmFkaXF6a2N4/document?download=0&format=pdf

ENTITY NOTE: RCI Bank UK Limited (company 11429127; FRN 815220) is the PRA/FCA-authorised bank. The cash-flow statement uses the Group column of RCI Bank UK Limited's statutory accounts: RCI Bank UK, 100%-owned RCI Financial Services Limited, 85%-owned Mobilize Lease & Co UK Limited and controlled securitisation SPVs. The accounts also print a Company column, but the Group column is used consistently because the bank's lending and lease operations sit in its subsidiaries. FY2024 is the latest available statutory filing; FY2025 accounts were not yet filed at the time of build. All five reports are scanned PDFs and were OCR-processed; values were cross-checked against the printed totals and later comparative columns.

DATA QUALITY NOTE: The OCR of the FY2022 report rendered the Group FY2022 proceeds from investment securities as £4,024,803. The FY2023 report's clean comparative column prints £1,024,803, which agrees with the reported FY2022 investing subtotal of (£898) and the cash movement. The corrected £1,024,803 is used here; this is a source/OCR correction, not an estimate."
recognise_bank_financials_xlsx,RECOGNISE BANK FINANCIALS.xlsx,"Sources - Recognise Bank Limited Company/standalone cash flows, £'000:
FY2026 & FY2025: Annual Report 2026, printed p.52 - https://recognisebank.co.uk/wp-content/uploads/274107-Recognise-Bank-Annual-Report-WEB.pdf
FY2024 & FY2023: Annual Report 2024, printed p.46 (Company statement) - https://recognisebank.co.uk/wp-content/uploads/2024-Annual-Report-Accounts.pdf
FY2023 & FY2022: Annual Report 2023, printed p.42 (Company statement) - https://recognisebank.co.uk/wp-content/uploads/2023/10/230821-Recognise-Bank-2023-Annual-Report-WEB.pdf
FY2022 & FY2021 comparative: Annual Report 2022, printed p.44 (Company statement) - https://recognisebank.co.uk/wp-content/uploads/2023/10/2022-Annual-Report-Recognise-Bank-Limited.pdf

ENTITY/BASIS NOTE: Recognise Bank Limited (Companies House 10603119; FRN 849404; LEI 213800ZFTXJC7RV9UQ92) is the matched authorised bank entity. Cash flows are presented on the Company/standalone basis in £'000 throughout. The 2022-2024 reports also show Group columns, but the Company column is used consistently here. Recognise's sole remaining subsidiary, Credit Asset Management Limited (CAML), entered members' voluntary liquidation on 24 March 2025; the 2025 accounts therefore were not consolidated, and the 2026 report is standalone. FY2025 is taken from the clean comparative in the 2026 report because the bank's published 2025 PDF has an extraction/encoding problem; no figure is inferred. Blank cells mean not publicly disclosed, not zero."
redwood_bank_financials_xlsx,REDWOOD BANK FINANCIALS.xlsx,"Sources - Redwood Bank Limited Company-only statement of cash flows, £:
FY2025: Redwood Bank Annual Report and Accounts 2025, p.50 - https://redwoodbank.co.uk/media/howpdnen/2025-annual-report-and-accounts_redwood-bank-signed-150426.pdf
FY2024: Redwood Bank Annual Report and Accounts 2024, p.47 - https://redwoodbank.co.uk/media/0h5hp3ku/2024-redwood-bank-annual-report-and-accounts.pdf
FY2023: Redwood Bank Annual Report and Accounts 2023, p.59 - https://redwoodbank.co.uk/media/zrjnifqm/redwood-year-end-annual-report-and-accounts-2023-1.pdf
FY2022: Redwood Bank Limited full accounts made up to 31 December 2022 filed at Companies House, p.33 (comparative column) - https://find-and-update.company-information.service.gov.uk/company/09872265/filing-history/MzM4NjEzNjAwN2FkaXF6a2N4/document?download=0&format=pdf
FY2021: Redwood Bank Limited full accounts made up to 31 December 2022 filed at Companies House, p.33 (comparative column for 2021), with the 2021 account used as a cross-check, p.28 - https://find-and-update.company-information.service.gov.uk/company/09872265/filing-history/MzM4NjEzNjAwN2FkaXF6a2N4/document?download=0&format=pdf

The FY2022 and FY2021 columns use later-year comparative columns where available, following the project rule to inspect comparatives before seeking separate documents. The FY2021 comparative presents a small internal reclassification of TFSME interest and financing cash: its operating subtotal is £15,466,786 and financing subtotal £28,300,000, while the standalone 2021 report prints £15,456,792 and £28,309,994. Both produce the same reported net cash increase of £23,972,927 and the same closing cash of £105,308,945; the later comparative is used consistently here.

ENTITY NOTE: Redwood Bank Limited (company 09872265, FRN 755924) is the exact legal entity in the bank list. It is a UK-authorised bank and a wholly owned subsidiary of Redwood Financial Partners Limited. The annual reports present the Bank on a Company-only basis; no Group cash-flow statement has been substituted. The company was previously named Acorn Financial Partners Limited, but the name change occurred before the years covered and does not create an entity ambiguity."
reliance_bank_financials_xlsx,RELIANCE BANK FINANCIALS.xlsx,"Sources - Reliance Bank Limited entity cash flows, £:
FY2026: Annual Report and Accounts for year ended 31 March 2026, cash-flow statement and notes 23-25, https://find-and-update.company-information.service.gov.uk/company/00068835/filing-history/MzUzNTUyMDU0NWFkaXF6a2N4/document?format=pdf&download=0
FY2025: Annual Report and Accounts for year ended 31 March 2025, cash-flow statement and notes 23-25, https://find-and-update.company-information.service.gov.uk/company/00068835/filing-history/MzQ3NTMwMjc2NGFkaXF6a2N4/document?format=pdf&download=0
FY2024: Annual Report and Accounts for year ended 31 March 2024, cash-flow statement and notes 23-25, https://find-and-update.company-information.service.gov.uk/company/00068835/filing-history/MzQzMDIwODk2MGFkaXF6a2N4/document?format=pdf&download=0
FY2023: Annual Report and Accounts for year ended 31 March 2023, cash-flow statement and notes 23-25, https://find-and-update.company-information.service.gov.uk/company/00068835/filing-history/MzM5NDkwNzg3NmFkaXF6a2N4/document?format=pdf&download=0
FY2022: Annual Report and Accounts for year ended 31 March 2022, cash-flow statement and notes 23-25, https://find-and-update.company-information.service.gov.uk/company/00068835/filing-history/MzM1MjMwMDYyNWFkaXF6a2N4/document?format=pdf&download=0

Reliance Bank Limited (Companies House 00068835; FRN 204537) is the bank in the supplied bank list. The statements are the Bank's own entity accounts in £. The latest five available years are FY2022-FY2026 (31 March year ends). All Companies House reports were image-only scans and were transcribed after rendering/OCR. The 2024 accounts restate the 2023 cash-flow comparative (operating cash £(27,740,745) versus £(28,182,841) reported in the 2023 accounts), following a money-market-fund reclassification. Per project convention, each year uses its own originally published figures; the restatement is documented rather than silently applied. The FY2026 operating subtotal is £67,891 higher than its listed adjustments and its reported operating total is £67,891 lower than subtotal plus listed changes; FY2022 has £1 differences in both places. These are shown as source arithmetic differences, not estimates."
santander_financial_services_financials_xlsx,SANTANDER FINANCIAL SERVICES FINANCIALS.xlsx,"Sources - Santander Financial Services plc own audited Cash Flow Statement, £m:
FY2025 and FY2024: SFS 2025 Annual Report, Cash Flow Statement (printed p.48/49) - https://assets.santandermedia.com/adobe/assets/urn:aaid:aem:3af8ccd7-5ee0-4196-9577-83a30558e64c/original/as/02536CCAA25SantanderFinancialServicesPlc.pdf
FY2023 and FY2022: SFS 2023 Annual Report, Cash Flow Statement (printed p.49) - https://assets.santandermedia.com/adobe/assets/urn:aaid:aem:8da5f087-d631-4188-9c9c-9671410070c5/original/as/sfs_annual_report_2023.pdf
FY2022 and FY2021: SFS 2022 Annual Report, Cash Flow Statement (printed p.48) - https://assets.santandermedia.com/adobe/assets/urn:aaid:aem:f15fea69-5780-484a-bb22-ce42b29eeac3/original/as/santander_financial_services_plc_2022_annual_report.pdf
FY2021: SFS 2021 Annual Report, Cash Flow Statement (printed p.48) - https://assets.santandermedia.com/adobe/assets/urn:aaid:aem:58592004-0ef9-4156-9df8-367908fc81a9/original/as/sfs_2021_annual_report.pdf

The 2022 report's 2021 comparative agrees with the 2021 report. The 2023 report's 2022 comparative is used for the FY2022 column, and the 2025 report's 2024 comparative is used for FY2024. FY2025 accounting-policy change to IFRS 9 hedge accounting did not impact the statement of financial position or income statement and comparatives were not restated.

ENTITY NOTE: Santander Financial Services plc (company 02338548, FRN 146003) is the legal entity covered. It operates in the UK, Jersey and the Isle of Man and is a subsidiary of Santander UK Group Holdings plc. The Company's accounts are prepared on an individual-company basis: SFS is exempt from preparing group accounts under section 400 of the Companies Act 2006. Figures below therefore use SFS standalone/company basis throughout; Santander UK plc, Santander UK Group Holdings plc and Banco Santander SA figures are not substituted."
santander_financials_xlsx,SANTANDER FINANCIALS.xlsx,"Sources - all figures are Santander UK Plc consolidated cash flow statement, £m:
FY2025 & FY2024: Santander UK plc Annual Report 2025, p.126 (Consolidated Cash Flow Statement) - https://www.santander.co.uk/assets/s3fs-public/documents/SantanderUKplc2025AnnualReport.pdf
FY2023, FY2022 & FY2021: Santander UK plc Annual Report 2023, p.120 (Consolidated Cash Flow Statement) - https://www.santander.co.uk/assets/s3fs-public/documents/santander_uk_plc_annual_report_2023.pdf
Note: Santander UK redefined the composition of 'cash and cash equivalents' between these report vintages - the FY2023 annual report (used for the FY2023/FY2022/FY2021 columns here) includes 'Reverse repurchase agreements' as a component of cash equivalents, while the FY2025 annual report's presentation (used for the FY2025/FY2024 columns) does not. Each column above uses that year's own report's original presentation rather than a later restated comparative, so FY2023's closing cash balance (42,502) will not tie directly to the FY2024 column's opening balance as shown in the FY2025 report (36,781) - the £5,721m difference is exactly the FY2023 reverse-repo balance reclassified out of cash equivalents. Operating/investing/financing subtotals and the change-in-cash reconciliation are internally consistent within each year shown.

ENTITY NOTE: Santander UK Plc (FRN 106054, company number 02294747) is the PRA-authorised ring-fenced bank (RFB) - not to be confused with 'Santander Financial Services plc' (FRN 146003, a separate, smaller PRA-authorised entity) or with its own intermediate holding company 'Santander UK Group Holdings plc' (the resolution entity, which publishes its own separate Annual Report/Pillar 3). This workbook uses Santander UK Plc's own consolidated ('RFB Group') basis throughout, consistent with how this workbook series always prefers the ring-fenced/regulated banking entity's own consolidation level over a wider holding company - matching Barclays' use of 'Barclays Bank UK Group' rather than 'Barclays PLC'.

TSB ACQUISITION NOTE: On 21 July 2025 Banco Santander agreed to acquire TSB Banking Group plc (parent of TSB Bank plc, also covered elsewhere in this workbook series) from Sabadell for c.£2.65bn, with completion expected in early 2026 and a subsequent merger of TSB into the Santander UK group. The FY2025 ACRMD's 'Key Movements' commentary explicitly cites 'a no-dividend decision for 2025, in anticipation of the acquisition of TSB' as a driver of Santander UK's improved FY2025 capital ratios. This acquisition was still pending as at the FY2025 reporting date and is not reflected in any of the historical figures below; it may be worth revisiting both workbooks once the transaction completes and TSB Bank plc's own reporting entity status changes."
schroder_financials_xlsx,SCHRODER FINANCIALS.xlsx,"Sources - Schroder & Co. Limited standalone statutory cash flow statements, GBP'000. FY2025/FY2024: 2025 accounts, p.19 - https://find-and-update.company-information.service.gov.uk/company/02280926/filing-history/MzUxODQzNTIxOWFkaXF6a2N4/document?download=0&format=pdf
FY2024/FY2023: 2024 accounts, p.20 - https://find-and-update.company-information.service.gov.uk/company/02280926/filing-history/MzQ2MjI2NjAwNmFkaXF6a2N4/document?download=0&format=pdf
FY2023/FY2022: 2023 accounts, p.21 - https://find-and-update.company-information.service.gov.uk/company/02280926/filing-history/MzQxNzc4NDk4OGFkaXF6a2N4/document?download=0&format=pdf
FY2022/FY2021: 2022 accounts, p.19 - https://find-and-update.company-information.service.gov.uk/company/02280926/filing-history/MzM3NDc5MjQzOGFkaXF6a2N4/document?download=0&format=pdf
FY2021: 2021 accounts, p.21 - https://find-and-update.company-information.service.gov.uk/company/02280926/filing-history/MzMzNTY5MDAyOGFkaXF6a2N4/document?download=0&format=pdf

Entity verification: Companies House https://find-and-update.company-information.service.gov.uk/company/02280926; PRA register https://www.bankofengland.co.uk/prudential-regulation/authorisations/which-firms-does-the-pra-regulate.

Schroder & Co. Limited (Companies House company 02280926, FRN 144206, LEI XZYM01I1402576QWNU05) is the UK legal entity in the supplied Banks List 2608.xlsx. Companies House identifies the company by this name and shows accounts made up to 31 December 2025; the Bank of England PRA register lists the same legal name and FRN. The accounts are standalone Company financial statements in GBP'000. Schroder & Co. Limited is part of the wider Schroders group, but group figures are not substituted. All five Companies House accounts are image-only scans; they were OCR-processed with ocrmypdf/tesseract and the cash-flow pages were checked against rendered pages.

The 2025 accounts separately report an exchange-rate effect of -£13,679k after the net increase in cash; it is retained as a separate tail line. The 2023 accounts contain a £1k inconsistency between the detailed reconciliation and the reported operating-cash subtotal; the reported statement subtotal is retained and the £1k source difference is shown explicitly."
secure_trust_bank_financials_xlsx,SECURE TRUST BANK FINANCIALS.xlsx,"Sources - Secure Trust Bank PLC consolidated Group cash flows, £million:
FY2025: Secure Trust Bank PLC Annual Report & Accounts 2025, consolidated statement of cash flows, pp. 149 - https://www.securetrustbank.com/investor-relations/document-library/reports-and-accounts-2025-final-483796420288
FY2024: Secure Trust Bank PLC Annual Report & Accounts 2024, consolidated statement of cash flows, pp. 133 - https://www.securetrustbank.com/investor-relations/document-library/reports-and-accounts-2024-final
FY2023: Secure Trust Bank PLC Annual Report & Accounts 2023, consolidated statement of cash flows, pp. 119 - https://www.securetrustbank.com/investor-relations/document-library/reports-and-accounts-2023-final
FY2022: Secure Trust Bank PLC Annual Report & Accounts 2022, consolidated statement of cash flows, pp. 125 - https://www.securetrustbank.com/investor-relations/document-library/reports-and-accounts-2022-final
FY2021: Secure Trust Bank PLC Annual Report & Accounts 2021, consolidated statement of cash flows, pp. 125 - https://www.securetrustbank.com/investor-relations/document-library/reports-and-accounts-2021-final

ENTITY / BASIS NOTE: Secure Trust Bank Public Limited Company (Companies House 00541132; FRN 204550; LEI 213800CXIBLC2TMIGI76) is the exact legal entity in the supplied bank list and the PRA register. The cash-flow statement uses the consolidated Group column, matching the Group-basis Pillar 3 disclosures; the annual reports also contain Company statements, but Company cash flows are not substituted. Secure Trust Bank PLC is the current legal name. FY2021 is taken from the restated comparative column in the FY2022 report, which restates prior-year cash and cash equivalents from £303.0m to £306.7m. Figures are £million as reported."
shawbrook_financials_xlsx,SHAWBROOK FINANCIALS.xlsx,"Sources - Shawbrook Bank Limited Company cash flows (£m):
FY2025: Annual Report and Accounts cash-flow statement, p.114, https://www.shawbrook.co.uk/media/vkkpos4a/shawbrook-bank-limited-2025-annual-report-accounts.pdf
FY2024: Annual Report and Accounts cash-flow statement, p.107, https://www.shawbrook.co.uk/media/jhujcnzh/shawbrook-bank-limited-2024-annual-report-accounts.pdf
FY2023: Annual Report and Accounts cash-flow statement, p.111, https://www.shawbrook.co.uk/media/iflapcxl/shawbrook-bank-ltd-annual-report-and-accounts-2023.pdf
FY2022: Annual Report and Accounts cash-flow statement, p.98, https://www.shawbrook.co.uk/media/wttf0kdt/2022-shawbrook-bank-limited-annual-report-and-accounts.pdf
FY2021: Annual Report and Accounts cash-flow statement, p.106, https://www.shawbrook.co.uk/media/ft4eulfp/shawbrook-bank-ara-2021.pdf

Shawbrook Bank Limited (Companies House 00388466; FRN 204574; LEI 213800XSHRKUIZK86B68) is the matched legal entity. Cash flows use the Company column, £m, from the Bank's consolidated-and-company accounts. Bank-specific Pillar 3 metrics are used for FY2021-FY2024. The FY2025 Pillar 3 publication is Group-only after the listing and is not substituted for Bank data. FY2022 RWA/capital comparatives use the restatement in the 2023 Pillar 3 disclosure; FY2021 and FY2022 leverage bases differ."
smbc_financials_xlsx,SMBC FINANCIALS.xlsx,"Sources - all figures are SMBC Bank International plc's own Statement of cash flows, converted from USD to £m (see FX conversion note below):
FY2025: SMBC BI Annual report and financial statements, year ended 31 March 2025, p.72 (Statement of cash flows) - https://www.smbcgroup.com/emea/getmedia/28eec268-62ab-4d64-b597-02b7f918c767/smbcbi-annual-report-2025.pdf
FY2024: SMBC BI Annual report and financial statements, year ended 31 March 2024, p.85 (Statement of cash flows) - https://www.smbcgroup.com/emea/getmedia/1c52fee7-2c0d-4378-b571-bd45d5f6ea9f/PDF-Annual-report-(SMBC-BI).pdf
FY2023: SMBC BI Annual report and financial statements, year ended 31 March 2023, p.90 (Statement of cash flows) - https://www.smbcgroup.com/emea/getmedia/1784eaa0-0924-4cd7-a4e4-1613b6cb015f/Annual-Report-and-Financial-Statements-2023-(SMBC-BI).pdf
FY2022: SMBC BI Annual report and financial statements, year ended 31 March 2022, p.87 (Statement of cash flows) - https://www.smbcgroup.com/emea/getmedia/efb562ee-627d-41c9-823a-b157f879892f/Annual-Report-and-Financial-Statements-2022-(SMBC-BI).pdf
FY2021: SMBC BI Annual report & financial statements, year ended 31 March 2021, p.75 (Statement of cash flows) - https://web.archive.org/web/20240612221125/https://www.smbcgroup.com/emea/images/SMBC/media/SMBC/pdf/disclosures/smbcbi-annual-report-2021.pdf
Each year's own report was used for its own column (not a restated comparative); every year's own figure was cross-checked against its appearance as the comparative column in the following year's report and matched exactly in all cases, so there are no presentation-basis restatements to flag across vintages (only new line items appearing from FY2025 onward - see entity note). Note: FY2025's operating/investing/financing subtotals sum to £1,785.5m against a directly-converted net change of £1,785.4m - a £0.1m rounding artefact from rounding each £ line independently to 1 decimal place before summing, not a data error; the full statement still ties exactly end-to-end via the net change, FX and translation-effect lines.

ENTITY NOTE: SMBC Bank International plc (SMBC BI), FRN 223304, is a wholesale bank headquartered in London and a wholly-owned subsidiary of Sumitomo Mitsui Banking Corporation (SMBC), itself part of Sumitomo Mitsui Financial Group (Japan). It was incorporated in 2003 as Sumitomo Mitsui Banking Corporation Europe Limited and renamed/re-registered as a public limited company in 2020. On 7 October 2024, SMBC BI completed a project transferring the securities business of SMBC Nikko Capital Markets Limited (a portfolio of debt securities and other fixed income assets) to itself, and opened a branch in the Abu Dhabi Global Market - this accounts for new FY2025 cash flow line items (trading portfolio assets/liabilities, repurchase agreements) not present in earlier years, and for part of the FY2025 RWA increase. Figures are on SMBC Bank International plc's own (entity-level) basis throughout, both for cash flow and Pillar 3.

FX CONVERSION NOTE: SMBC Bank International plc reports in US Dollars (its functional currency, per its own Annual Report). This workbook converts every $ amount to £ at the user's request - conversion was necessary because every other workbook in this series is £-denominated and SMBC BI does not itself publish £ figures. Methodology: point-in-time/balance figures (capital, RWA, leverage exposure, HQLA, cash balances) use the Bank of England GBP/USD SPOT rate as at that fiscal year-end (31 March); flow figures (every cash flow statement line item) use the AVERAGE of the 12 month-end spot rates over that fiscal year (1 April-31 March), since a true daily average was not practically obtainable - both from Bank of England daily reference rates via poundsterlinglive.com's published archive. Rates used (£1 = $X): 31 Mar 2020 spot 1.2403 (FY2021 opening cash only); FY2021 spot 1.3796 / average 1.3193; FY2022 spot 1.3162 / average 1.3617; FY2023 spot 1.2364 / average 1.2043; FY2024 spot 1.2632 / average 1.2581; FY2025 spot 1.2910 / average 1.2775. All % ratios (CET1/Tier 1/Total Capital/Leverage/LCR/NSFR ratios) are shown EXACTLY as reported in USD and were NOT converted - a ratio is dimensionless and currency-invariant since both its numerator and denominator would move by the same factor. Because stocks and flows are converted at different rates (standard practice for translating foreign-currency financial statements), the cash flow statement includes an explicit 'Effect of GBP/USD translation' reconciling line so opening + all flows + this line = closing exactly in £ terms - this line is purely an artefact of £ translation and has no bearing on the Bank's underlying USD results."
standard_chartered_bank_financials_xlsx,STANDARD CHARTERED BANK FINANCIALS.xlsx,"Sources - standalone Standard Chartered Bank Company cash flows, $million:
FY2025: Directors' Report and Financial Statements 2025, cash flow statement p.89 - https://www.sc.com/en/uploads/sites/66/content/docs/sc-bank-2025-report.pdf
FY2024: Directors' Report and Financial Statements 2024, cash flow statement p.89 - https://www.sc.com/en/uploads/sites/66/content/docs/sc-bank-2024-results.pdf
FY2023: Directors' Report and Financial Statements 2023, cash flow statements p.165 - https://www.sc.com/EN/uploads/sites/66/content/docs/sc-bank-2023-annual-report.pdf
FY2022: Directors' Report and Financial Statements 2022, cash flow statements p.172 - https://www.sc.com/en/uploads/sites/66/content/docs/sc-bank-2022-annual-report.pdf
FY2021: Directors' Report and Financial Statements 2021, cash flow statements p.172 - https://www.sc.com/EN/uploads/sites/66/content/docs/sc-bank-2021-results.pdf
Entity filing history and identity: Companies House ZC000018 - https://find-and-update.company-information.service.gov.uk/company/ZC000018/filing-history

ENTITY AND BASIS: Standard Chartered Bank (Companies House Royal Charter reference ZC000018, FRN 114276) is incorporated in England with limited liability by Royal Charter 1853. The source reports distinguish Standard Chartered Bank Group (the Bank and subsidiaries) from Standard Chartered Bank Company (the standalone legal entity). All cash-flow rows in this workbook use the Company column only.

REGULATORY BASIS LIMITATION: the reports state that capital disclosures are provided on the Standard Chartered Bank Group basis and that PRA requirements are set on a solo-consolidated basis. That basis includes four subsidiaries (Standard Chartered Holdings (International) B.V., Standard Chartered Grindlays Pty Limited, SCMB Overseas Limited and Corrasi Covered Bonds LLP). No complete five-year standalone Company KM1 series was located. Group Pillar 3/capital figures have therefore not been substituted for the requested Bank-level series.

Note: the FY2023 report restates FY2022 cash-flow comparatives; FY2022 above preserves the FY2022 report's own as-reported Company figures."
starling_financials_xlsx,STARLING FINANCIALS.xlsx,"Sources - all figures are Group/consolidated basis, £'000. See entity note above re: FY2021 (16-month period) and FY2026 (new SGHL parent entity).
FY2026: Starling Group Holdings Limited Annual Report and Accounts 2026, p.165 (Consolidated cash flow statement) - https://www.starlingbank.com/docs/annual-reports/Starling-Group-Annual-Report-2026.pdf
FY2025 & FY2024: Starling Bank Limited Annual Report and Accounts 2025, p.159 and p.214 (Consolidated and company cash flow statement, and note 29) - https://www.starlingbank.com/docs/annual-reports/Starling-Bank-Annual-Report-2025.pdf
FY2023 & FY2022 (restated): Starling Bank Limited Annual Report 2023, p.124-125 and p.177 (Consolidated & Company Cash Flow Statement, and note 29) - https://www.starlingbank.com/docs/annual-reports/Starling-Bank-Annual-Report-2023.pdf
FY2021: Starling Bank Limited Annual Report and Consolidated Financial Statements, period ended 31 March 2021, p.66-67 (Consolidated Cash Flow Statement) - https://www.starlingbank.com/docs/annual-reports/Starling-Bank-Annual-Report-2019-21.pdf

ENTITY NOTE: Starling Bank Limited (Companies House 09092149) is the entity on the PRA register and is used, on a consolidated Group basis, for FY2021-FY2025 - each year's own Annual Report and Consolidated Financial Statements. FY2021 (marked †) is a 16-month period (1 December 2019 - 31 March 2021), Starling's first period reporting to a 31 March year end - not directly run-rate comparable to the other years.
FY2026 (marked ‡, added as a bonus column beyond the standard 5-year window) is different: in June 2025 a new non-trading holding company, Starling Group Holdings Limited (SGHL), was inserted as ultimate parent of Starling Bank Limited (SBL), with an intermediate holding company (SIHL) added in September 2025. From FY2026, SBL's own Companies House filing is presented on an unconsolidated solo/Company basis only (SBL's own wording: 'the Company' = Starling Bank Limited; consolidated 'Group' figures are now published separately as SGHL's own Annual Report). To keep this column comparable to FY2021-FY2025's consolidated basis, FY2026 cash flow figures here are SGHL's consolidated Group figures (from the new SGHL Annual Report), not SBL's own solo filing. The SGHL accounting consolidation for FY2026 additionally includes Murmur Financial Services Limited, Fleet Mortgages Limited and Engine by Starling Limited alongside SBL and its own ancillary undertakings (Starling FS Services Limited, and Ember by Starling Limited, acquired during FY2026) - a broader scope than SBL's own historical Group accounts. Pillar 3 (prudential) figures for FY2026 are on the narrower 'Regulatory Group' basis (SGHL, SIHL, SBL, SFSSL and Ember only - Murmur/Fleet Mortgages/Engine fall below CRR Article 19 materiality thresholds); cross-checking confirms this made no difference to the FY2025 capital figures, so Pillar 3 continuity FY2021-FY2026 is unaffected by the restructuring.

RESTATEMENT NOTE: The 2023 Annual Report changed the Group's cash and cash equivalents accounting policy to exclude the mandatory Cash Ratio Deposit held with the Bank of England; this reduced the Group's cash and cash equivalents at 1 April 2021 by £7,627k (to a restated £3,188,722k) on a comparative basis, but FY2021's own original Annual Report was never itself restated (its reported closing balance is £3,196,349k). This produces a documented £7,627k break at the FY2021/FY2022 boundary only; FY2022 onward reconciles exactly.

PRESENTATION NOTE: FY2021-FY2023 report operating-activities adjustments and asset/liability movements as granular individual line items; FY2024 onward summarises them into three reported subtotals ('Non-cash movements', 'Movement in operating assets', 'Movement in operating liabilities') with the detail moved to a note - both are shown, clearly separated, so blank cells simply reflect which presentation style that year's report used. FY2026's figures are shown only at the summarised level (the underlying SGHL note breakdown was not extracted). The 'Profit for the period after taxation' line is repeated once per presentation style (a generic block-reconciliation checker run against this sheet will only sum the DATA rows immediately preceding each operating-activities TOTAL, so Profit needs its own row within each block rather than a single shared row above both - this is a spreadsheet-layout clarification, not a change to any figure). Section totals and cash and cash equivalents are consistent within each presentation style and reconcile exactly year to year (except the documented FY2021/FY2022 break above): confirmed by hand against each year's own primary source, including FY2026 (2026-08-27), where the operating-activities TOTAL was originally mistranscribed as 185,354 - the SGHL FY2026 Annual Report's own Consolidated Cash Flow Statement (p.165) states 183,334, which is what the full profit+adjustments+tax chain sums to exactly; corrected."
state_bank_of_india_uk_financials_xlsx,STATE BANK OF INDIA UK FINANCIALS.xlsx,"Sources - State Bank of India (UK) Limited standalone UK KM1 / Key Metrics disclosures, £m and %:
FY2025: SBI UK Pillar 3 disclosure, pp. 6-7 - https://sbiuk.statebank/documents/274771/0/PILLAR+3+DISCLOSURE+FINAL310325_241225_Clean.pdf/276091ea-d916-6dca-edea-e443f2360cc9?t=1767022122544
FY2024: SBI UK Pillar 3 disclosure, pp. 7-8 - https://sbiuk.statebank/documents/274771/0/Pillar+3+Disclosures+March+24.pdf/91bf9318-a453-5bc7-f2ae-434bdbe0371c?t=1730125188784
FY2023: SBI UK Pillar 3 disclosure, pp. 7-8 - https://sbiuk.statebank/documents/274771/0/Disclosure+Statement+Basel+3+FY+22+23.pdf/f068336d-c894-0e35-49b6-a3bb372791ae?t=1699459644582
FY2022: SBI UK Pillar 3 disclosure, pp. 7-8 - https://sbiuk.statebank/documents/274771/0/SBI+UK+Limited+Pillar+3+Disclosures_2022_Final.pdf/f3ecb40e-bb6a-2a6b-52b6-44c00b93dc8b?t=1671208953569
FY2021: SBI UK Pillar 3 disclosure, pp. 4 - https://sbiuk.statebank/documents/274771/0/SBI+UK+Limited+Pillar+3_2021_FINAL.pdf/cea4191a-a7ee-17ef-df42-ee5d2d21f73f?t=1635936666779

ENTITY NOTE: State Bank of India (UK) Limited (Companies House 10436460, FRN 757156, LEI 213800LOV39TJH6YQY23) is the UK legal entity named in the Banks List 2608.xlsx and the PRA register. It is a wholly owned subsidiary of State Bank of India and has no subsidiaries. The Pillar 3 figures below are SBI UK standalone/entity figures; parent State Bank of India figures have not been substituted."
streambank_financials_xlsx,STREAMBANK FINANCIALS.xlsx,"Sources - StreamBank PLC standalone/entity basis; all figures £'000:
FY2025 and FY2024: StreamBank Plc Annual report and financial statements 2025, p.41 (cash flow statement) - https://streambank.co.uk/pdf/March-2025-Annual-Report-2025.pdf
FY2023 (15 months) and FY2021: StreamBank Plc Annual report and accounts 2023, p.40 (cash flow statement and 2021 comparative) - https://streambank.co.uk/pdf/StreamBank-Plc-Financial-Statements-31-March-2023-Signed.pdf
FY2021 filing copy: Companies House full accounts made up to 31 December 2021 - https://find-and-update.company-information.service.gov.uk/company/11995458/filing-history/MzM0MzQ4NDk4M2FkaXF6a2N4/document?download=0&format=pdf

ENTITY / PERIOD NOTE: StreamBank PLC (FRN 954876, Companies House no. 11995458, LEI 213800KDQFY4NBXFKP66) is the exact PRA-authorised entity covered. It was previously named Activtrades Loans PLC until 19 July 2022. The accounting period was extended from 31 December 2022 to 31 March 2023, so the FY2023 figures cover 15 months (1 January 2022 to 31 March 2023); no separate FY2022 annual period is invented. StreamBank has no subsidiaries."
tandem_financials_xlsx,TANDEM FINANCIALS.xlsx,"Sources - all figures are Tandem Bank Limited's own (Company-only, not Group) Statement of Cash Flows, £'000:
FY2022: Tandem Bank Limited Annual Report and Accounts for the year ended 31 December 2022, p.45 (Statement of Cash Flows) - https://find-and-update.company-information.service.gov.uk/company/00955491/filing-history
FY2021: Tandem Bank Limited Annual Report and Accounts for the year ended 31 December 2021, p.48 (Statement of Cash Flows) - https://find-and-update.company-information.service.gov.uk/company/00955491/filing-history
Both years' figures were independently cross-checked against their appearance as the following year's comparative column (FY2021 as reported in the FY2022 Annual Report) and matched exactly.

ENTITY NOTE: 'Tandem Bank Limited' (company number 00955491, FRN 204479) is the PRA-authorised entity built here. It is NOT the same company as 'Tandem Money Limited' (company number 08628614) - a related, similarly-named entity that briefly used the name 'Tandem Bank Limited' itself from Dec 2015-May 2017 before becoming Tandem Money Limited (TML), the non-bank holding company that today sits above Tandem Bank Limited (TBL) in the group structure. Company 00955491 was previously 'Harrods Bank Limited' (renamed 12 Jan 2018) - Tandem acquired Harrods Bank's banking licence in 2017 to become a PRA-authorised deposit-taker quickly; it traces further back to 'Harrods Trust Limited' and, before that, 'Harrods (Knightsbridge) Limited' (incorporated 1969), which is why Companies House shows an incorporation date decades before Tandem's own 2013 founding. Confirmed via Companies House (previous-names history) and cross-checked against the FRN in Banks List 2608.xlsx.

CASH FLOW EXEMPTION NOTE: only FY2021 and FY2022 have a Statement of Cash Flows. From the FY2023 Annual Report onward (confirmed directly in the FY2023, FY2024, and FY2025 Annual Reports - all three fully scanned/image-only Companies House filings, OCR'd with tesseract and cross-verified against rendered page images), Tandem Bank Limited's accounting policies note states: 'The Bank is a qualifying entity as defined in FRS 102 and has therefore adopted the disclosure exemptions of FRS 102 Section 7 and paragraph 3.17(d) to not disclose a cash flow statement' - the same FRS 101/102 'qualifying entity' exemption that has blocked several other banks in this project (PNBE, ICICI, United Trust Bank, Union Bancaire Privée UK) entirely. Unlike those banks, Tandem took the exemption only recently (from FY2023) rather than throughout its history, so FY2021-FY2022 do have genuine, fully reconciling cash flow statements - both built here from the Bank's own Companies House filings (also fully scanned, OCR'd and cross-verified) rather than skipping the bank outright. FY2023-FY2025 are left blank on the Cash Flow Statement sheet rather than guessed."
td_bank_europe_financials_xlsx,TD BANK EUROPE FINANCIALS.xlsx,"Sources - TD Bank Europe Limited annual Pillar 3 disclosures (amounts in CAD millions; ratios as reported):
FY2025: TD Bank Europe Limited Pillar 3 Disclosure, year ended 31 October 2025, Appendix 1 Table 21 pp.34-35 and capital tables pp.13-14 - https://www.tdsecurities.com/tds/document/Pillar-3-Disclosure-Oct-2025
FY2024: TD Bank Europe Limited Pillar 3 Disclosure, year ended 31 October 2024, Appendix 1 Table 21 p.34 and capital tables p.13 - https://www.tdsecurities.com/tds/document/Pillar-3-Disclosure-Oct-2024
FY2023: TD Bank Europe Limited Pillar 3 Disclosure, year ended 31 October 2023, Appendix 1 Table 21 p.35 and capital tables p.13 - https://www.tdsecurities.com/tds/document/Pillar-3-Disclosure-2023
FY2022: TD Bank Europe Limited Pillar 3 Disclosure, year ended 31 October 2022, Appendix 1 Table 21 p.35 and capital tables p.13 - https://www.tdsecurities.com/tds/document/Pillar-3-Disclosure-2022
FY2021: 2021 comparative column in the 2022 TD Bank Europe Limited Pillar 3 Disclosure, Appendix 1 Table 21 p.35 and capital tables p.13 - https://www.tdsecurities.com/tds/document/Pillar-3-Disclosure-2022
Regulatory source index and basis-transition statement: https://www.tdsecurities.com/ca/en/legal
TD Bank Europe Limited (TDBEL; Companies House company 02734652; FRN 165556) is the UK PRA/FCA-authorised banking entity covered by this workbook. Companies House filings show accounts through 31 October 2025. The 2023, 2024 and 2025 Pillar 3 reports state that TDBEL is the sole/single operating regulated UK subsidiary and present the current disclosure basis as solo. The TD regulatory page states that prior-year disclosures were included in Toronto-Dominion Investments B.V.'s Pillar 3 report at UK-consolidation level; this is a basis break, not a claim that the FY2021 comparative is directly comparable to the later solo series."
the_bank_of_london_group_financials_xlsx,THE BANK OF LONDON GROUP FINANCIALS.xlsx,"Sources - all figures are The Bank of London Group Limited, £'000. See entity note above re: 4-year window and FY2022 sourcing.
FY2025: Annual Report and Financial Statements, year ended 31 December 2025, p.28 (Statement of Cash Flows) - https://find-and-update.company-information.service.gov.uk/company/12844788/filing-history/MzUzODUxMzE5M2FkaXF6a2N4/document?format=pdf&download=0
FY2024: Annual Report and Financial Statements, year ended 31 December 2024, p.27 (Statement of Cash Flows) - https://find-and-update.company-information.service.gov.uk/company/12844788/filing-history/MzUwMDM4NjMxMWFkaXF6a2N4/document?format=pdf&download=0
FY2023: Annual Report and Financial Statements, year ended 31 December 2023, p.30 (Statement of Cash Flows) - https://find-and-update.company-information.service.gov.uk/company/12844788/filing-history/MzQ2NTkxNTY0NWFkaXF6a2N4/document?format=pdf&download=0
FY2022: Annual Report and Financial Statements, year ended 31 December 2023, p.30 (restated prior-year comparative column - FY2022's own annual report took the FRS 101 cash-flow-statement exemption) - https://find-and-update.company-information.service.gov.uk/company/12844788/filing-history/MzQ2NTkxNTY0NWFkaXF6a2N4/document?format=pdf&download=0

ENTITY NOTE: The Bank of London Group Limited is the entity on the PRA register (company number 12844788) - no holding-company substitution needed. The company is young: incorporated August 2020, authorised by the PRA 7 October 2021, and only exited 'mobilisation' (the restricted post-authorisation set-up phase) on 3 February 2023. There is no clean 5- or 4-year run of ordinary 12-month accounts stretching back further than shown here - earlier filings cover irregular stub/mobilisation periods (period to 31 August 2021, then a transition period to 31 December 2021) that aren't meaningfully comparable, so this workbook covers FY2022-FY2025 (4 years) rather than 5. FY2022's own annual report took an FRS 101 exemption from presenting a cash flow statement; FY2022 figures here are the restated prior-year comparative column published in the FY2023 annual report instead (same audited figures, just sourced from the following year's report).

REGULATORY NOTE - IMPORTANT: On 23 March 2026 the PRA issued a Final Notice imposing a GBP2 million financial penalty (reduced from GBP12 million on financial hardship grounds) on The Bank of London Group Limited and its parent, Oplyse Holdings Limited (formerly The Bank of London Group Holdings Limited), for breaches including PRA Fundamental Rules 1 (integrity), 3 (prudent conduct), 4 (adequate financial resources) and 7 (open and cooperative dealing with the regulator), plus Large Exposures and capital-reporting rules, during the 'Relevant Period' of 7 October 2021 to 22 May 2024. The PRA found the Firm repeatedly recognised capital as CET1-qualifying when it had not in fact been received, that a then senior manager falsified documents to mislead the PRA about the Firm's true capital position, that the Firm claimed to hold the GBP21.5m capital required to exit mobilisation on 3 February 2023 when it did not (the cash arrived 28 February 2023), and that an undocumented intercompany receivable from the Firm to the Parent breached large exposure limits. PRACTICAL IMPLICATION FOR THIS WORKBOOK: capital-related figures for FY2022, FY2023 and part of FY2024 (pre-22 May 2024) relate to a period the regulator has since confirmed involved inaccurate capital reporting - treat any capital metric from that window with caution. Ownership and most senior management have since changed, with new capital injected and remediation under way. Source: PRA Final Notice, 23 March 2026 - https://www.bankofengland.co.uk/-/media/boe/files/prudential-regulation/regulatory-action/2026/final-notice-bol-and-oplyse-holdings-limited.pdf

PRESENTATION NOTE: The operating-activities line items were relabelled/restructured slightly each year as the business grew (e.g. FY2025 introduced a 'Cash payments to utilise provisions' line and renamed the pre-interest subtotal). Blank cells indicate that year's report did not disclose that specific split. Section totals and cash and cash equivalents reconcile exactly across all 4 years."
this_bank_financials_xlsx,THIS BANK FINANCIALS.xlsx,"Sources - THIS BANK LIMITED / JN Bank UK Ltd own annual accounts, all figures in £'000 unless stated otherwise:
FY2025: Annual report and financial statements for year ended 31 March 2025, Statement of cash flows p.33 and financial KPIs pp.6-7 - https://find-and-update.company-information.service.gov.uk/company/11734380/filing-history/MzQ5MTMwMDUxNWFkaXF6a2N4/document?format=pdf&download=0
FY2024: Annual report and financial statements for year ended 31 March 2024, Statement of cash flows pp.32-33 and financial KPIs pp.6-7 - https://find-and-update.company-information.service.gov.uk/company/11734380/filing-history/MzQ0ODU3NTgzNmFkaXF6a2N4/document?format=pdf&download=0
FY2023: Annual report and financial statements for year ended 31 March 2023, Statement of cash flows p.28 and risk/capital disclosures pp.71-72 - https://find-and-update.company-information.service.gov.uk/company/11734380/filing-history/MzQwNjUwNzIyNmFkaXF6a2N4/document?format=pdf&download=0
FY2022: Annual report and financial statements for year ended 31 March 2022, Statement of cash flows p.27 and financial KPIs p.8 - https://find-and-update.company-information.service.gov.uk/company/11734380/filing-history/MzM2MTc0NDEyNGFkaXF6a2N4/document?format=pdf&download=0
FY2021: Annual report and financial statements for year ended 31 March 2021, Statement of cash flows p.23 and financial KPIs p.7 - https://find-and-update.company-information.service.gov.uk/company/11734380/filing-history/MzMyMzU2MjI3MGFkaXF6a2N4/document?format=pdf&download=0
THIS BANK LIMITED (company 11734380, FRN 832786) is the UK bank formerly named JN Bank UK Ltd. The legal name changed on 19 January 2026; the FY2021-FY2025 Companies House accounts were filed under the former JN Bank UK Ltd name. The entity is a UK private bank authorised by the PRA and regulated by the PRA/FCA. The FY2025 accounts discuss the post-2024 change in ownership; figures in this workbook remain the UK entity's own annual-account figures, not parent-group figures. All five Companies House PDFs are scanned/image-only; figures were transcribed using OCR and cross-checked against rendered pages.
Reconciliation: each year's net change equals operating + investing + financing totals; closing cash equals opening cash + net change."
triodos_financials_xlsx,TRIODOS FINANCIALS.xlsx,"Sources - all figures are Triodos Bank UK Limited's own entity-level (Company) Statement of Cash Flows, £'000:
FY2025: Triodos Bank UK Limited Annual Report 2025 (Companies House filing, made up to 31 Dec 2025), p.57-58 (Statement of cash flows for the year ended 31 December 2025) - https://find-and-update.company-information.service.gov.uk/company/11379025/filing-history/MzUxNzk5NTMwNmFkaXF6a2N4/document?format=pdf&download=0
FY2024: as reported in the FY2025 Annual Report's own FY2024 comparative column, same pages/source as above.
FY2023: Triodos Bank UK Limited Annual Report 2023 (Companies House filing, made up to 31 Dec 2023), p.76-77 (Cash flow statement for the year ended 31 December 2023) - https://find-and-update.company-information.service.gov.uk/company/11379025/filing-history/MzQyMjE2MDUwOWFkaXF6a2N4/document?format=pdf&download=0
FY2022: as reported in the FY2023 Annual Report's own FY2022 comparative column, same pages/source as above.
FY2021: Triodos Bank UK Limited Annual Report 2021 (Companies House filing, made up to 31 Dec 2021), p.30-31 (Cash flow statement for the year ended 31 December 2021) - https://find-and-update.company-information.service.gov.uk/company/11379025/filing-history/MzM1Mjk5ODYxMGFkaXF6a2N4/document?format=pdf&download=0
PRESENTATION NOTE: 'Cash flow from operating activities' is a two-level subtotal in every year's own statement - a 'Cash flow from business operations' subtotal (profit before tax + non-cash adjustments), followed by 'Changes in net operating assets' line items, with the final 'Cash flow from operating activities' total equal to the BUSINESS OPERATIONS SUBTOTAL PLUS the changes lines, not just the changes lines alone. verify_workbook.py's generic block-check will report a false-positive mismatch on this specific total for exactly this reason (it only sums the DATA rows since the immediately preceding TOTAL/SECTION) - this is expected and not a data error; every subtotal and total independently ties to source and was hand-verified. Some line items were relabelled or moved sections between report vintages (wording/sign-convention only, e.g. 'Increase in Expected Credit Losses' (FY2021) vs '(Decrease)/Increase in ECL on financial instruments' (FY2023) vs 'Decrease in ECL on financial instruments' (FY2025)) - unified onto a single row where the underlying line item is genuinely the same measure. One GENUINE structural change: 'increase in interest receivable on debt securities' moved from the INVESTING section (FY2021-FY2023 statements) to the OPERATING section (FY2024-FY2025 statements) - kept as two separate rows in their respective sections, exactly as each year's own statement presented it. Blank cells indicate that year's statement did not disclose/include that specific line at all; a printed '-' in the source was transcribed as 0 (an explicit nil disclosure, not a gap).

ENTITY NOTE: Triodos Bank UK Limited (TBUK, company number 11379025, FRN 817008) is a wholly owned subsidiary of Triodos Bank N.V. (the Netherlands), established in 2019 to continue Triodos Bank's UK operations (previously run as a UK branch of Triodos Bank N.V. since 1995) via a Part VII transfer. Although TBUK's own accounts are exempt under s.401 of the Companies Act 2006 from preparing CONSOLIDATED financial statements (it and its subsidiary undertaking are fully consolidated into Triodos Bank N.V.'s own group accounts), TBUK's own entity-level accounts DO include a full Statement of Cash Flows every year - unlike several other single-parent foreign subsidiary banks in this series (e.g. ICICI Bank UK, United Trust Bank), TBUK does not take the FRS 101/102 cash-flow-statement disclosure exemption. All figures below are TBUK's own entity-level (Company) results, in £, not Triodos Bank N.V. group figures. Companies House filings for all 5 years were fully scanned/image-only PDFs with no text layer; all figures were extracted via OCR (tesseract) and cross-verified visually against the rendered page images."
tsb_financials_xlsx,TSB FINANCIALS.xlsx,"Sources - all figures are TSB Bank plc, Bank (Consolidated) basis, £ million.
FY2025 & FY2024: TSB Bank plc Annual Report and Accounts 2025, p.49 and p.106 (Cash flow statements and note 32) - https://www.tsb.co.uk/content/dam/tsb-public/documents/investors/financial-results-and-reports/2025/TSB-Bank-ARA-2025.pdf
FY2023 & FY2022 (restated): TSB Bank plc Annual Report and Accounts 2023, p.33-34 and p.83-84 (Cash flow statements and note 32) - https://www.tsb.co.uk/content/dam/tsb-public/documents/investors/financial-results-and-reports/2023/TSB-Bank-2023.pdf
FY2021: TSB Bank plc Annual Report and Accounts 2021, p.29 and p.78 (Cash flow statements and note 31) - https://www.tsb.co.uk/content/dam/tsb-public/documents/investors/financial-results-and-reports/2021/tsb-bank-ara-2021.pdf

ENTITY NOTE: TSB Bank plc (Companies House SC095237) is the entity on the PRA register; its own Annual Report and Accounts (consolidated 'Bank (Consolidated)' column used throughout) is used for the cash flow statement. TSB Banking Group plc's only direct subsidiary is TSB Bank plc, so 'TSB Banking Group plc' consolidated Pillar 3 disclosures (published under that name, as TSB is a 'large subsidiary' of Banco Sabadell for CRR Article 13 purposes) are effectively the same consolidation scope and are used for all Pillar 3 metric sheets.
CONTEXT: TSB was owned by Banco de Sabadell, S.A. (Spain) throughout FY2021-FY2025. Santander UK plc agreed to acquire TSB in July 2025 and completed the acquisition on 30 April 2026 (after this workbook's FY2025 year-end) - so all 5 years of data here reflect the Sabadell-owned period; TSB's board ceased dividend payments to Sabadell following the announcement per TSB's FY2025 Pillar 3 disclosure.

RESTATEMENT NOTE: The 2023 Annual Report restated FY2022 (and earlier) to include on-demand loans and advances to credit institutions within cash and cash equivalents; this added £56.1m to the FY2021 closing cash position and £159.2m to the FY2022 opening position on a comparative basis, but FY2021's own Annual Report was never itself restated. As a result, FY2021's closing cash and cash equivalents (£4,851.1m, as originally reported) does not exactly tie to FY2022's opening balance shown here (£4,907.2m, restated) - a known £56.1m definitional break at that one boundary, not a data error. FY2022 onward reconciles exactly. The 2023 Annual Report also reclassified a derivatives/hedge-accounting fair value line from 'change in operating assets and liabilities' into 'non-cash and other items' from FY2023 onward; FY2021 and FY2022 keep their original as-reported classification for that line (see the two separate rows below).

PRESENTATION NOTE: Line items were relabelled and reorganised across these 5 years as TSB's funding mix evolved (e.g. 'Issue of debt securities in issue' in FY2021 became separate covered bond/senior unsecured/securitisation/AT1 lines by FY2024-25; a repurchase-agreements financing line appeared only in FY2022-23). Blank cells indicate that year's report did not disclose or did not have that specific line; '0' indicates the report explicitly showed a nil ('-') value. The 'Change in operating assets and liabilities' and 'Non-cash and other items' rows are TSB's own audited primary-statement subtotals; the rows above each are the supporting breakdown from the cash flow note."
turkish_bank_uk_financials_xlsx,TURKISH BANK UK FINANCIALS.xlsx,"Sources - all figures are Turkish Bank (UK) Limited's own Statement of Cash Flows, £'000:
FY2025: Annual Report and Financial Statements for the year ended 31 December 2025, p.21 (Statement of Cash Flows) - https://www.turkishbank.co.uk/wp-content/uploads/2026/04/Financial-Statements-TBUK-signed.pdf (scanned filing, OCR'd and visually cross-verified)
FY2024: Annual Report and Financial Statements for the year ended 31 December 2024, p.22 (Statement of Cash Flows) - https://www.turkishbank.co.uk/wp-content/uploads/2025/04/FINANCIAL-STATEMENTS-31122024-FINAL_SIGNED.pdf
FY2023: Annual Report and Financial Statements 2023, p.22 (Statement of Cash Flows) - https://www.turkishbank.co.uk/wp-content/uploads/2024/07/FY23TBUK-Financial-Statements-Signed.pdf
FY2022: Annual Report and Financial Statements 2022, p.23 (Statement of Cash Flows) - https://www.turkishbank.co.uk/wp-content/uploads/2023/05/FY22TBUK-Financial-Statements-Signed-for-AGM-signed.pdf
FY2021: Annual Report and Financial Statements 2021, p.23 (Statement of Cash Flows) - https://www.turkishbank.co.uk/wp-content/uploads/2022/07/21TBUK-Financial-Statements-reported-to-AGM-signed.pdf (scanned filing, OCR'd and visually cross-verified)
Note: each year's column uses that year's own Annual Report's own as-originally-reported comparative rather than a later report's restated comparative (e.g. the FY2023 report restated some FY2022 line items following a reclassification of accrued interest, and the FY2025 report similarly restated FY2024 - in both cases the originally-reported figures from that year's own report are used here, consistent with this project's usual convention). All 5 years reconcile exactly: opening cash equivalents in each year matches the prior year's own closing figure, and every activity subtotal sums correctly from its own line items. The FY2025 Statement's 'Net decrease in cash and cash equivalents' row is labelled 'decrease' in the source but the figure itself is positive (+£1,217k, an increase) - the number is used as printed (it reconciles exactly with opening/closing balances); only the label appears to be a leftover from the prior year's (negative) presentation. FY2021's 'profit and non-cash adjustments' subtotal is printed as £(3,466)k but the seven line items above it as printed sum to £(3,464)k - an immaterial £2k gap in the source itself; the printed subtotal is used as shown (not force-corrected) since it is what the statement's own downstream totals are built from, and the gap is too small to matter to any of this bank's other figures.

ENTITY NOTE: Turkish Bank (UK) Limited (company number 02643004, FRN 204566), a UK-incorporated PRA-authorised bank majority-owned by Turkish Bank A.S. (Turkey/Northern Cyprus). Entity-level (unconsolidated) basis throughout - the Bank has no subsidiaries of its own. FY2021 and FY2025 Annual Reports were only available as fully scanned/image-only PDFs on the Bank's own site (no text layer) - both were OCR'd (tesseract) and every figure used below was cross-verified against the rendered page image, not trusted from OCR text alone.

Note 37/38 'Capital risk management' in each Annual Report separately discloses 'Total regulatory capital' (FY2021: £24,681k: FY2022: £26,022k; FY2023: £29,196k; FY2024: £29,678k; FY2025: £27,379k) and 'Total risk weighted assets' (used for the Total RWAs sheet) - see PILLAR3_NOTE on the Pillar 3 sheets for why the capital figure is not used as CET1/Tier1/Total Capital. Minor (<£100k) differences exist between a year's figure as originally reported and as shown as the following year's comparative (e.g. FY2022 retained earnings: £8,102k in the FY2022 report vs £8,019k in the FY2023 report's comparative) - not explained in either report; each year's own report's own figure is used for its own column."
uba_uk_financials_xlsx,UBA UK FINANCIALS.xlsx,"Sources - all figures are United Bank for Africa (UK) Limited's own Statement of Cash Flows (converted from USD to £, see FX conversion note below):
FY2024 & FY2023: Annual Report and Accounts 2024, p.50 (Statements of Cash Flows) - https://www.ubauk.com/wp-content/uploads/sites/29/2025/07/UBA-UK-2024-AR-1.pdf
FY2022 & FY2021: Annual Report and Accounts 2022, p.39 (Statement of Cash Flows) - https://www.ubauk.com/wp-content/uploads/sites/29/2023/09/UBA-UK-FIN-A-Ann-Rpt-and-Accts-31-Dec-2022.pdf
Note: presentation differs between report vintages - FY2024/FY2023 separately disclose 'Change in due from banks', a combined FVTPL subscription/redemption line, and split FVOCI/amortised-cost gain-on-derecognition lines; FY2022/FY2021 instead show a single combined 'Loss on disposal of investments at FVOCI' line and separate FVTPL/amortised-cost purchase and proceeds lines. Each year's own as-reported line items and labels are preserved rather than forced into a common shape; blank cells indicate that year's report did not disclose that specific split.

ENTITY NOTE: United Bank for Africa (UK) Limited (Companies House 03104974, FRN 695048) is a UK subsidiary of United Bank for Africa Plc (Nigeria). Unlike several other foreign-subsidiary banks in this workbook series (ICICI Bank UK, Philippine National Bank Europe, Citibank UK, State Bank of India UK), it prepares full IFRS financial statements with a genuine Statement of Cash Flows every year - no FRS 101/102 cash-flow exemption applies. The Bank's Own Funds consist entirely of Common Equity Tier 1 (CET1) capital (no AT1 or Tier 2 instruments), so CET1 capital = Tier 1 capital = Total capital in every year shown. No FY2025 Annual Report or Pillar 3 disclosure has been published yet (as of this workbook's build date), so this workbook covers FY2021-FY2024 only (4 years) rather than the usual 5.

FX CONVERSION NOTE: United Bank for Africa (UK) Limited reports in US Dollars (its functional currency, per its own foreign currency risk note - 'Revenues, assets and liabilities are primarily in the functional currency US dollar'). This workbook converts every $ amount to £ for consistency with the rest of this series, following the same methodology established for SMBC Bank International plc and Zenith Bank (UK) Limited: point-in-time/balance figures (capital, RWA, leverage exposure, HQLA, cash balances) use the Bank of England GBP/USD SPOT rate as at that fiscal year-end (31 December); flow figures (every cash flow statement line item) use the AVERAGE of Bank of England rates over that calendar year - both via poundsterlinglive.com's published Bank of England archive, and identical to the rates used for Zenith Bank UK since both banks share the same 31 December fiscal year-end. Rates used (£1 = $X): 31 Dec 2020 spot 1.3661 (FY2021 opening cash only); FY2021 spot 1.3521 / average 1.3752; FY2022 spot 1.2097 / average 1.2362; FY2023 spot 1.2732 / average 1.2439; FY2024 spot 1.2515 / average 1.2782. All % ratios (CET1/Tier 1/Total Capital/Leverage/LCR/NSFR ratios) are shown EXACTLY as reported in USD and were NOT converted - a ratio is dimensionless and currency-invariant. Because stocks and flows are converted at different rates, the cash flow statement includes an explicit 'Effect of GBP/USD translation' reconciling line so opening + all flows + this line = closing exactly in £ terms - this line is purely an artefact of £ translation and has no bearing on the Bank's underlying USD results. This conversion was not explicitly requested for this bank (unlike SMBC) - applied for consistency with the rest of the series, following the same call already confirmed for Zenith Bank UK; flag if £'000 rather than the Bank's native US$'000 presentation is not what's wanted here.

RECONCILIATION NOTE: the FY2022 Annual Report's Statement of Cash Flows shows the FY2022 closing balance as US$31,392k, but a supplementary 'cash and cash equivalent reconciliation' note in that same report nets this down to US$31,354k (deducting a US$38k expected credit loss allowance) - and it is this US$31,354k figure that the FY2023 Annual Report actually carries forward as its own FY2023 opening balance. Both figures are used exactly as each report presents them (FY2022's own closing balance from its primary statement; FY2023's own opening balance from its primary statement) rather than forcing them to match, so there is a small (~£31k) presentational discontinuity between the FY2022 closing and FY2023 opening £ balances shown here - not a data error, the underlying US$38k difference is fully explained by the source reconciliation note."
union_bancaire_privee_uk_financials_xlsx,UNION BANCAIRE PRIVEE UK FINANCIALS.xlsx,"Sources - UK Consolidation Group Pillar 3 disclosures, amounts converted from £'000 to £m; ratios retained as reported:
FY2024: SGKH Pillar 3 Disclosure 31 December 2024, UK KM1 p.10 (FY2024 current and FY2023 comparative) - https://www.ubp.com/files/live/sites/ubp/files/documents/legal/ubp-uk/SGKH_2024-P3-disclosures.pdf
FY2023: SGKH Pillar 3 Disclosure 31 December 2023, UK KM1 p.10 (FY2023 current and FY2022 comparative) - https://www.ubp.com/files/live/sites/ubp/files/documents/legal/ubp-uk/UBP_2023_P3_disclosures.pdf
FY2022: SGKH Pillar 3 Disclosure 31 December 2022, UK KM1 p.10 (FY2022 current and FY2021 comparative) - https://www.ubp.com/files/live/sites/ubp/files/documents/legal/ubp-uk/UBP_2022_P3_disclosures.pdf
Official UBP UK disclosure archive - https://www.ubp.com/en/legal-aspects/union-bancaire-privee-uk-limited/pillar-3-disclosure
FY2025: no defensible UK Consolidation Group Pillar 3 disclosure found; left blank rather than substituted. Amounts are shown in £m for consistency with this project.
ENTITY/BASIS NOTE: Union Bancaire Privée (UK) Limited (Companies House 00964058; FRN 119250) was formerly SG Kleinwort Hambros Bank Limited. The 2022-2024 Pillar 3 reports retain the SGKH name because they cover pre-acquisition periods. All figures use the reports' UK Consolidation Group basis, incorporating SGKH Bank Ltd, its branches, and the trust entity; they are not bank-solo figures. The reports state that the published financial statements use FRS 101 and differ from the prudential scope of consolidation."
union_bank_of_india_uk_financials_xlsx,UNION BANK OF INDIA UK FINANCIALS.xlsx,"Sources - all figures are Union Bank of India (UK) Limited's own Statement of Cash Flows (converted from USD to £, see FX conversion note below):
FY2025: Annual Report and Financial Statements, year ended 31 March 2025, p.35 (Statement of Cash Flows) - https://www.unionbankofindiauk.co.uk/Portals/0/pdf/Annual_report_UBI_UK_signed_31-03-2025.pdf
FY2024: Annual Report and Financial Statements, year ended 31 March 2024, p.28 (Statement of Cash Flows) - https://www.unionbankofindiauk.co.uk/Portals/0/pdf/Signed_UBI_UK_Annual_Report_28_05.pdf
FY2023: Annual Report and Financial Statements, year ended 31 March 2023, p.27 (Statement of Cash Flows) - https://www.unionbankofindiauk.co.uk/Portals/0/pdf/Annual_Report_March_2023_with_Final_Audit_report_24052023-signed.pdf
FY2022: Annual Report and Financial Statements, year ended 31 March 2022, p.35 (Statement of Cash Flows) - https://www.unionbankofindiauk.co.uk/Portals/0/pdf/Financial_Statements%20_31-03-2022.pdf
FY2021: as presented in the FY2022 Annual Report's own comparative column (p.35) - https://www.unionbankofindiauk.co.uk/Portals/0/pdf/Financial_Statements%20_31-03-2022.pdf
Note: FY2023's own report's FY2022 comparative figures for the operating/investing/financing subtotals differ from FY2022's own report (e.g. operating activities $(31,909)k restated vs $(30,053)k as originally reported) - a reclassification between activity categories, not a change to the overall cash movement (both agree the year-end balance was $5,170k). FY2022's own as-originally-reported figures are used throughout, per this project's convention of preferring each year's own report over a later restated comparative.

ENTITY NOTE: Union Bank of India (UK) Limited (FRN 601551, Companies House 07653660) is an Indian-owned UK subsidiary bank (parent: Union Bank of India). Unlike other single-country Indian-subsidiary banks in this workbook series (ICICI Bank UK, State Bank of India UK - both skipped), this Bank does NOT take the FRS 101/102 cash-flow-statement exemption - it publishes a genuine Statement of Cash Flows every year. CET1 capital = Tier 1 capital in every year shown (no AT1 instruments); Total capital also equals CET1/Tier 1 from FY2022 onward (no Tier 2 instruments), but FY2021 Total capital ($115,017k) exceeds CET1/Tier 1 ($111,081k), implying the Bank held Tier 2 capital that year which had run off by FY2022. FY2021 cash flow figures are sourced from the FY2022 Annual Report's own comparative column (no dedicated FY2021 report was fetched), consistent with this project's practice of using the earliest practically available presentation of a year's figures.

FX CONVERSION NOTE: Union Bank of India (UK) Limited reports in US Dollars. This workbook converts every $ amount to £, following the same methodology established for SMBC Bank International plc and Zenith Bank (UK) Limited: point-in-time/balance figures (capital, RWA, leverage exposure, HQLA, cash balances) use the Bank of England GBP/USD SPOT rate as at that fiscal year-end (31 March); flow figures (every cash flow statement line item) use the AVERAGE Bank of England rate over that fiscal year - both via poundsterlinglive.com's published Bank of England archive (same rate table as SMBC Bank International plc, which shares the same 31 March year-end). Rates used (£1 = $X): 31 Mar 2020 spot 1.2403 (FY2021 opening cash only); FY2021 spot 1.3796 / average 1.3193; FY2022 spot 1.3162 / average 1.3617; FY2023 spot 1.2364 / average 1.2043; FY2024 spot 1.2632 / average 1.2581; FY2025 spot 1.2910 / average 1.2775. All % ratios (CET1/Tier 1/Total Capital/Leverage/LCR/NSFR ratios) are shown EXACTLY as reported in USD and were NOT converted - a ratio is dimensionless and currency-invariant. This conversion was not explicitly requested for this specific bank but applied for consistency with the rest of the series (per the user's standing instruction on this batch of banks); flag if £'000 rather than the Bank's native US$'000 presentation is not what's wanted here.

PRESENTATION NOTE: this Bank's own statement presents 'Cash flows before changes in working capital' (or '...operating activities' in FY2021/FY2022) as the sum of the adjustment lines ONLY - it deliberately excludes '(Loss)/profit before tax for the year', which is carried forward separately and only folded in at the final 'Net cash flows from/(used in) operating activities' total (verified: profit before tax + adjustments subtotal + working capital change + loans/deposits movements = the operating total, exactly, in every year). A generic block-sum check that includes the profit-before-tax line together with the adjustment lines above that subtotal will therefore show an apparent mismatch equal to the profit/(loss) before tax figure - this is a structural feature of the source document's own layout, not a data error."
united_national_financials_xlsx,UNITED NATIONAL FINANCIALS.xlsx,"Sources - all figures are United National Bank Limited's own Statement of Cash Flows, exact £ as reported (not rounded to £'000/£m):
FY2025 & FY2024: Annual report and financial statements 2025, p.26 (Statement of cash flows) - https://find-and-update.company-information.service.gov.uk/company/04146820/filing-history/MzUxODk3MTQ2NWFkaXF6a2N4/document?format=pdf
FY2023 & FY2022 (as restated): Annual report and financial statements 2023, p.32 (Statement of cash flows) - https://find-and-update.company-information.service.gov.uk/company/04146820/filing-history/MzQyNTcyMzI0MGFkaXF6a2N4/document?format=pdf
FY2023's own closing balance (£9,725,415) matches the FY2025 report's own FY2024 opening balance exactly, confirming consistency across the two source documents. FY2022 is labelled '(as restated)' in the FY2023 report; its own originally-published cash flow figures were not sourced separately here (unlike the new Balance Sheet / Profit & Loss / Statement of Changes in Equity / Asset Quality sheets added in this build, which do use FY2022's own originally-published figures throughout - see those sheets' own source notes for the ~£2.26m net-loans restatement this creates between FY2022's own Balance Sheet and the FY2023 report's restated FY2022 comparative).

ENTITY NOTE: United National Bank Limited (Companies House 04146820) was formed in 2001 from the merger of the UK branches of two Pakistani banks, United Bank Limited ('UBL') and National Bank of Pakistan ('NBP'), who had operated in the UK since the 1960s - historically 55% UBL / 45% NBP owned, trading as 'UBL UK'. In July 2024, following regulatory approval, Bestway Group Financial Services Limited (a wholly-owned subsidiary of Bestway Group, a UK diversified conglomerate) acquired 95.1% of the Company's shares from UBL and NBP - the Company is now majority UK-owned rather than a foreign subsidiary in the usual sense, though UBL/NBP retain a residual stake and a preference-share arrangement (see Notes). All financial statements are prepared under FRS 102 in Pound Sterling (the Company's functional currency) - no cash-flow-statement exemption is taken.

DATA AVAILABILITY NOTE: 4 years (FY2022-FY2025) sourced from three Companies House annual report filings (FY2025/FY2024 from the 2025 filing, FY2023 from the 2023 filing, and FY2022's own originally-published figures from the FY2022 filing itself rather than the FY2023 filing's restated comparative - all fully scanned/image-only PDFs, transcribed directly from the source page images). No FY2021 was pursued. Pillar 3: the pre-Bestway entity ('UBL UK') published 'Pillar 3 and Remuneration Code Disclosures' on its own site (ubluk.com) for every year FY2016-FY2024; the live site no longer links to most of these (only the current year's edition is navigable from ubluk.com/resources), but every year's PDF is still reachable at its original URL or via the Wayback Machine once located via a CDX search - FY2022, FY2023 and FY2024 editions were all recovered this way. No FY2025 edition exists yet as of this build (2026-09) - the FY2025 Annual Report itself was signed 23 April 2026, so a Pillar 3 disclosure for that year, if produced, would likely not be published until later in 2026; this is a genuine access gap (document may not yet exist), not a confirmed non-disclosure."
united_trust_bank_financials_xlsx,UNITED TRUST BANK FINANCIALS.xlsx,"Sources - consolidated UTB Partners Plc basis, £'000 unless stated:
FY2025: UTB Partners Pillar 3 Disclosure 2025, Table KM1, pp.6-7 - https://www.utbank.co.uk/wp-content/uploads/2026/03/UTB-Partners-Pillar-3-Disclosure-2025.pdf
FY2024: UTB Partners Pillar 3 Disclosure 2024, Table KM1, pp.6-7 - https://www.utbank.co.uk/wp-content/uploads/2025/03/UTB-Partners-Pillar-3-Disclosure-2024.pdf
FY2023: UTB Partners Pillar 3 Disclosure 2023, Appendix 1 Table KM1, pp.44-45 - https://www.utbank.co.uk/wp-content/uploads/2024/03/UTB-Partners-Pillar-3-Disclosure-2023.pdf
FY2022: UTB Partners Pillar 3 Disclosure 2022, Appendix 1 Table KM1, p.43 - https://www.utbank.co.uk/wp-content/uploads/2023/03/UTB-Partners-Pillar-3-Disclosure-2022-.pdf
FY2021: UTB Partners Pillar 3 Disclosure 2022 comparative column and 2021 disclosure, Appendix 1 / own-funds and leverage templates - https://rebrand-dev.utbank.co.uk/wp-content/uploads/2022/03/UTB-Partners-Pillar-3-Disclosure-2021-FINAL1-.pdf
Accounts cross-check: United Trust Bank Report and Accounts 2024, pp.47-50 - https://www.utbank.co.uk/wp-content/uploads/2025/03/UTB-Report-and-Accounts-2024.pdf
Companies House entity and filing history (company 00549690) - https://find-and-update.company-information.service.gov.uk/company/00549690/filing-history

ENTITY AND BASIS: United Trust Bank Limited (company 00549690, FCA/PRA FRN 204463) is the regulated, material operating bank and wholly-owned subsidiary of UTB Partners Plc. The Pillar 3 reports used here constitute consolidated disclosures of UTB Partners Plc; UTB Partners is a financial holding company and the group is supervised on a consolidated basis. SOS Intelligence is immaterial and excluded from regulatory consolidation. Accordingly, all figures in this workbook are explicitly labelled CONSOLIDATED UTB PARTNERS BASIS and must not be read as standalone United Trust Bank Limited figures."
unity_trust_financials_xlsx,UNITY TRUST FINANCIALS.xlsx,"Sources - all figures are Unity Trust Bank Plc's own Statement of Cash Flows, £'000:
FY2025: Report & Accounts 2025, p.51 (Statement of Cash Flows) - https://assets.unity.co.uk/Unity-Trust-Bank-Annual-Report-and-Accounts-2025.pdf
FY2024: Report & Accounts 2024, p.39 (Statement of Cash Flows) - https://assets.unity.co.uk/Unity-Trust-Bank-Annual-Report-and-Accounts-2024.pdf
FY2023: Report & Accounts 2023, p.41-42 (Statement of Cash Flows) - https://assets.unity.co.uk/U798_0324_Unity_Trust_Bank_Annual-Report-and-Accounts_2023.pdf
FY2022: Report & Accounts 2023, p.41-42 (Statement of Cash Flows, 2022 comparative column) - https://assets.unity.co.uk/U798_0324_Unity_Trust_Bank_Annual-Report-and-Accounts_2023.pdf
FY2021: Report & Accounts 2021, p.35-36 (Statement of Cash Flows) - https://assets.unity.co.uk/2022/08/Unity-Trust-Bank_Report-and-Accounts-2021.pdf
Each year's own report was used for its own column (FY2022 taken from the FY2023 report's comparative, since no standalone FY2022 annual report was separately sourced); every year's own figure was cross-checked against its appearance as the following year's comparative column and matched exactly in every case - no material arithmetic errors found, no presentation-basis restatements across the 5 years (FY2025's single 'Finance costs' line was split into lease/central-bank components that year only, kept on separate rows). FY2022's operating-activities line items sum to £1k more than the operating total as printed (immaterial rounding, not corrected).

ENTITY NOTE: Unity Trust Bank Plc (FRN 204570) is an independent UK bank with no ultimate parent company - owned by a mix of trade unions, co-operative and charitable bodies, and other institutions, focused on lending to charities, social enterprises, housing providers, SMEs and public sector bodies. Its own accounts state it 'does not have an ultimate parent company'. The Bank presents its results on an 'extended entity basis' combining itself with a small dormant subsidiary, Unity EBT Limited (the trustee of an employee share scheme, one £1 ordinary share, 100% held) - not a full IFRS 10 consolidation, which the Bank elected not to apply on materiality grounds (Companies Act 2006 s405(2)); in practice this makes no discernible difference to the figures. All years reconcile exactly (operating + investing + financing = net change; opening + net change = closing) with no restatements or presentation-basis changes across the 5 years covered."
vanquis_financials_xlsx,VANQUIS FINANCIALS.xlsx,"Sources - all figures are Vanquis Bank Limited's own (Company) Statement of Cash Flows, £m:
FY2025 & FY2024: Vanquis Bank Limited Annual Report and Financial Statements, year ended 31 December 2025, p.32 (Statement of Cash Flows; FY2024 restated - see Note 30) - https://www.vanquis.com/wp-content/uploads/2026/03/VBL-stats-2025-FINAL-Fully-Signed.pdf
FY2023 & FY2022: Vanquis Bank Limited Annual Report and Financial Statements, year ended 31 December 2023 (Companies House filing, 18 Apr 2024), p.34 (Statement of Cash Flows; FY2022 reclassified between borrowings proceeds/repayments - see note 1 on that statement) - https://find-and-update.company-information.service.gov.uk/company/02558509/filing-history/MzQxNzkzNTkxNWFkaXF6a2N4/document?format=pdf&download=0
FY2021: Vanquis Bank Limited Annual Report and Financial Statements, year ended 31 December 2021, p.59 (Statement of Cash Flows) - https://www.vanquis.com/wp-content/uploads/2025/05/Vanquis_Bank_Ltd_31_12_2021_Signed.pdf
Note: presentation changed between report vintages - FY2021-FY2023 show 'Funding costs paid'/'Tax paid' as separate operating-activities lines and no loan-to-related-party financing lines; FY2024-FY2025 show 'Tax received'/no separate funding-costs line, and add 'Financing of loan to related party'/'Repayment of loan to related party' lines - each year's own as-reported presentation is preserved rather than forced into a common shape. Section totals and cash/cash equivalents figures are consistent and comparable across all 5 years (each year's opening balance matches the prior year's closing balance exactly). Note: FY2023's financing-activities line items sum to £809.2m against a printed 'Net cash generated from financing activities' total of £809.1m - an immaterial £0.1m artefact of each line being independently rounded to one decimal place in the source document itself (not a transcription error here); the printed total (£809.1m, used above) is the figure consistent with the overall net-change-in-cash reconciliation.

ENTITY NOTE: Vanquis Bank Limited (company number 02558509, FRN 221156) is the PRA-authorised entity and the principal banking subsidiary of the listed Vanquis Banking Group plc (renamed from Provident Financial plc in 2021 - the Bank's own name has not changed). The Cash Flow Statement sheet is on Vanquis Bank Limited's own entity-level (Company) basis. Pillar 3 disclosures, however, are published ONLY at the wider Vanquis Banking Group plc consolidated level - the Group's Pillar 3 Disclosure Policy states explicitly that disclosures 'cover the Group as a whole' with no separate Bank-only breakout (unlike some other banks in this workbook series, e.g. Clydesdale, where a dedicated Bank-level Pillar 3 appendix exists). On 31 December 2024 the Group's two principal trading entities were Vanquis Bank Limited (the Bank) and Moneybarn No.1 Limited (a non-bank vehicle finance lender) - so every Pillar 3 sheet in this workbook is on a basis that includes Moneybarn as well as the Bank, and is NOT directly comparable to the Bank-only Cash Flow Statement sheet. This is a structural limitation of what Vanquis publicly discloses, not a choice made in compiling this workbook.

The Company sold its Personal Loans portfolio in March 2025, presented as a discontinued operation under IFRS 5 in the FY2025 Annual Report - this is the main driver of FY2025's much lower operating cash flow (£19.6m) and investing outflow (net purchases of investment securities) versus FY2024 (Annual Report and Financial Statements, year ended 31 December 2025, Note 2) - https://www.vanquis.com/wp-content/uploads/2026/03/VBL-stats-2025-FINAL-Fully-Signed.pdf."
vida_financials_xlsx,VIDA FINANCIALS.xlsx,"Sources - all figures are Vida Bank Limited's own Company (non-consolidated) cash flow statement, £'000:
FY2025: Vida Bank Limited Annual Report and Accounts 2025 (Company), p.55 (Statement of Cash Flows) - https://www.vidabank.co.uk/media/pkmnxlqg/annual-report-and-accounts-2025-company.pdf
FY2024: Vida Bank Limited Annual Report and Accounts 2024 (Company), p.73 (Statement of Cash Flows) - https://www.vidabank.co.uk/media/emghy4z2/annual-report-and-accounts-2024-company.pdf
FY2023: taken from Vida Bank Limited's FY2024 Annual Report's own FY2023 comparative column (p.73, same document as above) - Belmont Green Finance Limited's own FY2023 Annual Report does not present a comparable Company-basis statement (see ENTITY_NOTE/FY2022_GAP_NOTE).
FY2021: Belmont Green Finance Limited (Vida) Annual Report and Accounts 2021, p.150 (Company Statement of Cash Flows) - https://www.vidabank.co.uk/media/p3wau0ms/annual-report-and-accounts-2021.pdf

ENTITY NOTE: the company (FRN 738741, Companies House 09837692) was named 'Belmont Green Finance Limited' (trading as Vida / Vida Homeloans) through its FY2023 Annual Report, and was renamed 'Vida Bank Limited' after receiving its PRA banking licence on 19 November 2024. This workbook uses 'Vida Bank Limited' throughout since that is its current name. Pre-authorisation (FY2021-FY2023), the business was funded mainly through mortgage securitisation (numerous 'Tower Bridge Funding' special-purpose vehicles) rather than retail deposits; the FY2023 Annual Report's own commentary describes the business as still 'preparing for the banking licence'. Cash flow figures below are on the Company's own (non-consolidated/solo) basis in every populated year - this is the only basis for which a full three-part cash flow statement (operating/investing/financing) could be found in every report; the Consolidated (Group) statement of financial position was reported each year, but the FY2022 and FY2023 Annual Reports' own primary financial statements do not include a full Group cash flow statement, only a partial 'Net cash flow from operating activities' reconciliation note (Note 25) on the Group basis - see FY2022_GAP_NOTE below.

FY2022 is blank on this sheet: neither the FY2022 nor FY2023 Annual Report presents a full three-part Company cash flow statement for FY2022 (checked both directly - https://www.vidabank.co.uk/media/zhoj0swe/annual-report-and-accounts-2023.pdf - and via the FY2023 report's own prior-year comparative column, which is likewise not present.) The FY2023 Annual Report's Note 25 gives only a partial Group-basis operating reconciliation ending at 'Net cash flows from operating activities: £68,297k' for FY2022 - not on the same (Company) basis as every other populated year here and with no investing/financing breakdown at all, so it is not shown rather than presented as a misleadingly partial column."
weatherbys_financials_xlsx,WEATHERBYS FINANCIALS.xlsx,"Sources - Weatherbys Banking Group consolidated statement of cash flows, GBP'000: FY2025/FY2024: Annual Report and Financial Accounts 2025, p.64 - https://www.weatherbys.bank/weatherbys-banking-group-annual-report-2025/; FY2024/FY2023: Annual Report & Accounts 2024, p.45 - https://www.weatherbys.bank/app/uploads/2025/04/Weatherbys-Banking-Group-Annual-Report-2024.pdf; FY2023/FY2022: Annual Report & Accounts 2023, p.50 - https://www.weatherbys.bank/app/uploads/2024/05/Weatherbys-Banking-Group-Annual-Report-2023.pdf; FY2022/FY2021: Annual Report & Accounts 2022, p.46 - https://www.weatherbys.bank/app/uploads/2023/05/Weatherbys-Banking-Group-Annual_Report-2022.pdf.

Entity verification: Weatherbys Bank Limited, Companies House 02943300, FRN 204571, LEI 549300OF84KDPIFN4M17; the supplied Banks List 2608.xlsx, the Weatherbys corporate-information page, the PRA register, and Companies House identify the same legal bank. The workbook uses Weatherbys Banking Group's consolidated cash-flow statement because that is the audited cash-flow presentation in the annual reports. The official Pillar 3 disclosures are consolidated Group/Solo disclosures: the documents state that the solo-consolidated group includes Weatherbys Bank Limited and its subsidiaries and that there are no differences between accounting and prudential consolidation for the Group. Group figures are therefore used only where the source explicitly labels them Group and Solo; unrelated wider-group figures are not substituted. Amounts are GBP'000 unless stated otherwise. The 2024 statement labels the financing section's subtotal as investing activities, but its placement and figures are the financing cash flows; the source presentation is retained with a corrected descriptive label."
zempler_financials_xlsx,ZEMPLER FINANCIALS.xlsx,"Sources - all figures are Zempler Bank Limited's own (Company-only) cash flow statement, £'000:
FY2026: Zempler Bank Annual Report 2026, p.65-67 (Cash Flow Statement) - https://www.zemplerbank.com/media/yqkhclip/annual-report-2026-final.pdf
FY2025: Zempler Bank Annual Report 2025, p.64-66 (Cash Flow Statement) - https://www.zemplerbank.com/media/5qxdezfu/annual-report-2025-final.pdf
FY2024 (restated): Zempler Bank Annual Report 2025, p.64-66 (Cash Flow Statement, restated comparative column) - https://www.zemplerbank.com/media/5qxdezfu/annual-report-2025-final.pdf - the restatement (see Note 38 in that report) reclassified some operating-section line items but did NOT change the operating/investing/financing TOTALS, which are identical to the originally-reported FY2024 figures.
FY2023: Annual Report and Financial Statements (Cashplus Bank / Advanced Payment Solutions Limited) for the year ended 31 March 2023, p.56 (Cash Flow Statement) - https://www.zemplerbank.com/media/x5sbu2bc/annual-report-2023-010923.pdf
FY2022 (restated to Company-only basis): Annual Report and Financial Statements for the year ended 31 March 2023, p.56 (Cash Flow Statement, comparative column) - https://www.zemplerbank.com/media/x5sbu2bc/annual-report-2023-010923.pdf
Blank cells indicate that year's report did not disclose that specific line item (e.g. prepayments/accrued income was only split out from FY2024 onward; tangible and intangible asset purchases were combined through FY2023 and split from FY2024). Section totals and cash/cash equivalents figures chain exactly year-to-year (each year's closing balance equals the next year's opening balance) across all 5 years.

ENTITY NOTE: Zempler Bank Limited (FRN 671140, company number 04947027) is a UK-domestic challenger bank - not a foreign subsidiary, so there was no reason to expect (and none was found) the FRS 101/102 cash-flow-statement exemption that blocked ICICI/PNBE/Citibank UK/State Bank of India UK. The company traded as 'Cashplus Bank' under the legal name 'Advanced Payment Solutions Limited' through the FY2023 annual report; it was renamed 'Zempler Bank Limited' in July 2024 (FY2024/FY2025/FY2026 reports use the new name). Same company number throughout - this is a rename, not a different entity. FY2023's own annual report also notes that 'the Group no longer exists as at 31 March 2023' (a prior group restructuring), so the cash flow statement is presented on a Company-only basis for FY2023 and its FY2022 comparative, which this workbook uses for both years - there is no consolidated/Group-basis alternative available for FY2022-FY2023.

DATA QUALITY NOTE - two apparent arithmetic errors were found in Zempler's own published, audited annual reports and are flagged here rather than silently smoothed over: (1) FY2025's own operating-activities line items (as printed) sum to £75,870k, not the £75,570k the source states as 'Net cash flow generated from operating activities' - a £300k gap in one of the individual components. The £75,570k TOTAL is used here (not the £75,870k component sum) because it is independently corroborated: operating + investing + financing (75,570 - 92,016 - 491) ties exactly to the source's own stated 'Net (decrease)/increase in cash and cash equivalent' of -£16,937k. The individual FY2025 operating line items are transcribed exactly as printed in the source (https://www.zemplerbank.com/media/5qxdezfu/annual-report-2025-final.pdf, p.64-66) despite this discrepancy. (2) FY2026's financing activities: the source prints 'Proceeds from issue of ordinary shares' £1,232k and 'Interest paid' (£492k), which sum to +£740k, but the source's own 'Net cash used in financing activities' subtotal is printed as (£740k) - the opposite sign. +£740k is used here (not the printed -£740k) because it is the only figure consistent with both its own two components (1,232-492=740) and the overall cash bridge (80,642 operating - 53,638 investing + 740 = 27,744, matching the source's own stated net increase in cash exactly) - https://www.zemplerbank.com/media/yqkhclip/annual-report-2026-final.pdf, p.65-67."
zenith_financials_xlsx,ZENITH FINANCIALS.xlsx,"Sources - all figures are Zenith Bank (UK) Limited's own Statement of Cash Flows (converted from USD to £, see FX conversion note below):
FY2024: Annual Report and Financial Statements 2024, p.44-45 (Statement of Cash Flows) - https://www.zenith-bank.co.uk/media/2273/2024-annual-report-and-financial-statements.pdf
FY2023: Annual Report and Financial Statements 2023, p.36 (Statement of Cash Flows) - https://www.zenith-bank.co.uk/media/2253/2023-annual-report-and-financial-statements.pdf
FY2022: Annual Report and Financial Statements 2022, p.34 (Statement of Cash Flows) - https://www.zenith-bank.co.uk/media/2237/2022-annual-report-and-financial-statements.pdf
FY2021: Annual Report and Financial Statements 2021, p.32 (Statement of Cash Flows) - https://www.zenith-bank.co.uk/media/2205/2021-annual-report-and-financial-statements.pdf
FY2025 cash flow is blank: no FY2025 Annual Report has been published yet (only the FY2025 Pillar 3 disclosure is out so far) - Pillar 3 sheets are fully populated for FY2025.
Note: FY2021's own report presents operating cash flow more simply than later years - net interest is not separately reversed out of profit and re-added on a cash basis (no 'Interest income'/'Interest expense' adjustment lines, no 'Interest income received'/'Interest expense paid' cash lines); FY2022 onward introduced this more granular presentation. Blank cells for FY2021 on those rows reflect this, not missing data.
Activity-total rows may be off by up to £0.2k from summing the visible line items above them, since each £ line is independently rounded to 1 decimal place before summing; the full statement ties exactly end-to-end via the net change, opening balance, exchange-rate-effect and translation-effect lines (verified to the penny in £'000 terms for all 4 populated years).

ENTITY NOTE: Zenith Bank (UK) Limited (FRN 451720) is a UK subsidiary of Zenith Bank Plc (Nigeria). Unlike several other foreign-subsidiary banks in this workbook series (ICICI Bank UK, Philippine National Bank Europe, Citibank UK, State Bank of India UK), it prepares full financial statements under UK-adopted International Accounting Standards (not FRS 101/102 reduced disclosure), including a genuine Statement of Cash Flows every year - no cash-flow exemption applies. The Bank's own capital structure is CET1-only (no AT1 or Tier 2 instruments), so CET1 capital = Tier 1 capital = Total capital in every year shown.

FX CONVERSION NOTE: Zenith Bank (UK) Limited reports in US Dollars. This workbook converts every $ amount to £ for consistency with the rest of this series, following the same methodology established for SMBC Bank International plc: point-in-time/balance figures (capital, RWA, leverage exposure, HQLA, cash balances) use the Bank of England GBP/USD SPOT rate as at that fiscal year-end (31 December); flow figures (every cash flow statement line item) use the AVERAGE of Bank of England rates over that calendar year - both via poundsterlinglive.com's published Bank of England archive. Rates used (£1 = $X): 31 Dec 2020 spot 1.3661 (FY2021 opening cash only); FY2021 spot 1.3521 / average 1.3752; FY2022 spot 1.2097 / average 1.2362; FY2023 spot 1.2732 / average 1.2439; FY2024 spot 1.2515 / average 1.2782; FY2025 spot 1.3448 / average 1.3193. All % ratios (CET1/Tier 1/Total Capital/Leverage/LCR/NSFR ratios) are shown EXACTLY as reported in USD and were NOT converted - a ratio is dimensionless and currency-invariant. Because stocks and flows are converted at different rates, the cash flow statement includes an explicit 'Effect of GBP/USD translation' reconciling line so opening + all flows + this line = closing exactly in £ terms - this line is purely an artefact of £ translation and has no bearing on the Bank's underlying USD results. This conversion was not explicitly requested for this bank (unlike SMBC) - applied for consistency with the rest of the series; flag if £'000 rather than the Bank's native US$'000 presentation is not what's wanted here.

RESTATEMENT NOTE: FY2023's own Annual Report cash flow figures (used for FY2023's column here) differ slightly from the 'restated' FY2023 comparative shown in the FY2024 Annual Report (e.g. operating activities $(344,220,013) as originally reported vs $(346,336,139) restated) - both report the same $276,069,567 closing balance, so the restatement is a reclassification between line items, not a change to overall cash movement. FY2023's own as-originally-reported figures are used throughout, consistent with this project's convention of preferring each year's own report over a later restated comparative."
zopa_financials_xlsx,ZOPA FINANCIALS.xlsx,"Sources - all figures are Zopa Bank Limited's own Statement of cash flows, £'000:
FY2025 & FY2024: Zopa Bank Limited Annual Report and Accounts 2025, p.101 (Statement of cash flows) - https://www.datocms-assets.com/23873/1773841899-zopa_bank_ar25_web.pdf
FY2023: Zopa Bank Limited Annual Report and Accounts 2023, p.114 (Statement of cash flows) - https://www.datocms-assets.com/23873/1713257733-zopa-group-2023-annual-report-signed_web-version.pdf (cross-checked against its comparative appearance in the 2024 Annual Report, p.111 - https://www.datocms-assets.com/23873/1747055131-zopa-bank-2024-annual-report-signed-web-based.pdf - matched exactly)
FY2022: Zopa Bank Limited Annual Report and Accounts 2022, p.95 (Statement of cash flows) - https://www.datocms-assets.com/23873/1694796852-zopa-bank-annual-report-2022-web.pdf (cross-checked against its comparative appearance in the 2023 Annual Report, p.114 - matched exactly)
FY2021: Zopa Bank Limited Annual Report and Accounts 2021, p.69 (Statement of cash flows) - https://www.datocms-assets.com/23873/1658745948-zopa-bank-annual-report-2021.pdf (cross-checked against its comparative appearance in the 2022 Annual Report, p.95 - matched exactly)
Note: the 2021 Annual Report states 'the statement of cash flows has been represented' vs. its own prior-year presentation (details in that report's note 1.9) - not a concern for the FY2021-FY2025 figures shown here, which are all on a mutually consistent, cross-checked basis.

ENTITY NOTE: Zopa Bank Limited (FRN 800542, Companies House 10627575) is the PRA-authorised entity. It sits beneath a group holding company (Zopa Group Limited, later re-registered Zopa Group PLC) whose own separate consolidated accounts and Pillar 3 disclosures also exist - this workbook uses Zopa Bank Limited's own entity-level figures throughout (its own 'Statement of cash flows' in its own Annual Report and Accounts, and the dedicated 'Section 4: Disclosures for Zopa Bank Limited' within each year's Pillar 3 report, not the wider Group-level Section 3), consistent with the ring-fenced/individual-entity basis used elsewhere in this workbook series. Pillar 3 capital figures differ slightly from the Bank's own Annual Report & Accounts because they include audited profit and the full amount of Tier 2 capital (stated explicitly in each Pillar 3 report)."
